INSERT INTO "_migrations" ("version", "name", "applied_at") VALUES (1, '001_initial_schema.sql', '2026-01-17T04:04:23.538Z');
INSERT INTO "MenuItem" ("id", "name", "image_url", "price", "sort_order", "created_at", "updated_at") VALUES ('634d4ad0-7bbc-4d6e-8571-5aa2ebd1a57b', 'Espresso', NULL, 4000, 0, 1768462095081, NULL);
INSERT INTO "MenuItem" ("id", "name", "image_url", "price", "sort_order", "created_at", "updated_at") VALUES ('5f8bd1a4-bccb-4d15-89a5-d808e74927a3', 'Americano', NULL, 4000, 0, 1768462114163, NULL);
INSERT INTO "MenuItem" ("id", "name", "image_url", "price", "sort_order", "created_at", "updated_at") VALUES ('1f69823d-0d32-4665-8c5e-cd4307fff4f0', 'ក្អមកាហ្វេ', NULL, 4500, 0, 1768462139045, NULL);
INSERT INTO "MenuItem" ("id", "name", "image_url", "price", "sort_order", "created_at", "updated_at") VALUES ('17de86ff-b0f2-411c-bdac-515c7d797316', 'ក្អមកាហ្វេ Plus', NULL, 6500, 0, 1768462168265, NULL);
INSERT INTO "MenuItem" ("id", "name", "image_url", "price", "sort_order", "created_at", "updated_at") VALUES ('b1c9d49f-e7c9-4d56-b693-b2e0a39cfb24', 'ក្អមកាហ្វេឌុប', NULL, 9000, 0, 1768462191214, NULL);
INSERT INTO "MenuItem" ("id", "name", "image_url", "price", "sort_order", "created_at", "updated_at") VALUES ('4f670355-c659-4523-83ef-43ee8084e651', 'Cafe Latte', NULL, 5000, 0, 1768462214161, NULL);
INSERT INTO "MenuItem" ("id", "name", "image_url", "price", "sort_order", "created_at", "updated_at") VALUES ('dc21ef49-1385-4672-b2f5-0dbce6a91c0b', 'Cappuccino', NULL, 5000, 0, 1768462231646, NULL);
INSERT INTO "MenuItem" ("id", "name", "image_url", "price", "sort_order", "created_at", "updated_at") VALUES ('4e9e9270-588f-40a4-bf44-24f3c836685f', 'Cafe Mocha', NULL, 5000, 0, 1768462260345, NULL);
INSERT INTO "MenuItem" ("id", "name", "image_url", "price", "sort_order", "created_at", "updated_at") VALUES ('1a800221-1e86-4ed3-9c41-f7510f771e69', 'ក្អមកាហ្វេខ្ទិះ', NULL, 5500, 0, 1768462283945, NULL);
INSERT INTO "MenuItem" ("id", "name", "image_url", "price", "sort_order", "created_at", "updated_at") VALUES ('211de09d-8f29-4325-8657-52bd56f033c0', 'Matcha ក្ដៅ', NULL, 5500, 0, 1768462344910, NULL);
INSERT INTO "MenuItem" ("id", "name", "image_url", "price", "sort_order", "created_at", "updated_at") VALUES ('b0683c48-5dd5-4c7e-968b-8d879417c92c', 'កាហ្វេទឹកកក', NULL, 2500, 0, 1768462696159, NULL);
INSERT INTO "MenuItem" ("id", "name", "image_url", "price", "sort_order", "created_at", "updated_at") VALUES ('7f4998a7-51b9-4233-8570-d5252f70383c', 'កាហ្វេទឹកដោះគោ', NULL, 3000, 0, 1768462737891, NULL);
INSERT INTO "MenuItem" ("id", "name", "image_url", "price", "sort_order", "created_at", "updated_at") VALUES ('83826401-f891-45ec-801c-2c9499d195de', 'Matcha Latte', NULL, 5500, 0, 1768462787372, NULL);
INSERT INTO "MenuItem" ("id", "name", "image_url", "price", "sort_order", "created_at", "updated_at") VALUES ('07b695d9-a7f8-45e7-943a-c4e64ed50fb9', 'តែបៃតងទឹកដោះគោ', NULL, 3000, 0, 1768462811240, NULL);
INSERT INTO "MenuItem" ("id", "name", "image_url", "price", "sort_order", "created_at", "updated_at") VALUES ('57d8fa78-e098-430d-afc6-a4ae411691c6', 'តែក្រហមទឹកដោះគោ', NULL, 3000, 0, 1768462836189, NULL);
INSERT INTO "MenuItem" ("id", "name", "image_url", "price", "sort_order", "created_at", "updated_at") VALUES ('93d8b8bf-475f-4382-8712-0701f2398f3a', 'តែខ្មៅទឹកដោះគោ', NULL, 3500, 0, 1768462861229, NULL);
INSERT INTO "MenuItem" ("id", "name", "image_url", "price", "sort_order", "created_at", "updated_at") VALUES ('4a17ba41-afde-4b89-818c-a8c45d11febd', 'តែម្លិះទឹកដោះគោ', NULL, 3000, 0, 1768462892462, NULL);
INSERT INTO "MenuItem" ("id", "name", "image_url", "price", "sort_order", "created_at", "updated_at") VALUES ('051fc2be-e75a-49b7-9ae4-f16fe2107722', 'សេរ៉ូទឹកដោះគោ', NULL, 3000, 0, 1768462912572, NULL);
INSERT INTO "MenuItem" ("id", "name", "image_url", "price", "sort_order", "created_at", "updated_at") VALUES ('fe34cfb5-113a-4443-8e02-f40527200a32', 'អូវ៉ាន់ទីន', NULL, 3000, 0, 1768462936789, NULL);
INSERT INTO "MenuItem" ("id", "name", "image_url", "price", "sort_order", "created_at", "updated_at") VALUES ('cb2b64ed-79bc-4cd0-80a6-c42101882ed0', 'សូកូឡា', NULL, 3000, 0, 1768462957155, NULL);
INSERT INTO "MenuItem" ("id", "name", "image_url", "price", "sort_order", "created_at", "updated_at") VALUES ('f3c4835b-7100-445a-84ee-7cc4df69eb9c', 'ទឹកដោះគោស្រស់', NULL, 3500, 0, 1768462999172, NULL);
INSERT INTO "MenuItem" ("id", "name", "image_url", "price", "sort_order", "created_at", "updated_at") VALUES ('ff9fd796-2c00-4a68-9dca-473516b2db89', 'ទឹកដោះគោខាប់', NULL, 3000, 0, 1768463042420, NULL);
INSERT INTO "MenuItem" ("id", "name", "image_url", "price", "sort_order", "created_at", "updated_at") VALUES ('8c5530c0-a023-4930-8627-555a616a1b9a', 'ផាសិនទឹកដោះគោ', NULL, 3500, 0, 1768463072836, NULL);
INSERT INTO "MenuItem" ("id", "name", "image_url", "price", "sort_order", "created_at", "updated_at") VALUES ('80fd3c8f-afdc-4381-8384-377bda132154', 'ផាសិនសូដា', NULL, 3500, 0, 1768463092203, NULL);
INSERT INTO "MenuItem" ("id", "name", "image_url", "price", "sort_order", "created_at", "updated_at") VALUES ('4b8a69b5-aa91-4270-b157-cd3b54d1f4d9', 'សេរ៉ូក្រូចឆ្មារ', NULL, 3500, 0, 1768463131001, NULL);
INSERT INTO "MenuItem" ("id", "name", "image_url", "price", "sort_order", "created_at", "updated_at") VALUES ('9494d8c8-9e85-4bbb-810a-0b1802adac1f', 'តែបៃតងជ្រក់', NULL, 2500, 0, 1768463159519, NULL);
INSERT INTO "MenuItem" ("id", "name", "image_url", "price", "sort_order", "created_at", "updated_at") VALUES ('4ed47eb8-3ff3-4069-9c41-ab4029bfd529', 'តែក្រហមជ្រក់', NULL, 2500, 0, 1768463192035, NULL);
INSERT INTO "MenuItem" ("id", "name", "image_url", "price", "sort_order", "created_at", "updated_at") VALUES ('b6544f8f-8ce3-4fde-8fa6-d21980c1e2a4', 'តែម្លិះជ្រក់', NULL, 2500, 0, 1768463213801, NULL);
INSERT INTO "MenuItem" ("id", "name", "image_url", "price", "sort_order", "created_at", "updated_at") VALUES ('7182a19b-cf72-4252-8ef0-acf42566f898', 'តែទឹកឃ្មុំ', NULL, 3500, 0, 1768463247584, NULL);
INSERT INTO "MenuItem" ("id", "name", "image_url", "price", "sort_order", "created_at", "updated_at") VALUES ('1f275ef8-afaf-42c7-a768-bf79074896db', 'តែក្រូចលឿង', NULL, 4000, 0, 1768463265183, NULL);
INSERT INTO "MenuItem" ("id", "name", "image_url", "price", "sort_order", "created_at", "updated_at") VALUES ('aedc5f7c-a3d0-41f7-8026-8c355dcd0988', 'កាហ្វេទឹកកកដូងក្រអូប', NULL, 4000, 0, 1768463332799, NULL);
INSERT INTO "MenuItem" ("id", "name", "image_url", "price", "sort_order", "created_at", "updated_at") VALUES ('8105bb5b-b80d-495e-a4a8-01958f18694c', 'កាហ្វេទឹកដោះគោដូងក្រអូប', NULL, 4500, 0, 1768463369233, NULL);
INSERT INTO "MenuItem" ("id", "name", "image_url", "price", "sort_order", "created_at", "updated_at") VALUES ('02acdb0a-a787-4bb9-9f25-1a7286fb773a', 'តែបៃតងដូងក្រអូប', NULL, 4500, 0, 1768463403649, NULL);
INSERT INTO "MenuItem" ("id", "name", "image_url", "price", "sort_order", "created_at", "updated_at") VALUES ('147073c0-75c6-42f7-b533-b8b620e4f921', 'តែក្រហមដូងក្រអូប', NULL, 4500, 0, 1768463425815, NULL);
INSERT INTO "MenuItem" ("id", "name", "image_url", "price", "sort_order", "created_at", "updated_at") VALUES ('259b0ab5-5773-4e5d-94ac-9477ea12dd0c', 'ទឹកដោះគោដូងក្រអូប', NULL, 4500, 0, 1768463464548, NULL);
INSERT INTO "MenuItem" ("id", "name", "image_url", "price", "sort_order", "created_at", "updated_at") VALUES ('2d73181d-1163-4ed1-bc85-8035147e7b3d', 'អូវ៉ាន់ទីនដូងក្រអូប', NULL, 4500, 0, 1768463485014, NULL);
INSERT INTO "MenuItem" ("id", "name", "image_url", "price", "sort_order", "created_at", "updated_at") VALUES ('2417b791-dbdb-4368-b88d-aaeda50a6919', 'សូកូឡាដូងក្រអូប', NULL, 4500, 0, 1768463510546, NULL);
INSERT INTO "MenuItem" ("id", "name", "image_url", "price", "sort_order", "created_at", "updated_at") VALUES ('98c630c7-6910-44b1-b9cf-316681b799d4', 'សេរ៉ូទឺកដោះគោដូងក្រអូប', NULL, 4500, 0, 1768463545764, NULL);
INSERT INTO "MenuItem" ("id", "name", "image_url", "price", "sort_order", "created_at", "updated_at") VALUES ('a88b6bdc-1f1d-4e21-89e2-ca6b63228426', 'តែខ្មៅដូងក្រអូប', NULL, 5000, 0, 1768463574064, NULL);
INSERT INTO "MenuItem" ("id", "name", "image_url", "price", "sort_order", "created_at", "updated_at") VALUES ('d38fd948-4b9e-41c6-b7c9-d3961cb1c29c', 'ទឹកដោះគោស្រស់ដូងក្រអូប', NULL, 5000, 0, 1768463606963, NULL);
INSERT INTO "MenuItem" ("id", "name", "image_url", "price", "sort_order", "created_at", "updated_at") VALUES ('268d530c-89ed-4950-b07b-45be1478bd38', 'ក្អមកាហ្វេដូងក្រអូប', NULL, 6500, 0, 1768463662096, NULL);
INSERT INTO "MenuItem" ("id", "name", "image_url", "price", "sort_order", "created_at", "updated_at") VALUES ('b7edd196-35e2-4f10-9d24-0bb5fd52b4fa', 'Matcha ដូងក្រអូប', NULL, 7500, 0, 1768463682145, NULL);
INSERT INTO "MenuItem" ("id", "name", "image_url", "price", "sort_order", "created_at", "updated_at") VALUES ('2c488e89-70c0-4f86-bd99-9bc5107fae70', 'ក្អមគុជត្នោត', NULL, 5000, 0, 1768463782292, NULL);
INSERT INTO "MenuItem" ("id", "name", "image_url", "price", "sort_order", "created_at", "updated_at") VALUES ('267fd07d-793c-48c2-9bc8-090031bdbb82', 'តែបៃតងគុជត្នោត', NULL, 5000, 0, 1768464094428, NULL);
INSERT INTO "MenuItem" ("id", "name", "image_url", "price", "sort_order", "created_at", "updated_at") VALUES ('5b7658d0-0aca-4405-ac86-842a28828e38', 'តែក្រហមគុជត្នោត', NULL, 5000, 0, 1768464114376, NULL);
INSERT INTO "MenuItem" ("id", "name", "image_url", "price", "sort_order", "created_at", "updated_at") VALUES ('8e91caca-452c-4ff0-b70b-af84dc9d9bc8', 'តែម្លិះគុជត្នោត', NULL, 5000, 0, 1768464154977, NULL);
INSERT INTO "MenuItem" ("id", "name", "image_url", "price", "sort_order", "created_at", "updated_at") VALUES ('e6a53781-f58d-4776-bb09-e437b437ddee', 'តែខ្មៅគុជត្នោត', NULL, 5000, 0, 1768464174811, NULL);
INSERT INTO "MenuItem" ("id", "name", "image_url", "price", "sort_order", "created_at", "updated_at") VALUES ('a719dc7e-c97a-4670-8a28-0d399242cfc1', 'កាហ្វេគុជត្នោត', NULL, 5500, 0, 1768464230760, NULL);
INSERT INTO "MenuItem" ("id", "name", "image_url", "price", "sort_order", "created_at", "updated_at") VALUES ('ecbb4a92-66bf-473b-9957-38702b5a3899', 'Match គុជត្នោត', NULL, 5500, 0, 1768464274561, NULL);
INSERT INTO "MenuItem" ("id", "name", "image_url", "price", "sort_order", "created_at", "updated_at") VALUES ('cc4b5816-f988-4829-848a-6e15e6fd0b21', 'Chocolate គុជត្នោត', NULL, 5000, 0, 1768464300009, NULL);
INSERT INTO "MenuItem" ("id", "name", "image_url", "price", "sort_order", "created_at", "updated_at") VALUES ('aeaebb6d-054f-45b8-a45c-4af4708156a6', 'អូវ៉ាន់ទីនគុជត្នោត', NULL, 5000, 0, 1768464317141, NULL);
INSERT INTO "MenuItem" ("id", "name", "image_url", "price", "sort_order", "created_at", "updated_at") VALUES ('c7f49cbb-2339-44f0-853d-904c7d019450', 'Match គ្រីម', NULL, 7500, 0, 1768464394375, NULL);
INSERT INTO "MenuItem" ("id", "name", "image_url", "price", "sort_order", "created_at", "updated_at") VALUES ('2dda51cb-3259-4c9a-a3a4-5243824e8374', 'ផាសិនគ្រីម', NULL, 5500, 0, 1768464419207, NULL);
INSERT INTO "MenuItem" ("id", "name", "image_url", "price", "sort_order", "created_at", "updated_at") VALUES ('e528cc14-19e8-4ecc-8a3a-a905eaad199a', 'កាហ្វេទឺកដោះគោគ្រីម', NULL, 5000, 0, 1768464444990, NULL);
INSERT INTO "MenuItem" ("id", "name", "image_url", "price", "sort_order", "created_at", "updated_at") VALUES ('83c0bf4d-95f4-4a03-b2fa-9b5216ed7799', 'ក្អមកាហ្វេគ្រីម', NULL, 6500, 0, 1768464463757, NULL);
INSERT INTO "MenuItem" ("id", "name", "image_url", "price", "sort_order", "created_at", "updated_at") VALUES ('0a8a8ef4-b835-4fee-ad3f-fcbf5f6dc99e', 'អាមេរិកាណូគ្រីម', NULL, 6000, 0, 1768464510522, NULL);
INSERT INTO "MenuItem" ("id", "name", "image_url", "price", "sort_order", "created_at", "updated_at") VALUES ('f2e62d9c-e3d6-4b70-b0b8-55c17ca66dbf', 'Cafe Latte គ្រីម', NULL, 7000, 0, 1768464530940, NULL);
INSERT INTO "MenuItem" ("id", "name", "image_url", "price", "sort_order", "created_at", "updated_at") VALUES ('2d33a0b4-bd1e-4fa6-bab6-10f39b0e462c', 'តែបៃតងគ្រីម', NULL, 5000, 0, 1768464554172, NULL);
INSERT INTO "MenuItem" ("id", "name", "image_url", "price", "sort_order", "created_at", "updated_at") VALUES ('8a002719-ca75-4f8b-9721-658956ccf94d', 'តែក្រហមគ្រីម', NULL, 5000, 0, 1768464571140, NULL);
INSERT INTO "MenuItem" ("id", "name", "image_url", "price", "sort_order", "created_at", "updated_at") VALUES ('beaa54e8-6fa0-4247-9298-172d4af59e12', 'តែខ្មៅគ្រីម', NULL, 5000, 0, 1768464588789, NULL);
INSERT INTO "MenuItem" ("id", "name", "image_url", "price", "sort_order", "created_at", "updated_at") VALUES ('819ee34e-a8e9-497b-96da-d1e3b07394de', 'តែតៃវ៉ាន់គ្រីម', NULL, 5500, 0, 1768464611621, NULL);
INSERT INTO "MenuItem" ("id", "name", "image_url", "price", "sort_order", "created_at", "updated_at") VALUES ('dc797998-b47a-4ac8-9a86-dd23717676b2', 'តែម្លិះគ្រីម', NULL, 5500, 0, 1768464638570, NULL);
INSERT INTO "MenuItem" ("id", "name", "image_url", "price", "sort_order", "created_at", "updated_at") VALUES ('9a3de1e3-3314-44d6-8a6a-5ba3a0a42bd1', 'តែម្លិះទឹកដោះគោគ្រីម', NULL, 5000, 0, 1768464662388, NULL);
INSERT INTO "MenuItem" ("id", "name", "image_url", "price", "sort_order", "created_at", "updated_at") VALUES ('6085161c-7315-4c17-8db0-083f8eb29427', 'សូកូឡាគ្រីម', NULL, 5000, 0, 1768464683404, NULL);
INSERT INTO "MenuItem" ("id", "name", "image_url", "price", "sort_order", "created_at", "updated_at") VALUES ('3dd49ad3-60c1-4fba-9abe-f272d4dd92c8', 'អូវ៉ាន់ទីនគ្រីម', NULL, 5000, 0, 1768464698988, NULL);
INSERT INTO "MenuItem" ("id", "name", "image_url", "price", "sort_order", "created_at", "updated_at") VALUES ('4f150684-2d4c-4d72-b49b-0725f44ff2cd', 'Match គ្រីម', NULL, 7500, 0, 1768464792369, NULL);
INSERT INTO "MenuItem" ("id", "name", "image_url", "price", "sort_order", "created_at", "updated_at") VALUES ('09536f59-6a77-409b-a17a-3250465cca09', 'ផាសិនគ្រីម', NULL, 5500, 0, 1768464839017, NULL);
INSERT INTO "MenuItem" ("id", "name", "image_url", "price", "sort_order", "created_at", "updated_at") VALUES ('1e620281-f310-45c1-870c-c200beacba35', 'កាហ្វេទឹកដោះគោគ្រីម', NULL, 5000, 0, 1768464868968, NULL);
INSERT INTO "MenuItem" ("id", "name", "image_url", "price", "sort_order", "created_at", "updated_at") VALUES ('9bb855b3-f6d1-4945-ba86-2ab81342d88b', 'ក្អមកាហ្វេគ្រីម', NULL, 6500, 0, 1768464888918, NULL);
INSERT INTO "MenuItem" ("id", "name", "image_url", "price", "sort_order", "created_at", "updated_at") VALUES ('126acab8-a3a8-4abe-b2fa-80de5a7961f7', 'អាមេរិកាណូគ្រីម', NULL, 6000, 0, 1768464923052, NULL);
INSERT INTO "MenuItem" ("id", "name", "image_url", "price", "sort_order", "created_at", "updated_at") VALUES ('9dcd9e58-f438-42c6-9009-1209fe7d6e01', 'Cafe Latte គ្រីម', NULL, 7000, 0, 1768464947484, NULL);
INSERT INTO "MenuItem" ("id", "name", "image_url", "price", "sort_order", "created_at", "updated_at") VALUES ('ac2483c0-1a3f-4862-bbdf-f41aa27cce93', 'តែបៃតងគ្រីម', NULL, 5000, 0, 1768464964350, NULL);
INSERT INTO "MenuItem" ("id", "name", "image_url", "price", "sort_order", "created_at", "updated_at") VALUES ('7f66a7b6-0f0d-4c50-afed-370d16b639b2', 'តែក្រហមគ្រីម', NULL, 5000, 0, 1768464986768, NULL);
INSERT INTO "MenuItem" ("id", "name", "image_url", "price", "sort_order", "created_at", "updated_at") VALUES ('6857969a-c64f-4710-a478-a16695034b15', 'តែខ្មៅគ្រីម', NULL, 5000, 0, 1768465020851, NULL);
INSERT INTO "MenuItem" ("id", "name", "image_url", "price", "sort_order", "created_at", "updated_at") VALUES ('209a86c3-6553-409a-b958-0b39094eb7ae', 'តែតៃវ៉ាន់គ្រីម', NULL, 5500, 0, 1768465043983, NULL);
INSERT INTO "MenuItem" ("id", "name", "image_url", "price", "sort_order", "created_at", "updated_at") VALUES ('4f875fb8-3fbb-4b4d-b6d6-c0f1c904d4d1', 'តែម្លិះគ្រីម', NULL, 5500, 0, 1768465066315, NULL);
INSERT INTO "MenuItem" ("id", "name", "image_url", "price", "sort_order", "created_at", "updated_at") VALUES ('b31cf11f-519d-4f6c-a7fb-075808a16ef8', 'តែម្លិះទឹកដោះគោគ្រីម', NULL, 5000, 0, 1768465093766, NULL);
INSERT INTO "MenuItem" ("id", "name", "image_url", "price", "sort_order", "created_at", "updated_at") VALUES ('a6014894-79c3-496d-a39c-8fffcd93b3d5', 'សូកូឡាគ្រីម', NULL, 5000, 0, 1768465130816, NULL);
INSERT INTO "MenuItem" ("id", "name", "image_url", "price", "sort_order", "created_at", "updated_at") VALUES ('c0acb9a0-ed2d-4fa7-b0c2-c4d078333ff6', 'អូវ៉ាន់ទីនគ្រីម', NULL, 5000, 0, 1768465147280, NULL);
INSERT INTO "MenuItem" ("id", "name", "image_url", "price", "sort_order", "created_at", "updated_at") VALUES ('d6a48c95-117c-49b0-943a-91b65315f057', 'តែម្លិះពងមាន់', NULL, 5500, 0, 1768465219448, NULL);
INSERT INTO "MenuItem" ("id", "name", "image_url", "price", "sort_order", "created_at", "updated_at") VALUES ('f4050374-7054-4c2c-8318-0ef402d69fea', 'តែបៃតងពងមាន់', NULL, 5500, 0, 1768465239748, NULL);
INSERT INTO "MenuItem" ("id", "name", "image_url", "price", "sort_order", "created_at", "updated_at") VALUES ('7a7ef6aa-6ede-4e0b-9422-b45c7f477ccf', 'តែក្រហមពងមាន់', NULL, 5500, 0, 1768465264879, NULL);
INSERT INTO "MenuItem" ("id", "name", "image_url", "price", "sort_order", "created_at", "updated_at") VALUES ('e24d61bf-4839-41b3-8ec9-232742c67637', 'តែខ្មៅពងមាន់', NULL, 5500, 0, 1768465291513, NULL);
INSERT INTO "MenuItem" ("id", "name", "image_url", "price", "sort_order", "created_at", "updated_at") VALUES ('2aa12dda-f410-4beb-96c8-bf7574531373', 'អូវ៉ាន់ទីនពងមាន់', NULL, 5500, 0, 1768465307362, NULL);
INSERT INTO "MenuItem" ("id", "name", "image_url", "price", "sort_order", "created_at", "updated_at") VALUES ('9c7b9c3e-f39c-430e-9fa1-0839cad43444', 'សេរ៉ូពងមាន់', NULL, 5500, 0, 1768465324646, NULL);
INSERT INTO "MenuItem" ("id", "name", "image_url", "price", "sort_order", "created_at", "updated_at") VALUES ('74252e35-bad7-4f15-b6b4-8ccafbcbcd5c', 'សូកូឡាពងមាន់', NULL, 5500, 0, 1768465337113, NULL);
INSERT INTO "MenuItem" ("id", "name", "image_url", "price", "sort_order", "created_at", "updated_at") VALUES ('62297b1d-a907-466c-a723-5ec913ea5913', 'ផាសិនពងមាន់', NULL, 5500, 0, 1768465353729, NULL);
INSERT INTO "MenuItem" ("id", "name", "image_url", "price", "sort_order", "created_at", "updated_at") VALUES ('51c8d30b-a55d-42d0-969c-a0457d88930d', 'កាហ្វឿងពងមាន់', NULL, 5500, 0, 1768465370914, NULL);
INSERT INTO "MenuItem" ("id", "name", "image_url", "price", "sort_order", "created_at", "updated_at") VALUES ('1d681383-6b92-4389-8c89-82db290a99c8', 'Americano ពងមាន់', NULL, 6000, 0, 1768465387677, NULL);
INSERT INTO "MenuItem" ("id", "name", "image_url", "price", "sort_order", "created_at", "updated_at") VALUES ('039acc72-000f-4f8d-b29a-506cf6812fb0', 'ទឹកដោះគោស្រស់ពងមាន់', NULL, 6000, 0, 1768465405028, NULL);
INSERT INTO "MenuItem" ("id", "name", "image_url", "price", "sort_order", "created_at", "updated_at") VALUES ('a85b0098-4ae8-45a8-949d-1c56dbaf6467', 'ទឹកដោះគោខាប់ពងមាន់', NULL, 6000, 0, 1768465434493, NULL);
INSERT INTO "MenuItem" ("id", "name", "image_url", "price", "sort_order", "created_at", "updated_at") VALUES ('4b947467-bcd9-47a9-8762-02eb87430aee', 'Matcha ពងមាន់', NULL, 6500, 0, 1768465448461, NULL);
INSERT INTO "MenuItem" ("id", "name", "image_url", "price", "sort_order", "created_at", "updated_at") VALUES ('be95e41f-1a14-488d-a85c-e4b3c1c5b4d7', 'ក្អមកាហ្វេពងមាន់', NULL, 6500, 0, 1768465463215, NULL);
INSERT INTO "MenuItem" ("id", "name", "image_url", "price", "sort_order", "created_at", "updated_at") VALUES ('5cfbb96f-7a6a-4fbf-afed-f7dcac27d461', 'កាហ្វេដូងក្រឡុក', NULL, 7500, 0, 1768465516993, NULL);
INSERT INTO "MenuItem" ("id", "name", "image_url", "price", "sort_order", "created_at", "updated_at") VALUES ('e6f225cf-6e31-496e-b0e8-6082db469766', 'Matcha ដូងក្រឡុក', NULL, 7500, 0, 1768465531676, NULL);
INSERT INTO "MenuItem" ("id", "name", "image_url", "price", "sort_order", "created_at", "updated_at") VALUES ('8afacb19-6f69-4636-8f46-744c7123b061', 'តែបៃតងដូងក្រឡុក', NULL, 6500, 0, 1768465546942, NULL);
INSERT INTO "MenuItem" ("id", "name", "image_url", "price", "sort_order", "created_at", "updated_at") VALUES ('bc3cddb6-e21d-4bbc-bbc9-e7f4a4e84695', 'តែក្រហមដូងក្រឡុក', NULL, 6500, 0, 1768465559325, NULL);
INSERT INTO "MenuItem" ("id", "name", "image_url", "price", "sort_order", "created_at", "updated_at") VALUES ('097fed1c-43e0-4162-8fea-ec85de691ee6', 'តែខ្មៅដូងក្រឡុក', NULL, 6500, 0, 1768465579458, NULL);
INSERT INTO "MenuItem" ("id", "name", "image_url", "price", "sort_order", "created_at", "updated_at") VALUES ('b0fdfa91-c448-4a20-824a-55acd9143f74', 'តែម្លិះដូងក្រឡុក', NULL, 6500, 0, 1768465600257, NULL);
INSERT INTO "MenuItem" ("id", "name", "image_url", "price", "sort_order", "created_at", "updated_at") VALUES ('e7dfdb64-91c7-49c5-8b89-2c8715388af6', 'សូកូឡាដូងក្រឡុក', NULL, 6500, 0, 1768465614975, NULL);
INSERT INTO "MenuItem" ("id", "name", "image_url", "price", "sort_order", "created_at", "updated_at") VALUES ('8eedcbc2-c902-42f6-be6d-2acac683f050', 'អូវ៉ាន់ទីនដូងក្រឡុក', NULL, 6500, 0, 1768465636241, NULL);
INSERT INTO "MenuItem" ("id", "name", "image_url", "price", "sort_order", "created_at", "updated_at") VALUES ('9487c4d3-da4e-4a16-a6fb-7f701f6f1ff0', 'យ៉ាអ៊ួក្រឡុក', NULL, 5500, 0, 1768465651141, NULL);
INSERT INTO "MenuItem" ("id", "name", "image_url", "price", "sort_order", "created_at", "updated_at") VALUES ('f70d3434-fd3d-4ee8-b9f5-fece935a0f95', 'ទឹកដោះគោស្រស់ក្រឡុក', NULL, 5500, 0, 1768465669040, NULL);
INSERT INTO "MenuItem" ("id", "name", "image_url", "price", "sort_order", "created_at", "updated_at") VALUES ('ae9fcaf6-525d-4c46-a4b0-fa65e14e243b', 'Strawberry ក្រឡុក', NULL, 7500, 0, 1768465693008, NULL);
INSERT INTO "MenuItem" ("id", "name", "image_url", "price", "sort_order", "created_at", "updated_at") VALUES ('9b9a2aeb-7abe-4c8c-b83f-f1d9e59494cc', 'ប័រក្រឡុក', NULL, 7000, 0, 1768465710607, NULL);
INSERT INTO "MenuItem" ("id", "name", "image_url", "price", "sort_order", "created_at", "updated_at") VALUES ('0d55d58a-a107-4285-a157-a20fd3896e4b', 'ចេកកក្រឡុក', NULL, 6500, 0, 1768465729255, NULL);
INSERT INTO "MenuItem" ("id", "name", "image_url", "price", "sort_order", "created_at", "updated_at") VALUES ('168b06f4-b6e1-4e5a-b8b6-9891e7bc83ed', 'ផាសិនក្រឡុក', NULL, 6000, 0, 1768465741912, NULL);
INSERT INTO "MenuItem" ("id", "name", "image_url", "price", "sort_order", "created_at", "updated_at") VALUES ('687f649b-b002-4832-ae21-cd547abf7412', 'ដូងក្រឡុក', NULL, 6000, 0, 1768465753538, NULL);
INSERT INTO "MenuItem" ("id", "name", "image_url", "price", "sort_order", "created_at", "updated_at") VALUES ('4a7a69fe-3a7d-4f68-826d-14f81dc0b558', 'ដំឡូងក្រឡុក', NULL, 5500, 0, 1768465768822, 1768465781039);
INSERT INTO "MenuItem" ("id", "name", "image_url", "price", "sort_order", "created_at", "updated_at") VALUES ('b5e88851-c92e-4522-8575-cdbb4fbbb8bd', 'តែខ្មៅទឹកដោះគោ', NULL, 3500, 0, 1768715345963, NULL);
INSERT INTO "MenuItem" ("id", "name", "image_url", "price", "sort_order", "created_at", "updated_at") VALUES ('49ddad14-02c9-4267-b789-3770a7f910d7', 'តែខ្មៅជ្រក់', NULL, 3000, 0, 1768715381656, NULL);
INSERT INTO "MenuCategory" ("id", "name", "image_url", "sort_order", "created_at") VALUES ('84a77398-39b4-4dd6-bc0b-d6bcf1a20333', 'ប្រភេទម៉ាស៊ីន', NULL, 0, 1768461596873);
INSERT INTO "MenuCategory" ("id", "name", "image_url", "sort_order", "created_at") VALUES ('2c78698b-771f-44bd-8c0e-d829a84f9e33', 'ប្រភេទធម្មតា', NULL, 1, 1768461606853);
INSERT INTO "MenuCategory" ("id", "name", "image_url", "sort_order", "created_at") VALUES ('573d3c4a-adbd-4138-973b-4744e57a09d1', 'ប្រភេទដូងក្រអូប', NULL, 2, 1768461616336);
INSERT INTO "MenuCategory" ("id", "name", "image_url", "sort_order", "created_at") VALUES ('07333057-5770-45a6-87b0-fbb48b694cc7', 'ប្រភេទគុជ', NULL, 3, 1768461623935);
INSERT INTO "MenuCategory" ("id", "name", "image_url", "sort_order", "created_at") VALUES ('eee3ba6f-e998-45a5-809a-b77f6c028ae0', 'ប្រភេទគ្រីមផ្អែម', NULL, 4, 1768461638769);
INSERT INTO "MenuCategory" ("id", "name", "image_url", "sort_order", "created_at") VALUES ('ab30e80d-f03e-4d32-9122-6f6774a56ed6', 'ប្រភេទគ្រីមប្រៃ', NULL, 5, 1768461648519);
INSERT INTO "MenuCategory" ("id", "name", "image_url", "sort_order", "created_at") VALUES ('9b63fd20-8546-4eb7-9f35-d5b9043b0803', 'ប្រភេទគ្រីមពងមាន់', NULL, 6, 1768461662518);
INSERT INTO "MenuCategory" ("id", "name", "image_url", "sort_order", "created_at") VALUES ('4c71472e-f6bb-4b80-b2c9-6ec7e61dcaf6', 'ប្រភេទក្រឡុក', NULL, 7, 1768461673385);
INSERT INTO "MenuCategory" ("id", "name", "image_url", "sort_order", "created_at") VALUES ('6debc41e-2141-4154-8834-a1ee6edf9e94', 'ផ្លែឈើក្រឡុក', NULL, 8, 1768461682671);
INSERT INTO "MenuItemCategoryMap" ("id", "menu_item_id", "menu_category_id") VALUES ('478776df-afe6-49cf-a0d2-227c3420fb8e', '634d4ad0-7bbc-4d6e-8571-5aa2ebd1a57b', '84a77398-39b4-4dd6-bc0b-d6bcf1a20333');
INSERT INTO "MenuItemCategoryMap" ("id", "menu_item_id", "menu_category_id") VALUES ('92ed9084-d796-4799-8b19-307fe5c5e1c5', '5f8bd1a4-bccb-4d15-89a5-d808e74927a3', '84a77398-39b4-4dd6-bc0b-d6bcf1a20333');
INSERT INTO "MenuItemCategoryMap" ("id", "menu_item_id", "menu_category_id") VALUES ('bc97cb94-a2cd-4cc7-879d-b7152ebb5311', '1f69823d-0d32-4665-8c5e-cd4307fff4f0', '84a77398-39b4-4dd6-bc0b-d6bcf1a20333');
INSERT INTO "MenuItemCategoryMap" ("id", "menu_item_id", "menu_category_id") VALUES ('f00f7e2a-6719-4356-b941-ff9d3134de33', '17de86ff-b0f2-411c-bdac-515c7d797316', '84a77398-39b4-4dd6-bc0b-d6bcf1a20333');
INSERT INTO "MenuItemCategoryMap" ("id", "menu_item_id", "menu_category_id") VALUES ('85d79d33-a14b-48c0-af2f-0246f027e7f7', 'b1c9d49f-e7c9-4d56-b693-b2e0a39cfb24', '84a77398-39b4-4dd6-bc0b-d6bcf1a20333');
INSERT INTO "MenuItemCategoryMap" ("id", "menu_item_id", "menu_category_id") VALUES ('08d924b0-141f-4184-b99f-d9e3c829cdc2', '4f670355-c659-4523-83ef-43ee8084e651', '84a77398-39b4-4dd6-bc0b-d6bcf1a20333');
INSERT INTO "MenuItemCategoryMap" ("id", "menu_item_id", "menu_category_id") VALUES ('c5d28a60-e339-4e89-a463-0cb417cd939c', 'dc21ef49-1385-4672-b2f5-0dbce6a91c0b', '84a77398-39b4-4dd6-bc0b-d6bcf1a20333');
INSERT INTO "MenuItemCategoryMap" ("id", "menu_item_id", "menu_category_id") VALUES ('80e031f8-8edf-4d34-ba56-cf2d5383feb2', '4e9e9270-588f-40a4-bf44-24f3c836685f', '84a77398-39b4-4dd6-bc0b-d6bcf1a20333');
INSERT INTO "MenuItemCategoryMap" ("id", "menu_item_id", "menu_category_id") VALUES ('d9768609-b259-4c79-9652-ab94982ffbed', '1a800221-1e86-4ed3-9c41-f7510f771e69', '84a77398-39b4-4dd6-bc0b-d6bcf1a20333');
INSERT INTO "MenuItemCategoryMap" ("id", "menu_item_id", "menu_category_id") VALUES ('10ad1a42-5a31-43a8-bc09-9c19038f1902', '211de09d-8f29-4325-8657-52bd56f033c0', '84a77398-39b4-4dd6-bc0b-d6bcf1a20333');
INSERT INTO "MenuItemCategoryMap" ("id", "menu_item_id", "menu_category_id") VALUES ('83204a56-94a2-409c-98b5-4fa2c6c2ef05', 'b0683c48-5dd5-4c7e-968b-8d879417c92c', '2c78698b-771f-44bd-8c0e-d829a84f9e33');
INSERT INTO "MenuItemCategoryMap" ("id", "menu_item_id", "menu_category_id") VALUES ('63956c8a-9b1a-48dc-b945-d696ffa60a2f', '7f4998a7-51b9-4233-8570-d5252f70383c', '2c78698b-771f-44bd-8c0e-d829a84f9e33');
INSERT INTO "MenuItemCategoryMap" ("id", "menu_item_id", "menu_category_id") VALUES ('628c2a79-4630-4c9d-aad5-91e315e41c06', '83826401-f891-45ec-801c-2c9499d195de', '2c78698b-771f-44bd-8c0e-d829a84f9e33');
INSERT INTO "MenuItemCategoryMap" ("id", "menu_item_id", "menu_category_id") VALUES ('95edc3ab-e464-436d-aa10-f41bc01869ed', '07b695d9-a7f8-45e7-943a-c4e64ed50fb9', '2c78698b-771f-44bd-8c0e-d829a84f9e33');
INSERT INTO "MenuItemCategoryMap" ("id", "menu_item_id", "menu_category_id") VALUES ('e92c5e76-2614-4ad5-8069-abe550ac352e', '57d8fa78-e098-430d-afc6-a4ae411691c6', '2c78698b-771f-44bd-8c0e-d829a84f9e33');
INSERT INTO "MenuItemCategoryMap" ("id", "menu_item_id", "menu_category_id") VALUES ('f1e8c20c-7185-4028-8067-c00ccb5dbb9a', '4a17ba41-afde-4b89-818c-a8c45d11febd', '2c78698b-771f-44bd-8c0e-d829a84f9e33');
INSERT INTO "MenuItemCategoryMap" ("id", "menu_item_id", "menu_category_id") VALUES ('908e9695-82a1-4f8f-9b82-3f1e383c7290', '051fc2be-e75a-49b7-9ae4-f16fe2107722', '2c78698b-771f-44bd-8c0e-d829a84f9e33');
INSERT INTO "MenuItemCategoryMap" ("id", "menu_item_id", "menu_category_id") VALUES ('329e0e9e-6744-41d8-9303-96674a234578', 'fe34cfb5-113a-4443-8e02-f40527200a32', '2c78698b-771f-44bd-8c0e-d829a84f9e33');
INSERT INTO "MenuItemCategoryMap" ("id", "menu_item_id", "menu_category_id") VALUES ('d70a3d09-b01c-4a32-bb5a-9889b898fe64', 'cb2b64ed-79bc-4cd0-80a6-c42101882ed0', '2c78698b-771f-44bd-8c0e-d829a84f9e33');
INSERT INTO "MenuItemCategoryMap" ("id", "menu_item_id", "menu_category_id") VALUES ('9225a5db-02ad-407a-9545-490cf0c1dde3', 'f3c4835b-7100-445a-84ee-7cc4df69eb9c', '2c78698b-771f-44bd-8c0e-d829a84f9e33');
INSERT INTO "MenuItemCategoryMap" ("id", "menu_item_id", "menu_category_id") VALUES ('f4a42ccc-1e3c-49fe-9630-af4735ca4c40', 'ff9fd796-2c00-4a68-9dca-473516b2db89', '2c78698b-771f-44bd-8c0e-d829a84f9e33');
INSERT INTO "MenuItemCategoryMap" ("id", "menu_item_id", "menu_category_id") VALUES ('1b5a7a0e-c3a3-443d-9a6f-fcb6f79529f3', '8c5530c0-a023-4930-8627-555a616a1b9a', '2c78698b-771f-44bd-8c0e-d829a84f9e33');
INSERT INTO "MenuItemCategoryMap" ("id", "menu_item_id", "menu_category_id") VALUES ('53cceab5-e004-4c21-aff9-917bc3869755', '80fd3c8f-afdc-4381-8384-377bda132154', '2c78698b-771f-44bd-8c0e-d829a84f9e33');
INSERT INTO "MenuItemCategoryMap" ("id", "menu_item_id", "menu_category_id") VALUES ('cb487a7d-71c3-481e-b923-64808e73b210', '4b8a69b5-aa91-4270-b157-cd3b54d1f4d9', '2c78698b-771f-44bd-8c0e-d829a84f9e33');
INSERT INTO "MenuItemCategoryMap" ("id", "menu_item_id", "menu_category_id") VALUES ('baabb479-1ae2-4025-87e0-254692dbbfef', '9494d8c8-9e85-4bbb-810a-0b1802adac1f', '2c78698b-771f-44bd-8c0e-d829a84f9e33');
INSERT INTO "MenuItemCategoryMap" ("id", "menu_item_id", "menu_category_id") VALUES ('7215b655-090f-43d0-9c3c-fba147a3c866', '4ed47eb8-3ff3-4069-9c41-ab4029bfd529', '2c78698b-771f-44bd-8c0e-d829a84f9e33');
INSERT INTO "MenuItemCategoryMap" ("id", "menu_item_id", "menu_category_id") VALUES ('648c87ef-12ad-4e0f-880e-e8ee60932625', 'b6544f8f-8ce3-4fde-8fa6-d21980c1e2a4', '2c78698b-771f-44bd-8c0e-d829a84f9e33');
INSERT INTO "MenuItemCategoryMap" ("id", "menu_item_id", "menu_category_id") VALUES ('93729441-25cf-4b34-86bf-fb69da261b5a', '7182a19b-cf72-4252-8ef0-acf42566f898', '2c78698b-771f-44bd-8c0e-d829a84f9e33');
INSERT INTO "MenuItemCategoryMap" ("id", "menu_item_id", "menu_category_id") VALUES ('6e9a6f88-b744-48e9-80e8-0dff4fd386cd', '1f275ef8-afaf-42c7-a768-bf79074896db', '2c78698b-771f-44bd-8c0e-d829a84f9e33');
INSERT INTO "MenuItemCategoryMap" ("id", "menu_item_id", "menu_category_id") VALUES ('11514314-72cd-469c-90a5-98fd765e59e8', 'aedc5f7c-a3d0-41f7-8026-8c355dcd0988', '573d3c4a-adbd-4138-973b-4744e57a09d1');
INSERT INTO "MenuItemCategoryMap" ("id", "menu_item_id", "menu_category_id") VALUES ('b111f303-e2b4-4c75-9171-034776fc5d1b', '8105bb5b-b80d-495e-a4a8-01958f18694c', '573d3c4a-adbd-4138-973b-4744e57a09d1');
INSERT INTO "MenuItemCategoryMap" ("id", "menu_item_id", "menu_category_id") VALUES ('816cb783-2b12-42be-828a-fbc87c6a39d8', '02acdb0a-a787-4bb9-9f25-1a7286fb773a', '573d3c4a-adbd-4138-973b-4744e57a09d1');
INSERT INTO "MenuItemCategoryMap" ("id", "menu_item_id", "menu_category_id") VALUES ('7b499541-6220-4fa7-aafc-7c7728b56325', '147073c0-75c6-42f7-b533-b8b620e4f921', '573d3c4a-adbd-4138-973b-4744e57a09d1');
INSERT INTO "MenuItemCategoryMap" ("id", "menu_item_id", "menu_category_id") VALUES ('1b25aa05-6e48-42a7-9777-c9be5d72ebb9', '259b0ab5-5773-4e5d-94ac-9477ea12dd0c', '573d3c4a-adbd-4138-973b-4744e57a09d1');
INSERT INTO "MenuItemCategoryMap" ("id", "menu_item_id", "menu_category_id") VALUES ('1bb327cf-6d32-4837-b4d1-6f754672da39', '2d73181d-1163-4ed1-bc85-8035147e7b3d', '573d3c4a-adbd-4138-973b-4744e57a09d1');
INSERT INTO "MenuItemCategoryMap" ("id", "menu_item_id", "menu_category_id") VALUES ('96a85b93-0066-4298-aa8c-2af4d85e1a30', '2417b791-dbdb-4368-b88d-aaeda50a6919', '573d3c4a-adbd-4138-973b-4744e57a09d1');
INSERT INTO "MenuItemCategoryMap" ("id", "menu_item_id", "menu_category_id") VALUES ('23caaae7-4f35-42db-ac7b-816a7b400cb9', '98c630c7-6910-44b1-b9cf-316681b799d4', '573d3c4a-adbd-4138-973b-4744e57a09d1');
INSERT INTO "MenuItemCategoryMap" ("id", "menu_item_id", "menu_category_id") VALUES ('a344dcf8-1040-433e-a4a5-285a7c05a71a', 'a88b6bdc-1f1d-4e21-89e2-ca6b63228426', '573d3c4a-adbd-4138-973b-4744e57a09d1');
INSERT INTO "MenuItemCategoryMap" ("id", "menu_item_id", "menu_category_id") VALUES ('fb8453df-4290-4d9f-859c-3974d3d66cbc', 'd38fd948-4b9e-41c6-b7c9-d3961cb1c29c', '573d3c4a-adbd-4138-973b-4744e57a09d1');
INSERT INTO "MenuItemCategoryMap" ("id", "menu_item_id", "menu_category_id") VALUES ('a36b7189-f1bf-4304-9a5b-68fa95e26d7a', '268d530c-89ed-4950-b07b-45be1478bd38', '573d3c4a-adbd-4138-973b-4744e57a09d1');
INSERT INTO "MenuItemCategoryMap" ("id", "menu_item_id", "menu_category_id") VALUES ('21bd55dd-041c-4f07-867a-e158f7b73328', 'b7edd196-35e2-4f10-9d24-0bb5fd52b4fa', '573d3c4a-adbd-4138-973b-4744e57a09d1');
INSERT INTO "MenuItemCategoryMap" ("id", "menu_item_id", "menu_category_id") VALUES ('03493478-d1d7-42f4-a657-dacc7bcec360', '2c488e89-70c0-4f86-bd99-9bc5107fae70', '07333057-5770-45a6-87b0-fbb48b694cc7');
INSERT INTO "MenuItemCategoryMap" ("id", "menu_item_id", "menu_category_id") VALUES ('9595d6c3-a50e-47d3-a2cc-e34ee45cc7a8', '267fd07d-793c-48c2-9bc8-090031bdbb82', '07333057-5770-45a6-87b0-fbb48b694cc7');
INSERT INTO "MenuItemCategoryMap" ("id", "menu_item_id", "menu_category_id") VALUES ('0068f997-5df4-4272-8f97-053de7fd5f84', '5b7658d0-0aca-4405-ac86-842a28828e38', '07333057-5770-45a6-87b0-fbb48b694cc7');
INSERT INTO "MenuItemCategoryMap" ("id", "menu_item_id", "menu_category_id") VALUES ('c27600bd-d28e-41be-b13e-8c9701d4f4bb', '8e91caca-452c-4ff0-b70b-af84dc9d9bc8', '07333057-5770-45a6-87b0-fbb48b694cc7');
INSERT INTO "MenuItemCategoryMap" ("id", "menu_item_id", "menu_category_id") VALUES ('14fedc5e-87c1-47e4-a2f0-e3308cb001df', 'e6a53781-f58d-4776-bb09-e437b437ddee', '07333057-5770-45a6-87b0-fbb48b694cc7');
INSERT INTO "MenuItemCategoryMap" ("id", "menu_item_id", "menu_category_id") VALUES ('d9997b8a-8545-4087-9e98-ed3fe2137899', 'a719dc7e-c97a-4670-8a28-0d399242cfc1', '07333057-5770-45a6-87b0-fbb48b694cc7');
INSERT INTO "MenuItemCategoryMap" ("id", "menu_item_id", "menu_category_id") VALUES ('150074eb-3019-4d76-a0c0-2a09d217594d', 'ecbb4a92-66bf-473b-9957-38702b5a3899', '07333057-5770-45a6-87b0-fbb48b694cc7');
INSERT INTO "MenuItemCategoryMap" ("id", "menu_item_id", "menu_category_id") VALUES ('1b274eed-d15c-46dc-8c9f-0219e0a566c2', 'cc4b5816-f988-4829-848a-6e15e6fd0b21', '07333057-5770-45a6-87b0-fbb48b694cc7');
INSERT INTO "MenuItemCategoryMap" ("id", "menu_item_id", "menu_category_id") VALUES ('536cf988-1869-4290-b47b-3d699d929d37', 'aeaebb6d-054f-45b8-a45c-4af4708156a6', '07333057-5770-45a6-87b0-fbb48b694cc7');
INSERT INTO "MenuItemCategoryMap" ("id", "menu_item_id", "menu_category_id") VALUES ('f76a650c-b816-468c-b6d8-0522155cc970', 'c7f49cbb-2339-44f0-853d-904c7d019450', 'eee3ba6f-e998-45a5-809a-b77f6c028ae0');
INSERT INTO "MenuItemCategoryMap" ("id", "menu_item_id", "menu_category_id") VALUES ('d75981ea-5f75-424b-a3b0-f25a02218176', '2dda51cb-3259-4c9a-a3a4-5243824e8374', 'eee3ba6f-e998-45a5-809a-b77f6c028ae0');
INSERT INTO "MenuItemCategoryMap" ("id", "menu_item_id", "menu_category_id") VALUES ('d4e9edc4-b02b-4d49-9314-d6944a1b720a', 'e528cc14-19e8-4ecc-8a3a-a905eaad199a', 'eee3ba6f-e998-45a5-809a-b77f6c028ae0');
INSERT INTO "MenuItemCategoryMap" ("id", "menu_item_id", "menu_category_id") VALUES ('ebef126e-f474-4b9c-a9a4-36a1a4219789', '83c0bf4d-95f4-4a03-b2fa-9b5216ed7799', 'eee3ba6f-e998-45a5-809a-b77f6c028ae0');
INSERT INTO "MenuItemCategoryMap" ("id", "menu_item_id", "menu_category_id") VALUES ('aa261b5c-0e7d-440a-bb91-a1e7ece95e25', '0a8a8ef4-b835-4fee-ad3f-fcbf5f6dc99e', 'eee3ba6f-e998-45a5-809a-b77f6c028ae0');
INSERT INTO "MenuItemCategoryMap" ("id", "menu_item_id", "menu_category_id") VALUES ('b483b39a-aaf9-4e20-806c-89442d1f8105', 'f2e62d9c-e3d6-4b70-b0b8-55c17ca66dbf', 'eee3ba6f-e998-45a5-809a-b77f6c028ae0');
INSERT INTO "MenuItemCategoryMap" ("id", "menu_item_id", "menu_category_id") VALUES ('011c49d1-71dd-4b03-909d-125f940330db', '2d33a0b4-bd1e-4fa6-bab6-10f39b0e462c', 'eee3ba6f-e998-45a5-809a-b77f6c028ae0');
INSERT INTO "MenuItemCategoryMap" ("id", "menu_item_id", "menu_category_id") VALUES ('8d97f8f4-5d87-4cee-a062-b7ffd39aa6f2', '8a002719-ca75-4f8b-9721-658956ccf94d', 'eee3ba6f-e998-45a5-809a-b77f6c028ae0');
INSERT INTO "MenuItemCategoryMap" ("id", "menu_item_id", "menu_category_id") VALUES ('57620946-1c94-42a3-b84b-2088f7ab30f5', 'beaa54e8-6fa0-4247-9298-172d4af59e12', 'eee3ba6f-e998-45a5-809a-b77f6c028ae0');
INSERT INTO "MenuItemCategoryMap" ("id", "menu_item_id", "menu_category_id") VALUES ('4f7d75cc-4f2c-413e-9ba4-a661155b69ec', '819ee34e-a8e9-497b-96da-d1e3b07394de', 'eee3ba6f-e998-45a5-809a-b77f6c028ae0');
INSERT INTO "MenuItemCategoryMap" ("id", "menu_item_id", "menu_category_id") VALUES ('dbb18d41-0bbb-4ece-8ccf-61d53e33c4d5', 'dc797998-b47a-4ac8-9a86-dd23717676b2', 'eee3ba6f-e998-45a5-809a-b77f6c028ae0');
INSERT INTO "MenuItemCategoryMap" ("id", "menu_item_id", "menu_category_id") VALUES ('ef925391-5b75-48d8-bb61-8e2f251c6600', '9a3de1e3-3314-44d6-8a6a-5ba3a0a42bd1', 'eee3ba6f-e998-45a5-809a-b77f6c028ae0');
INSERT INTO "MenuItemCategoryMap" ("id", "menu_item_id", "menu_category_id") VALUES ('17308146-a86d-4a6a-9276-dd452cedb835', '6085161c-7315-4c17-8db0-083f8eb29427', 'eee3ba6f-e998-45a5-809a-b77f6c028ae0');
INSERT INTO "MenuItemCategoryMap" ("id", "menu_item_id", "menu_category_id") VALUES ('dad59694-c54c-4adf-b573-1ff3692b067a', '3dd49ad3-60c1-4fba-9abe-f272d4dd92c8', 'eee3ba6f-e998-45a5-809a-b77f6c028ae0');
INSERT INTO "MenuItemCategoryMap" ("id", "menu_item_id", "menu_category_id") VALUES ('36ca1344-90db-431c-94ab-e5023711a5e9', '4f150684-2d4c-4d72-b49b-0725f44ff2cd', 'ab30e80d-f03e-4d32-9122-6f6774a56ed6');
INSERT INTO "MenuItemCategoryMap" ("id", "menu_item_id", "menu_category_id") VALUES ('0fb4ddee-a5d1-4fe7-9432-73d507e73a93', '09536f59-6a77-409b-a17a-3250465cca09', 'ab30e80d-f03e-4d32-9122-6f6774a56ed6');
INSERT INTO "MenuItemCategoryMap" ("id", "menu_item_id", "menu_category_id") VALUES ('482760b8-8b55-4bfc-982a-d8a5bd41ab30', '1e620281-f310-45c1-870c-c200beacba35', 'ab30e80d-f03e-4d32-9122-6f6774a56ed6');
INSERT INTO "MenuItemCategoryMap" ("id", "menu_item_id", "menu_category_id") VALUES ('a931cd2a-cfc0-4c46-952c-eb96481dd255', '9bb855b3-f6d1-4945-ba86-2ab81342d88b', 'ab30e80d-f03e-4d32-9122-6f6774a56ed6');
INSERT INTO "MenuItemCategoryMap" ("id", "menu_item_id", "menu_category_id") VALUES ('49829138-dbf0-4169-9611-804a0c59bae0', '126acab8-a3a8-4abe-b2fa-80de5a7961f7', 'ab30e80d-f03e-4d32-9122-6f6774a56ed6');
INSERT INTO "MenuItemCategoryMap" ("id", "menu_item_id", "menu_category_id") VALUES ('84b8b168-0c91-4fd2-a718-ce8890639be1', '9dcd9e58-f438-42c6-9009-1209fe7d6e01', 'ab30e80d-f03e-4d32-9122-6f6774a56ed6');
INSERT INTO "MenuItemCategoryMap" ("id", "menu_item_id", "menu_category_id") VALUES ('1db3d886-4cac-4130-991f-19adc9fbd45f', 'ac2483c0-1a3f-4862-bbdf-f41aa27cce93', 'ab30e80d-f03e-4d32-9122-6f6774a56ed6');
INSERT INTO "MenuItemCategoryMap" ("id", "menu_item_id", "menu_category_id") VALUES ('0d3dd125-a8a0-4e27-afd1-263c689f5925', '7f66a7b6-0f0d-4c50-afed-370d16b639b2', 'ab30e80d-f03e-4d32-9122-6f6774a56ed6');
INSERT INTO "MenuItemCategoryMap" ("id", "menu_item_id", "menu_category_id") VALUES ('3b20c363-14a8-4e1d-8e9b-f2e7fa03b60e', '6857969a-c64f-4710-a478-a16695034b15', 'ab30e80d-f03e-4d32-9122-6f6774a56ed6');
INSERT INTO "MenuItemCategoryMap" ("id", "menu_item_id", "menu_category_id") VALUES ('62db8646-5ee2-4a3c-9074-40c07a679915', '209a86c3-6553-409a-b958-0b39094eb7ae', 'ab30e80d-f03e-4d32-9122-6f6774a56ed6');
INSERT INTO "MenuItemCategoryMap" ("id", "menu_item_id", "menu_category_id") VALUES ('af31e8ae-97d6-4377-908d-85ac4b63cc21', '4f875fb8-3fbb-4b4d-b6d6-c0f1c904d4d1', 'ab30e80d-f03e-4d32-9122-6f6774a56ed6');
INSERT INTO "MenuItemCategoryMap" ("id", "menu_item_id", "menu_category_id") VALUES ('141f098d-ffaa-46c5-8da4-9f7a0cfa2cd6', 'b31cf11f-519d-4f6c-a7fb-075808a16ef8', 'ab30e80d-f03e-4d32-9122-6f6774a56ed6');
INSERT INTO "MenuItemCategoryMap" ("id", "menu_item_id", "menu_category_id") VALUES ('d3f0ce88-2ed8-452b-9207-cb5ca8e80b34', 'a6014894-79c3-496d-a39c-8fffcd93b3d5', 'ab30e80d-f03e-4d32-9122-6f6774a56ed6');
INSERT INTO "MenuItemCategoryMap" ("id", "menu_item_id", "menu_category_id") VALUES ('16f3fef8-6ec3-43bd-98d5-359ca160dcc4', 'c0acb9a0-ed2d-4fa7-b0c2-c4d078333ff6', 'ab30e80d-f03e-4d32-9122-6f6774a56ed6');
INSERT INTO "MenuItemCategoryMap" ("id", "menu_item_id", "menu_category_id") VALUES ('c444ca2e-2f13-483e-9734-4822c8cfb748', 'd6a48c95-117c-49b0-943a-91b65315f057', '9b63fd20-8546-4eb7-9f35-d5b9043b0803');
INSERT INTO "MenuItemCategoryMap" ("id", "menu_item_id", "menu_category_id") VALUES ('8b7f1b71-f062-40ea-b622-f32b8e0a2b10', 'f4050374-7054-4c2c-8318-0ef402d69fea', '9b63fd20-8546-4eb7-9f35-d5b9043b0803');
INSERT INTO "MenuItemCategoryMap" ("id", "menu_item_id", "menu_category_id") VALUES ('ff6ffccc-4a0c-4f1a-b720-f51a61eafa8f', '7a7ef6aa-6ede-4e0b-9422-b45c7f477ccf', '9b63fd20-8546-4eb7-9f35-d5b9043b0803');
INSERT INTO "MenuItemCategoryMap" ("id", "menu_item_id", "menu_category_id") VALUES ('cd11cffd-d15e-4b5c-ac27-23e0095e08c8', 'e24d61bf-4839-41b3-8ec9-232742c67637', '9b63fd20-8546-4eb7-9f35-d5b9043b0803');
INSERT INTO "MenuItemCategoryMap" ("id", "menu_item_id", "menu_category_id") VALUES ('ce29f569-c278-4937-a2c0-ed4232c687bb', '2aa12dda-f410-4beb-96c8-bf7574531373', '9b63fd20-8546-4eb7-9f35-d5b9043b0803');
INSERT INTO "MenuItemCategoryMap" ("id", "menu_item_id", "menu_category_id") VALUES ('27baf643-264e-4889-9cd5-9d2246e6a655', '9c7b9c3e-f39c-430e-9fa1-0839cad43444', '9b63fd20-8546-4eb7-9f35-d5b9043b0803');
INSERT INTO "MenuItemCategoryMap" ("id", "menu_item_id", "menu_category_id") VALUES ('11544998-6007-46c4-8276-88753b79c0ed', '74252e35-bad7-4f15-b6b4-8ccafbcbcd5c', '9b63fd20-8546-4eb7-9f35-d5b9043b0803');
INSERT INTO "MenuItemCategoryMap" ("id", "menu_item_id", "menu_category_id") VALUES ('f1387e2b-7ec9-46b7-b617-40e88fef911f', '62297b1d-a907-466c-a723-5ec913ea5913', '9b63fd20-8546-4eb7-9f35-d5b9043b0803');
INSERT INTO "MenuItemCategoryMap" ("id", "menu_item_id", "menu_category_id") VALUES ('871e9103-f544-43d1-93ed-56882235a243', '51c8d30b-a55d-42d0-969c-a0457d88930d', '9b63fd20-8546-4eb7-9f35-d5b9043b0803');
INSERT INTO "MenuItemCategoryMap" ("id", "menu_item_id", "menu_category_id") VALUES ('188384e4-39e0-494c-acf7-800569757e58', '1d681383-6b92-4389-8c89-82db290a99c8', '9b63fd20-8546-4eb7-9f35-d5b9043b0803');
INSERT INTO "MenuItemCategoryMap" ("id", "menu_item_id", "menu_category_id") VALUES ('06556d38-34d1-4139-aaf5-b7c250e5bdd4', '039acc72-000f-4f8d-b29a-506cf6812fb0', '9b63fd20-8546-4eb7-9f35-d5b9043b0803');
INSERT INTO "MenuItemCategoryMap" ("id", "menu_item_id", "menu_category_id") VALUES ('3391ff85-f5bb-4587-b807-c438b8e924fd', 'a85b0098-4ae8-45a8-949d-1c56dbaf6467', '9b63fd20-8546-4eb7-9f35-d5b9043b0803');
INSERT INTO "MenuItemCategoryMap" ("id", "menu_item_id", "menu_category_id") VALUES ('9c65a041-a8e1-4889-94f7-16047bd740b2', '4b947467-bcd9-47a9-8762-02eb87430aee', '9b63fd20-8546-4eb7-9f35-d5b9043b0803');
INSERT INTO "MenuItemCategoryMap" ("id", "menu_item_id", "menu_category_id") VALUES ('467af0b8-2964-4627-a8c3-1b7166c605c5', 'be95e41f-1a14-488d-a85c-e4b3c1c5b4d7', '9b63fd20-8546-4eb7-9f35-d5b9043b0803');
INSERT INTO "MenuItemCategoryMap" ("id", "menu_item_id", "menu_category_id") VALUES ('08d61fc8-f5cf-47e1-9525-ae79461ccd06', '5cfbb96f-7a6a-4fbf-afed-f7dcac27d461', '4c71472e-f6bb-4b80-b2c9-6ec7e61dcaf6');
INSERT INTO "MenuItemCategoryMap" ("id", "menu_item_id", "menu_category_id") VALUES ('8fa376ce-532b-475d-a0c3-5a7f04c54d86', 'e6f225cf-6e31-496e-b0e8-6082db469766', '4c71472e-f6bb-4b80-b2c9-6ec7e61dcaf6');
INSERT INTO "MenuItemCategoryMap" ("id", "menu_item_id", "menu_category_id") VALUES ('b5c1887a-079d-4381-afed-b56fd51de5b8', '8afacb19-6f69-4636-8f46-744c7123b061', '4c71472e-f6bb-4b80-b2c9-6ec7e61dcaf6');
INSERT INTO "MenuItemCategoryMap" ("id", "menu_item_id", "menu_category_id") VALUES ('d8c871c7-fd42-4a67-be24-31689fc941e8', 'bc3cddb6-e21d-4bbc-bbc9-e7f4a4e84695', '4c71472e-f6bb-4b80-b2c9-6ec7e61dcaf6');
INSERT INTO "MenuItemCategoryMap" ("id", "menu_item_id", "menu_category_id") VALUES ('251d2b3e-e61d-4a67-b4d1-56e4ba9c7f2d', '097fed1c-43e0-4162-8fea-ec85de691ee6', '4c71472e-f6bb-4b80-b2c9-6ec7e61dcaf6');
INSERT INTO "MenuItemCategoryMap" ("id", "menu_item_id", "menu_category_id") VALUES ('01661aef-4c45-42d1-b67d-9df391e5f774', 'b0fdfa91-c448-4a20-824a-55acd9143f74', '4c71472e-f6bb-4b80-b2c9-6ec7e61dcaf6');
INSERT INTO "MenuItemCategoryMap" ("id", "menu_item_id", "menu_category_id") VALUES ('00def47c-749d-4530-9a07-fab9548212a4', 'e7dfdb64-91c7-49c5-8b89-2c8715388af6', '4c71472e-f6bb-4b80-b2c9-6ec7e61dcaf6');
INSERT INTO "MenuItemCategoryMap" ("id", "menu_item_id", "menu_category_id") VALUES ('1bac6c80-f185-45db-9fe3-b8fe0101b455', '8eedcbc2-c902-42f6-be6d-2acac683f050', '4c71472e-f6bb-4b80-b2c9-6ec7e61dcaf6');
INSERT INTO "MenuItemCategoryMap" ("id", "menu_item_id", "menu_category_id") VALUES ('66e80c85-ba23-4b78-81b6-b22c7700ed95', '9487c4d3-da4e-4a16-a6fb-7f701f6f1ff0', '4c71472e-f6bb-4b80-b2c9-6ec7e61dcaf6');
INSERT INTO "MenuItemCategoryMap" ("id", "menu_item_id", "menu_category_id") VALUES ('1d1658c0-0ecc-4a63-9f55-33ce9917fef2', 'f70d3434-fd3d-4ee8-b9f5-fece935a0f95', '4c71472e-f6bb-4b80-b2c9-6ec7e61dcaf6');
INSERT INTO "MenuItemCategoryMap" ("id", "menu_item_id", "menu_category_id") VALUES ('9c9557c5-76ce-4f16-a740-06b70683f1f7', 'ae9fcaf6-525d-4c46-a4b0-fa65e14e243b', '6debc41e-2141-4154-8834-a1ee6edf9e94');
INSERT INTO "MenuItemCategoryMap" ("id", "menu_item_id", "menu_category_id") VALUES ('a6dc255a-128c-4cab-b2e7-f37af46b448e', '9b9a2aeb-7abe-4c8c-b83f-f1d9e59494cc', '6debc41e-2141-4154-8834-a1ee6edf9e94');
INSERT INTO "MenuItemCategoryMap" ("id", "menu_item_id", "menu_category_id") VALUES ('86a143d4-1856-4fcf-af62-7efdd7f47760', '0d55d58a-a107-4285-a157-a20fd3896e4b', '6debc41e-2141-4154-8834-a1ee6edf9e94');
INSERT INTO "MenuItemCategoryMap" ("id", "menu_item_id", "menu_category_id") VALUES ('f73843b2-4a26-4e7e-84f8-706993e6b946', '168b06f4-b6e1-4e5a-b8b6-9891e7bc83ed', '6debc41e-2141-4154-8834-a1ee6edf9e94');
INSERT INTO "MenuItemCategoryMap" ("id", "menu_item_id", "menu_category_id") VALUES ('fe798858-6ffb-460a-9c72-4cf71a1a4aca', '687f649b-b002-4832-ae21-cd547abf7412', '6debc41e-2141-4154-8834-a1ee6edf9e94');
INSERT INTO "MenuItemCategoryMap" ("id", "menu_item_id", "menu_category_id") VALUES ('a69545a6-cf43-4716-8831-8ccdaa048909', '4a7a69fe-3a7d-4f68-826d-14f81dc0b558', '6debc41e-2141-4154-8834-a1ee6edf9e94');
INSERT INTO "MenuItemCategoryMap" ("id", "menu_item_id", "menu_category_id") VALUES ('2035b496-278d-4072-a3ed-38ff0edd5741', 'b5e88851-c92e-4522-8575-cdbb4fbbb8bd', '2c78698b-771f-44bd-8c0e-d829a84f9e33');
INSERT INTO "MenuItemCategoryMap" ("id", "menu_item_id", "menu_category_id") VALUES ('dd62a1cf-a523-4d10-b214-2ac345c0383f', '49ddad14-02c9-4267-b789-3770a7f910d7', '2c78698b-771f-44bd-8c0e-d829a84f9e33');
INSERT INTO "Staff" ("id", "name", "password", "role", "status", "created_at", "updated_at") VALUES ('9a4bc047-d1e6-43c7-984e-269be4c630ed', 'admin', '26aa3fcafb5241a760febd1f87b1ebfb84e2efb85e7a95ffc7a2285ae5540a14939d5ab9358cbad2640de48175b4ac0beb5de8709d60c4364b3889289b6d0df3', 'admin', 'active', 1768622867905, NULL);
INSERT INTO "Shift" ("id", "status", "started_at", "ended_at", "date", "telegram_reported_at") VALUES ('01ce4248-ad59-4bf5-a2bc-3b009594bba5', 'closed', 1768622972286, 1768623328499, '2026-01-17', 1768623328);
INSERT INTO "Shift" ("id", "status", "started_at", "ended_at", "date", "telegram_reported_at") VALUES ('919eb774-0261-4135-8858-3fd7e4453744', 'closed', 1768623335635, 1768646237794, '2026-01-17', 1768646238);
INSERT INTO "Shift" ("id", "status", "started_at", "ended_at", "date", "telegram_reported_at") VALUES ('20105e90-4673-4ad0-8db1-c5d4b36b214d', 'closed', 1768646248866, 1768646297757, '2026-01-17', 1768646298);
INSERT INTO "Shift" ("id", "status", "started_at", "ended_at", "date", "telegram_reported_at") VALUES ('d47fa2cc-ab1c-490e-818f-80aeba3c0b64', 'closed', 1768646311208, 1768646378658, '2026-01-17', 1768646379);
INSERT INTO "Shift" ("id", "status", "started_at", "ended_at", "date", "telegram_reported_at") VALUES ('54850478-2922-45a0-afb3-5e7452621a25', 'closed', 1768646387563, 1768646577204, '2026-01-17', 1768646578);
INSERT INTO "Shift" ("id", "status", "started_at", "ended_at", "date", "telegram_reported_at") VALUES ('4f53dc21-491b-4471-a3ff-8be454abf111', 'closed', 1768646581578, 1768654238217, '2026-01-17', 1768654240);
INSERT INTO "Shift" ("id", "status", "started_at", "ended_at", "date", "telegram_reported_at") VALUES ('394cdc44-1c3a-4d66-b77c-72ea5341231c', 'closed', 1768692005513, 1768738428119, '2026-01-17', 1768738428);
INSERT INTO "Shift" ("id", "status", "started_at", "ended_at", "date", "telegram_reported_at") VALUES ('c889ed1a-4a7d-4565-87a4-707782d583e9', 'closed', 1768701456868, 1768701481549, '2026-01-18', 1768701482);
INSERT INTO "Shift" ("id", "status", "started_at", "ended_at", "date", "telegram_reported_at") VALUES ('e149f25a-7136-4162-b7b4-ce2c3a14f7a4', 'closed', 1768701499580, 1768738419891, '2026-01-18', 1768738420);
INSERT INTO "Shift" ("id", "status", "started_at", "ended_at", "date", "telegram_reported_at") VALUES ('ae5e54d2-d5ae-4843-ae40-b782edfc850a', 'closed', 1768777145164, 1768805781101, '2026-01-18', 1768805781);
INSERT INTO "Shift" ("id", "status", "started_at", "ended_at", "date", "telegram_reported_at") VALUES ('9c824af1-7e3b-41ea-b899-9b7525a7e5ee', 'closed', 1768805784762, 1768826057621, '2026-01-19', 1768826058);
INSERT INTO "Shift" ("id", "status", "started_at", "ended_at", "date", "telegram_reported_at") VALUES ('fcbce757-e9de-4e73-980d-7be5dcf6925f', 'closed', 1768780674501, 1768839946844, '2026-01-18', 1768839946);
INSERT INTO "Shift" ("id", "status", "started_at", "ended_at", "date", "telegram_reported_at") VALUES ('f02754b7-462e-418d-8d8d-06568672cf85', 'closed', 1768863329895, 1768891701811, '2026-01-20', 1768891702);
INSERT INTO "Shift" ("id", "status", "started_at", "ended_at", "date", "telegram_reported_at") VALUES ('636ec3a1-a19b-490b-a176-f9dbf5e49971', 'closed', 1768891709382, 1768912484365, '2026-01-20', 1768912485);
INSERT INTO "Shift" ("id", "status", "started_at", "ended_at", "date", "telegram_reported_at") VALUES ('e7ef99f4-4e75-402c-b35d-6d63c2f6b37d', 'open', 1769569430669, NULL, '2026-01-28', NULL);
INSERT INTO "StaffShift" ("id", "shift_id", "staff_id") VALUES ('01519acc-521c-4bd9-8df6-34fe5bfc7726', '01ce4248-ad59-4bf5-a2bc-3b009594bba5', '9a4bc047-d1e6-43c7-984e-269be4c630ed');
INSERT INTO "StaffShift" ("id", "shift_id", "staff_id") VALUES ('7a48e387-6daf-4bba-a061-d57ff8c70264', '919eb774-0261-4135-8858-3fd7e4453744', '9a4bc047-d1e6-43c7-984e-269be4c630ed');
INSERT INTO "StaffShift" ("id", "shift_id", "staff_id") VALUES ('d89c3a78-b39d-4a7e-8487-a20600c212ea', '20105e90-4673-4ad0-8db1-c5d4b36b214d', '9a4bc047-d1e6-43c7-984e-269be4c630ed');
INSERT INTO "StaffShift" ("id", "shift_id", "staff_id") VALUES ('5b6cafb0-bd42-4406-8dca-9da59bd622de', 'd47fa2cc-ab1c-490e-818f-80aeba3c0b64', '9a4bc047-d1e6-43c7-984e-269be4c630ed');
INSERT INTO "StaffShift" ("id", "shift_id", "staff_id") VALUES ('0aabb68a-d995-46c8-8b42-ee338066cd54', '54850478-2922-45a0-afb3-5e7452621a25', '9a4bc047-d1e6-43c7-984e-269be4c630ed');
INSERT INTO "StaffShift" ("id", "shift_id", "staff_id") VALUES ('cf001696-89ca-441f-b48d-1757221108da', '4f53dc21-491b-4471-a3ff-8be454abf111', '9a4bc047-d1e6-43c7-984e-269be4c630ed');
INSERT INTO "StaffShift" ("id", "shift_id", "staff_id") VALUES ('2f9131e5-98a3-415e-bff7-ed1363abf2d0', '394cdc44-1c3a-4d66-b77c-72ea5341231c', '9a4bc047-d1e6-43c7-984e-269be4c630ed');
INSERT INTO "StaffShift" ("id", "shift_id", "staff_id") VALUES ('0ac33535-320c-4c99-958f-ec994fe29ed8', 'c889ed1a-4a7d-4565-87a4-707782d583e9', '9a4bc047-d1e6-43c7-984e-269be4c630ed');
INSERT INTO "StaffShift" ("id", "shift_id", "staff_id") VALUES ('78f9773c-04c4-4dbd-8da5-75735a9e40a3', 'e149f25a-7136-4162-b7b4-ce2c3a14f7a4', '9a4bc047-d1e6-43c7-984e-269be4c630ed');
INSERT INTO "StaffShift" ("id", "shift_id", "staff_id") VALUES ('c8a30807-c944-45fc-8785-92246041233b', 'ae5e54d2-d5ae-4843-ae40-b782edfc850a', '9a4bc047-d1e6-43c7-984e-269be4c630ed');
INSERT INTO "StaffShift" ("id", "shift_id", "staff_id") VALUES ('3cb80714-39d7-43e0-b7d6-782b4aab1692', '9c824af1-7e3b-41ea-b899-9b7525a7e5ee', '9a4bc047-d1e6-43c7-984e-269be4c630ed');
INSERT INTO "StaffShift" ("id", "shift_id", "staff_id") VALUES ('f560d8cf-98e6-43fd-aecf-62d9f1428af9', 'fcbce757-e9de-4e73-980d-7be5dcf6925f', '9a4bc047-d1e6-43c7-984e-269be4c630ed');
INSERT INTO "StaffShift" ("id", "shift_id", "staff_id") VALUES ('8001270a-b3f5-42ed-bd3e-9b59fe858143', 'f02754b7-462e-418d-8d8d-06568672cf85', '9a4bc047-d1e6-43c7-984e-269be4c630ed');
INSERT INTO "StaffShift" ("id", "shift_id", "staff_id") VALUES ('448f98ac-3773-4898-80be-6686fb979065', '636ec3a1-a19b-490b-a176-f9dbf5e49971', '9a4bc047-d1e6-43c7-984e-269be4c630ed');
INSERT INTO "StaffShift" ("id", "shift_id", "staff_id") VALUES ('12a6508b-068c-4698-afa5-edab26f267f5', 'e7ef99f4-4e75-402c-b35d-6d63c2f6b37d', '9a4bc047-d1e6-43c7-984e-269be4c630ed');
INSERT INTO "Order" ("id", "shift_id", "staff_id", "status", "customer_type", "total_amount", "total_items", "created_at", "printed_at", "telegram_reported_at") VALUES ('a55525c0-7767-4897-b973-fa1d3fccaca8', '01ce4248-ad59-4bf5-a2bc-3b009594bba5', '9a4bc047-d1e6-43c7-984e-269be4c630ed', 'completed', 'take-away', 15000, 3, 1768623234700, 1768625585, 1768623234);
INSERT INTO "Order" ("id", "shift_id", "staff_id", "status", "customer_type", "total_amount", "total_items", "created_at", "printed_at", "telegram_reported_at") VALUES ('ad4c76c8-ef1f-4ad4-82fa-13fd309287ed', '01ce4248-ad59-4bf5-a2bc-3b009594bba5', '9a4bc047-d1e6-43c7-984e-269be4c630ed', 'completed', 'take-away', 9000, 2, 1768623306002, 1768625585, 1768623306);
INSERT INTO "Order" ("id", "shift_id", "staff_id", "status", "customer_type", "total_amount", "total_items", "created_at", "printed_at", "telegram_reported_at") VALUES ('efc5af35-9636-4c09-a0aa-8de72e4d9a48', '919eb774-0261-4135-8858-3fd7e4453744', '9a4bc047-d1e6-43c7-984e-269be4c630ed', 'completed', 'take-away', 4000, 1, 1768623498602, 1768625585, 1768623500);
INSERT INTO "Order" ("id", "shift_id", "staff_id", "status", "customer_type", "total_amount", "total_items", "created_at", "printed_at", "telegram_reported_at") VALUES ('8d6e68ad-275a-4669-8331-11296de7234e', '919eb774-0261-4135-8858-3fd7e4453744', '9a4bc047-d1e6-43c7-984e-269be4c630ed', 'completed', 'take-away', 5000, 1, 1768624383057, 1768625585, 1768624384);
INSERT INTO "Order" ("id", "shift_id", "staff_id", "status", "customer_type", "total_amount", "total_items", "created_at", "printed_at", "telegram_reported_at") VALUES ('7c4a1bea-87ae-4091-84ba-bc57a4e3f86a', '919eb774-0261-4135-8858-3fd7e4453744', '9a4bc047-d1e6-43c7-984e-269be4c630ed', 'completed', 'take-away', 5000, 1, 1768624968555, 1768624970, 1768624969);
INSERT INTO "Order" ("id", "shift_id", "staff_id", "status", "customer_type", "total_amount", "total_items", "created_at", "printed_at", "telegram_reported_at") VALUES ('d6438cee-036d-4f88-996d-17449ec3e144', '919eb774-0261-4135-8858-3fd7e4453744', '9a4bc047-d1e6-43c7-984e-269be4c630ed', 'completed', 'take-away', 5000, 1, 1768625583734, 1768625585, 1768625584);
INSERT INTO "Order" ("id", "shift_id", "staff_id", "status", "customer_type", "total_amount", "total_items", "created_at", "printed_at", "telegram_reported_at") VALUES ('329ad2c6-baf1-46ea-8ce6-a4a9f64bb732', '919eb774-0261-4135-8858-3fd7e4453744', '9a4bc047-d1e6-43c7-984e-269be4c630ed', 'completed', 'take-away', 4000, 1, 1768625631564, 1768625632, 1768625632);
INSERT INTO "Order" ("id", "shift_id", "staff_id", "status", "customer_type", "total_amount", "total_items", "created_at", "printed_at", "telegram_reported_at") VALUES ('e7a4704a-9ed1-485a-94cd-914387432a3d', '919eb774-0261-4135-8858-3fd7e4453744', '9a4bc047-d1e6-43c7-984e-269be4c630ed', 'completed', 'take-away', 5000, 1, 1768625732166, 1768625733, 1768625733);
INSERT INTO "Order" ("id", "shift_id", "staff_id", "status", "customer_type", "total_amount", "total_items", "created_at", "printed_at", "telegram_reported_at") VALUES ('89e31a79-115e-466b-ace3-c857ea515b7e', '919eb774-0261-4135-8858-3fd7e4453744', '9a4bc047-d1e6-43c7-984e-269be4c630ed', 'completed', 'take-away', 4000, 1, 1768625825051, 1768625825, 1768625825);
INSERT INTO "Order" ("id", "shift_id", "staff_id", "status", "customer_type", "total_amount", "total_items", "created_at", "printed_at", "telegram_reported_at") VALUES ('94cbb1de-f9e7-4c27-adc3-ba568ecd806e', '919eb774-0261-4135-8858-3fd7e4453744', '9a4bc047-d1e6-43c7-984e-269be4c630ed', 'completed', 'take-away', 5000, 1, 1768625862549, 1768625863, 1768625863);
INSERT INTO "Order" ("id", "shift_id", "staff_id", "status", "customer_type", "total_amount", "total_items", "created_at", "printed_at", "telegram_reported_at") VALUES ('32f78361-f429-4ae9-a1f7-ae619a55d061', '919eb774-0261-4135-8858-3fd7e4453744', '9a4bc047-d1e6-43c7-984e-269be4c630ed', 'completed', 'take-away', 5000, 1, 1768626480640, 1768626482, 1768626481);
INSERT INTO "Order" ("id", "shift_id", "staff_id", "status", "customer_type", "total_amount", "total_items", "created_at", "printed_at", "telegram_reported_at") VALUES ('b8d57964-3594-4dbd-b830-c3c6fbcdc3b7', '919eb774-0261-4135-8858-3fd7e4453744', '9a4bc047-d1e6-43c7-984e-269be4c630ed', 'completed', 'take-away', 5000, 1, 1768626829050, 1768626830, 1768626830);
INSERT INTO "Order" ("id", "shift_id", "staff_id", "status", "customer_type", "total_amount", "total_items", "created_at", "printed_at", "telegram_reported_at") VALUES ('b03e5113-dd3f-42ab-8eb0-4da7267eff1c', '919eb774-0261-4135-8858-3fd7e4453744', '9a4bc047-d1e6-43c7-984e-269be4c630ed', 'completed', 'take-away', 5000, 1, 1768627750594, 1768627752, 1768627751);
INSERT INTO "Order" ("id", "shift_id", "staff_id", "status", "customer_type", "total_amount", "total_items", "created_at", "printed_at", "telegram_reported_at") VALUES ('66537c99-9f74-4b32-9d0d-acd5432b8aec', '919eb774-0261-4135-8858-3fd7e4453744', '9a4bc047-d1e6-43c7-984e-269be4c630ed', 'completed', 'take-away', 5000, 1, 1768628307683, 1768628309, 1768628309);
INSERT INTO "Order" ("id", "shift_id", "staff_id", "status", "customer_type", "total_amount", "total_items", "created_at", "printed_at", "telegram_reported_at") VALUES ('060f02c4-f58c-45c2-925a-2820542d09ee', '919eb774-0261-4135-8858-3fd7e4453744', '9a4bc047-d1e6-43c7-984e-269be4c630ed', 'completed', 'take-away', 5000, 1, 1768630094441, 1768630096, 1768630095);
INSERT INTO "Order" ("id", "shift_id", "staff_id", "status", "customer_type", "total_amount", "total_items", "created_at", "printed_at", "telegram_reported_at") VALUES ('594d99a4-5d99-4e2d-8e8a-8044bdbd6361', '919eb774-0261-4135-8858-3fd7e4453744', '9a4bc047-d1e6-43c7-984e-269be4c630ed', 'completed', 'take-away', 19000, 4, 1768646213332, 1768646214, 1768646214);
INSERT INTO "Order" ("id", "shift_id", "staff_id", "status", "customer_type", "total_amount", "total_items", "created_at", "printed_at", "telegram_reported_at") VALUES ('b95c7478-fc8b-4744-be34-b4c06deb9ea4', '20105e90-4673-4ad0-8db1-c5d4b36b214d', '9a4bc047-d1e6-43c7-984e-269be4c630ed', 'completed', 'take-away', 9000, 2, 1768646291066, 1768646292, 1768646291);
INSERT INTO "Order" ("id", "shift_id", "staff_id", "status", "customer_type", "total_amount", "total_items", "created_at", "printed_at", "telegram_reported_at") VALUES ('8442c7c0-8a33-4366-97fb-624572c259f4', '4f53dc21-491b-4471-a3ff-8be454abf111', '9a4bc047-d1e6-43c7-984e-269be4c630ed', 'completed', 'take-away', 3500, 1, 1768647178870, 1768647180, 1768647180);
INSERT INTO "Order" ("id", "shift_id", "staff_id", "status", "customer_type", "total_amount", "total_items", "created_at", "printed_at", "telegram_reported_at") VALUES ('b24a6dfd-85d6-4f54-a422-78794c4165c6', '4f53dc21-491b-4471-a3ff-8be454abf111', '9a4bc047-d1e6-43c7-984e-269be4c630ed', 'completed', 'take-away', 7000, 1, 1768647254243, 1768647255, 1768647255);
INSERT INTO "Order" ("id", "shift_id", "staff_id", "status", "customer_type", "total_amount", "total_items", "created_at", "printed_at", "telegram_reported_at") VALUES ('3edd88da-e872-484b-a07c-cccd491e389c', '4f53dc21-491b-4471-a3ff-8be454abf111', '9a4bc047-d1e6-43c7-984e-269be4c630ed', 'completed', 'take-away', 5500, 1, 1768647288610, 1768647289, 1768647289);
INSERT INTO "Order" ("id", "shift_id", "staff_id", "status", "customer_type", "total_amount", "total_items", "created_at", "printed_at", "telegram_reported_at") VALUES ('50d14a67-2f30-4970-9cb2-d0bb358566c1', '4f53dc21-491b-4471-a3ff-8be454abf111', '9a4bc047-d1e6-43c7-984e-269be4c630ed', 'completed', 'take-away', 13000, 2, 1768648356132, 1768648357, 1768648357);
INSERT INTO "Order" ("id", "shift_id", "staff_id", "status", "customer_type", "total_amount", "total_items", "created_at", "printed_at", "telegram_reported_at") VALUES ('d99a10c2-662a-4720-965b-61a1f704cbde', '4f53dc21-491b-4471-a3ff-8be454abf111', '9a4bc047-d1e6-43c7-984e-269be4c630ed', 'completed', 'take-away', 11000, 2, 1768649678019, 1768649679, 1768649679);
INSERT INTO "Order" ("id", "shift_id", "staff_id", "status", "customer_type", "total_amount", "total_items", "created_at", "printed_at", "telegram_reported_at") VALUES ('9fc65993-9b48-4258-9701-43ef6ce3dfeb', '4f53dc21-491b-4471-a3ff-8be454abf111', '9a4bc047-d1e6-43c7-984e-269be4c630ed', 'completed', 'take-away', 2500, 1, 1768650738122, 1768650739, 1768650739);
INSERT INTO "Order" ("id", "shift_id", "staff_id", "status", "customer_type", "total_amount", "total_items", "created_at", "printed_at", "telegram_reported_at") VALUES ('5818b121-f8f9-4cfe-9a37-cce869e7c511', '4f53dc21-491b-4471-a3ff-8be454abf111', '9a4bc047-d1e6-43c7-984e-269be4c630ed', 'completed', 'take-away', 11500, 2, 1768653530691, 1768653531, 1768653531);
INSERT INTO "Order" ("id", "shift_id", "staff_id", "status", "customer_type", "total_amount", "total_items", "created_at", "printed_at", "telegram_reported_at") VALUES ('6340d979-8f7d-4218-8f5c-a53326af2c14', '4f53dc21-491b-4471-a3ff-8be454abf111', '9a4bc047-d1e6-43c7-984e-269be4c630ed', 'completed', 'take-away', 10500, 3, 1768653566360, 1768653567, 1768653567);
INSERT INTO "Order" ("id", "shift_id", "staff_id", "status", "customer_type", "total_amount", "total_items", "created_at", "printed_at", "telegram_reported_at") VALUES ('171c701e-fc73-4b1d-8948-43d6cc6094f3', '4f53dc21-491b-4471-a3ff-8be454abf111', '9a4bc047-d1e6-43c7-984e-269be4c630ed', 'completed', 'take-away', 7000, 1, 1768653633824, 1768653634, 1768653634);
INSERT INTO "Order" ("id", "shift_id", "staff_id", "status", "customer_type", "total_amount", "total_items", "created_at", "printed_at", "telegram_reported_at") VALUES ('6a40b1a1-9d68-4ccf-8ad6-c3bfb7b6b6bc', '4f53dc21-491b-4471-a3ff-8be454abf111', '9a4bc047-d1e6-43c7-984e-269be4c630ed', 'completed', 'take-away', 21000, 3, 1768653959344, 1768653960, 1768653960);
INSERT INTO "Order" ("id", "shift_id", "staff_id", "status", "customer_type", "total_amount", "total_items", "created_at", "printed_at", "telegram_reported_at") VALUES ('8b85f8a6-66fe-466d-bc0d-92603a4ae2d2', '4f53dc21-491b-4471-a3ff-8be454abf111', '9a4bc047-d1e6-43c7-984e-269be4c630ed', 'completed', 'take-away', 11000, 2, 1768653985891, 1768653986, 1768653986);
INSERT INTO "Order" ("id", "shift_id", "staff_id", "status", "customer_type", "total_amount", "total_items", "created_at", "printed_at", "telegram_reported_at") VALUES ('88c127ae-f86d-45de-8016-64571bc9a3c1', '4f53dc21-491b-4471-a3ff-8be454abf111', '9a4bc047-d1e6-43c7-984e-269be4c630ed', 'completed', 'take-away', 6500, 1, 1768654004387, 1768654006, 1768654006);
INSERT INTO "Order" ("id", "shift_id", "staff_id", "status", "customer_type", "total_amount", "total_items", "created_at", "printed_at", "telegram_reported_at") VALUES ('ead9b40a-bff5-477a-a3e8-9dadf9830af1', '4f53dc21-491b-4471-a3ff-8be454abf111', '9a4bc047-d1e6-43c7-984e-269be4c630ed', 'completed', 'take-away', 15000, 2, 1768654040979, 1768654041, 1768654041);
INSERT INTO "Order" ("id", "shift_id", "staff_id", "status", "customer_type", "total_amount", "total_items", "created_at", "printed_at", "telegram_reported_at") VALUES ('8dbd67fc-aee0-4977-a131-3d0cc6fc3602', '4f53dc21-491b-4471-a3ff-8be454abf111', '9a4bc047-d1e6-43c7-984e-269be4c630ed', 'completed', 'take-away', 10000, 2, 1768654106519, 1768654107, 1768654107);
INSERT INTO "Order" ("id", "shift_id", "staff_id", "status", "customer_type", "total_amount", "total_items", "created_at", "printed_at", "telegram_reported_at") VALUES ('7f11b302-60d9-45fe-8b48-f5e3f913edbd', '4f53dc21-491b-4471-a3ff-8be454abf111', '9a4bc047-d1e6-43c7-984e-269be4c630ed', 'completed', 'take-away', 8000, 2, 1768654125785, 1768654126, 1768654126);
INSERT INTO "Order" ("id", "shift_id", "staff_id", "status", "customer_type", "total_amount", "total_items", "created_at", "printed_at", "telegram_reported_at") VALUES ('940ef891-d4d3-40ef-9976-2a297a1dbba3', '4f53dc21-491b-4471-a3ff-8be454abf111', '9a4bc047-d1e6-43c7-984e-269be4c630ed', 'completed', 'take-away', 14000, 2, 1768654219655, 1768654220, 1768654220);
INSERT INTO "Order" ("id", "shift_id", "staff_id", "status", "customer_type", "total_amount", "total_items", "created_at", "printed_at", "telegram_reported_at") VALUES ('9d4c3678-5378-4792-9448-fe6303df38ab', '394cdc44-1c3a-4d66-b77c-72ea5341231c', '9a4bc047-d1e6-43c7-984e-269be4c630ed', 'completed', 'take-away', 27000, 6, 1768695797951, 1768695799, 1768695799);
INSERT INTO "Order" ("id", "shift_id", "staff_id", "status", "customer_type", "total_amount", "total_items", "created_at", "printed_at", "telegram_reported_at") VALUES ('a08413f1-7ece-438e-9519-dd8bd395171e', '394cdc44-1c3a-4d66-b77c-72ea5341231c', '9a4bc047-d1e6-43c7-984e-269be4c630ed', 'completed', 'take-away', 9000, 2, 1768696552360, 1768696553, 1768696553);
INSERT INTO "Order" ("id", "shift_id", "staff_id", "status", "customer_type", "total_amount", "total_items", "created_at", "printed_at", "telegram_reported_at") VALUES ('7e0b840f-4d83-45e8-9cb5-7e0e599f6897', '394cdc44-1c3a-4d66-b77c-72ea5341231c', '9a4bc047-d1e6-43c7-984e-269be4c630ed', 'completed', 'take-away', 6000, 2, 1768697324875, 1768697325, 1768697325);
INSERT INTO "Order" ("id", "shift_id", "staff_id", "status", "customer_type", "total_amount", "total_items", "created_at", "printed_at", "telegram_reported_at") VALUES ('be28a14f-5208-431f-9579-9ff3f189c528', '394cdc44-1c3a-4d66-b77c-72ea5341231c', '9a4bc047-d1e6-43c7-984e-269be4c630ed', 'completed', 'take-away', 3500, 1, 1768697458315, 1768697459, 1768697459);
INSERT INTO "Order" ("id", "shift_id", "staff_id", "status", "customer_type", "total_amount", "total_items", "created_at", "printed_at", "telegram_reported_at") VALUES ('493006db-0cce-4f3a-aab1-41e2dd4218d1', '394cdc44-1c3a-4d66-b77c-72ea5341231c', '9a4bc047-d1e6-43c7-984e-269be4c630ed', 'completed', 'take-away', 3500, 1, 1768697549691, 1768697550, 1768697550);
INSERT INTO "Order" ("id", "shift_id", "staff_id", "status", "customer_type", "total_amount", "total_items", "created_at", "printed_at", "telegram_reported_at") VALUES ('39472a76-8e14-4cfe-ad76-301ac79f2b82', '394cdc44-1c3a-4d66-b77c-72ea5341231c', '9a4bc047-d1e6-43c7-984e-269be4c630ed', 'completed', 'take-away', 12000, 3, 1768698070888, 1768698071, 1768698071);
INSERT INTO "Order" ("id", "shift_id", "staff_id", "status", "customer_type", "total_amount", "total_items", "created_at", "printed_at", "telegram_reported_at") VALUES ('5c2968d4-e0eb-494f-a6a2-d789b2ab9288', '394cdc44-1c3a-4d66-b77c-72ea5341231c', '9a4bc047-d1e6-43c7-984e-269be4c630ed', 'completed', 'take-away', 9000, 2, 1768698598180, 1768698599, 1768698599);
INSERT INTO "Order" ("id", "shift_id", "staff_id", "status", "customer_type", "total_amount", "total_items", "created_at", "printed_at", "telegram_reported_at") VALUES ('b889d81b-b08a-4aae-9db5-152173ccc52b', '394cdc44-1c3a-4d66-b77c-72ea5341231c', '9a4bc047-d1e6-43c7-984e-269be4c630ed', 'completed', 'take-away', 4000, 1, 1768699352867, 1768699353, 1768699353);
INSERT INTO "Order" ("id", "shift_id", "staff_id", "status", "customer_type", "total_amount", "total_items", "created_at", "printed_at", "telegram_reported_at") VALUES ('7f588c31-82b0-4e22-913a-c63d135fbf3c', '394cdc44-1c3a-4d66-b77c-72ea5341231c', '9a4bc047-d1e6-43c7-984e-269be4c630ed', 'completed', 'take-away', 4500, 1, 1768699538318, 1768699539, 1768699539);
INSERT INTO "Order" ("id", "shift_id", "staff_id", "status", "customer_type", "total_amount", "total_items", "created_at", "printed_at", "telegram_reported_at") VALUES ('8888f6f3-8d8f-4013-b9d6-eae5e2cc7002', 'e149f25a-7136-4162-b7b4-ce2c3a14f7a4', '9a4bc047-d1e6-43c7-984e-269be4c630ed', 'completed', 'take-away', 5500, 1, 1768701792620, 1768701793, 1768701793);
INSERT INTO "Order" ("id", "shift_id", "staff_id", "status", "customer_type", "total_amount", "total_items", "created_at", "printed_at", "telegram_reported_at") VALUES ('709361e8-2639-4b48-b900-2b6e57114eca', 'e149f25a-7136-4162-b7b4-ce2c3a14f7a4', '9a4bc047-d1e6-43c7-984e-269be4c630ed', 'completed', 'take-away', 4000, 1, 1768701803020, 1768701803, 1768701803);
INSERT INTO "Order" ("id", "shift_id", "staff_id", "status", "customer_type", "total_amount", "total_items", "created_at", "printed_at", "telegram_reported_at") VALUES ('117246fe-8051-439c-8185-ed1b58f0509c', 'e149f25a-7136-4162-b7b4-ce2c3a14f7a4', '9a4bc047-d1e6-43c7-984e-269be4c630ed', 'completed', 'take-away', 4500, 1, 1768701812154, 1768701813, 1768701812);
INSERT INTO "Order" ("id", "shift_id", "staff_id", "status", "customer_type", "total_amount", "total_items", "created_at", "printed_at", "telegram_reported_at") VALUES ('b1491ff1-53a7-43df-8f21-5f0b5bcec34b', 'e149f25a-7136-4162-b7b4-ce2c3a14f7a4', '9a4bc047-d1e6-43c7-984e-269be4c630ed', 'completed', 'take-away', 10000, 2, 1768701847412, 1768701848, 1768701848);
INSERT INTO "Order" ("id", "shift_id", "staff_id", "status", "customer_type", "total_amount", "total_items", "created_at", "printed_at", "telegram_reported_at") VALUES ('6bb45472-5dae-4808-8048-4009a8d16a94', 'e149f25a-7136-4162-b7b4-ce2c3a14f7a4', '9a4bc047-d1e6-43c7-984e-269be4c630ed', 'completed', 'take-away', 4500, 1, 1768701861807, 1768701862, 1768701862);
INSERT INTO "Order" ("id", "shift_id", "staff_id", "status", "customer_type", "total_amount", "total_items", "created_at", "printed_at", "telegram_reported_at") VALUES ('69011c75-f2c6-4fe6-b93b-f86420fe2c67', 'e149f25a-7136-4162-b7b4-ce2c3a14f7a4', '9a4bc047-d1e6-43c7-984e-269be4c630ed', 'completed', 'take-away', 2500, 1, 1768701876789, 1768701877, 1768701877);
INSERT INTO "Order" ("id", "shift_id", "staff_id", "status", "customer_type", "total_amount", "total_items", "created_at", "printed_at", "telegram_reported_at") VALUES ('ea06dc65-a3b3-4bf2-8a29-040fb6bb78af', 'e149f25a-7136-4162-b7b4-ce2c3a14f7a4', '9a4bc047-d1e6-43c7-984e-269be4c630ed', 'completed', 'take-away', 27000, 6, 1768701988916, 1768701989, 1768701989);
INSERT INTO "Order" ("id", "shift_id", "staff_id", "status", "customer_type", "total_amount", "total_items", "created_at", "printed_at", "telegram_reported_at") VALUES ('e33c7fcf-f6cb-40eb-9224-84cc584dc084', 'e149f25a-7136-4162-b7b4-ce2c3a14f7a4', '9a4bc047-d1e6-43c7-984e-269be4c630ed', 'completed', 'take-away', 9000, 2, 1768701999980, 1768702000, 1768702000);
INSERT INTO "Order" ("id", "shift_id", "staff_id", "status", "customer_type", "total_amount", "total_items", "created_at", "printed_at", "telegram_reported_at") VALUES ('0ec06754-734b-4110-bbf0-12efa327bc3d', 'e149f25a-7136-4162-b7b4-ce2c3a14f7a4', '9a4bc047-d1e6-43c7-984e-269be4c630ed', 'completed', 'take-away', 6000, 2, 1768702013166, 1768702014, 1768702014);
INSERT INTO "Order" ("id", "shift_id", "staff_id", "status", "customer_type", "total_amount", "total_items", "created_at", "printed_at", "telegram_reported_at") VALUES ('9333be57-c18a-4c36-a868-273488f36682', 'e149f25a-7136-4162-b7b4-ce2c3a14f7a4', '9a4bc047-d1e6-43c7-984e-269be4c630ed', 'completed', 'take-away', 3500, 1, 1768702022718, 1768702023, 1768702023);
INSERT INTO "Order" ("id", "shift_id", "staff_id", "status", "customer_type", "total_amount", "total_items", "created_at", "printed_at", "telegram_reported_at") VALUES ('755a7c72-5e39-4cea-befc-55bac92cba92', 'e149f25a-7136-4162-b7b4-ce2c3a14f7a4', '9a4bc047-d1e6-43c7-984e-269be4c630ed', 'completed', 'take-away', 3500, 1, 1768702033071, 1768702034, 1768702034);
INSERT INTO "Order" ("id", "shift_id", "staff_id", "status", "customer_type", "total_amount", "total_items", "created_at", "printed_at", "telegram_reported_at") VALUES ('44beeecf-7e75-4882-9e92-3cc012f0bd02', 'e149f25a-7136-4162-b7b4-ce2c3a14f7a4', '9a4bc047-d1e6-43c7-984e-269be4c630ed', 'completed', 'take-away', 12000, 3, 1768702054196, 1768702055, 1768702055);
INSERT INTO "Order" ("id", "shift_id", "staff_id", "status", "customer_type", "total_amount", "total_items", "created_at", "printed_at", "telegram_reported_at") VALUES ('20effe72-ad70-4d20-875f-e0bbadac885d', 'e149f25a-7136-4162-b7b4-ce2c3a14f7a4', '9a4bc047-d1e6-43c7-984e-269be4c630ed', 'completed', 'take-away', 9000, 2, 1768702066349, 1768702067, 1768702067);
INSERT INTO "Order" ("id", "shift_id", "staff_id", "status", "customer_type", "total_amount", "total_items", "created_at", "printed_at", "telegram_reported_at") VALUES ('30d22c54-cfcb-425a-9ca4-37b222c77bc9', 'e149f25a-7136-4162-b7b4-ce2c3a14f7a4', '9a4bc047-d1e6-43c7-984e-269be4c630ed', 'completed', 'take-away', 4000, 1, 1768702077055, 1768702077, 1768702077);
INSERT INTO "Order" ("id", "shift_id", "staff_id", "status", "customer_type", "total_amount", "total_items", "created_at", "printed_at", "telegram_reported_at") VALUES ('64aa3236-37e8-4934-8cf5-d2891c8ea395', 'e149f25a-7136-4162-b7b4-ce2c3a14f7a4', '9a4bc047-d1e6-43c7-984e-269be4c630ed', 'completed', 'take-away', 4500, 1, 1768702088689, 1768702089, 1768702089);
INSERT INTO "Order" ("id", "shift_id", "staff_id", "status", "customer_type", "total_amount", "total_items", "created_at", "printed_at", "telegram_reported_at") VALUES ('414c3b25-2aac-4566-8d3b-c79bd78923a0', 'e149f25a-7136-4162-b7b4-ce2c3a14f7a4', '9a4bc047-d1e6-43c7-984e-269be4c630ed', 'completed', 'take-away', 5500, 1, 1768702121067, 1768702121, 1768702121);
INSERT INTO "Order" ("id", "shift_id", "staff_id", "status", "customer_type", "total_amount", "total_items", "created_at", "printed_at", "telegram_reported_at") VALUES ('b8435405-a44a-4590-8d66-d4ee05379b85', 'e149f25a-7136-4162-b7b4-ce2c3a14f7a4', '9a4bc047-d1e6-43c7-984e-269be4c630ed', 'completed', 'take-away', 6000, 2, 1768702432423, 1768702433, 1768702433);
INSERT INTO "Order" ("id", "shift_id", "staff_id", "status", "customer_type", "total_amount", "total_items", "created_at", "printed_at", "telegram_reported_at") VALUES ('618999e9-1b4e-4a51-89a4-6c9b9fa150ab', 'e149f25a-7136-4162-b7b4-ce2c3a14f7a4', '9a4bc047-d1e6-43c7-984e-269be4c630ed', 'completed', 'take-away', 5500, 1, 1768703124154, 1768703125, 1768703125);
INSERT INTO "Order" ("id", "shift_id", "staff_id", "status", "customer_type", "total_amount", "total_items", "created_at", "printed_at", "telegram_reported_at") VALUES ('4178e2fe-920a-49df-9818-dd377a324a24', 'e149f25a-7136-4162-b7b4-ce2c3a14f7a4', '9a4bc047-d1e6-43c7-984e-269be4c630ed', 'completed', 'take-away', 8500, 2, 1768703326946, 1768703327, 1768703327);
INSERT INTO "Order" ("id", "shift_id", "staff_id", "status", "customer_type", "total_amount", "total_items", "created_at", "printed_at", "telegram_reported_at") VALUES ('c05fe26b-debd-4a32-b508-dc5aecbd08e1', 'e149f25a-7136-4162-b7b4-ce2c3a14f7a4', '9a4bc047-d1e6-43c7-984e-269be4c630ed', 'completed', 'take-away', 4500, 1, 1768703402587, 1768703403, 1768703403);
INSERT INTO "Order" ("id", "shift_id", "staff_id", "status", "customer_type", "total_amount", "total_items", "created_at", "printed_at", "telegram_reported_at") VALUES ('d3b1bd4b-aa29-49f8-914b-90a826210120', 'e149f25a-7136-4162-b7b4-ce2c3a14f7a4', '9a4bc047-d1e6-43c7-984e-269be4c630ed', 'completed', 'take-away', 10000, 2, 1768704043485, 1768704044, 1768704044);
INSERT INTO "Order" ("id", "shift_id", "staff_id", "status", "customer_type", "total_amount", "total_items", "created_at", "printed_at", "telegram_reported_at") VALUES ('a249fa83-12a7-4ca4-8960-601389c2a066', 'e149f25a-7136-4162-b7b4-ce2c3a14f7a4', '9a4bc047-d1e6-43c7-984e-269be4c630ed', 'completed', 'take-away', 3500, 1, 1768704243000, 1768704243, 1768704243);
INSERT INTO "Order" ("id", "shift_id", "staff_id", "status", "customer_type", "total_amount", "total_items", "created_at", "printed_at", "telegram_reported_at") VALUES ('81b3eb5f-9fe5-4e08-82c0-e23b65b3b5bc', 'e149f25a-7136-4162-b7b4-ce2c3a14f7a4', '9a4bc047-d1e6-43c7-984e-269be4c630ed', 'completed', 'take-away', 3000, 1, 1768704457654, 1768704458, 1768704458);
INSERT INTO "Order" ("id", "shift_id", "staff_id", "status", "customer_type", "total_amount", "total_items", "created_at", "printed_at", "telegram_reported_at") VALUES ('b94ec17f-111a-4d01-a012-00da6fbd54b6', 'e149f25a-7136-4162-b7b4-ce2c3a14f7a4', '9a4bc047-d1e6-43c7-984e-269be4c630ed', 'completed', 'take-away', 5500, 1, 1768704491516, 1768704492, 1768704492);
INSERT INTO "Order" ("id", "shift_id", "staff_id", "status", "customer_type", "total_amount", "total_items", "created_at", "printed_at", "telegram_reported_at") VALUES ('18c98a8d-2dca-4661-9c39-0e77067ebebe', 'e149f25a-7136-4162-b7b4-ce2c3a14f7a4', '9a4bc047-d1e6-43c7-984e-269be4c630ed', 'completed', 'take-away', 7500, 2, 1768705055011, 1768705055, 1768705055);
INSERT INTO "Order" ("id", "shift_id", "staff_id", "status", "customer_type", "total_amount", "total_items", "created_at", "printed_at", "telegram_reported_at") VALUES ('41ee3ee4-9209-4f49-bab9-73cbd618dfa3', 'e149f25a-7136-4162-b7b4-ce2c3a14f7a4', '9a4bc047-d1e6-43c7-984e-269be4c630ed', 'completed', 'take-away', 7000, 2, 1768705781185, 1768705782, 1768705782);
INSERT INTO "Order" ("id", "shift_id", "staff_id", "status", "customer_type", "total_amount", "total_items", "created_at", "printed_at", "telegram_reported_at") VALUES ('0e9c3d78-091f-4614-8fca-5f1725eba11d', 'e149f25a-7136-4162-b7b4-ce2c3a14f7a4', '9a4bc047-d1e6-43c7-984e-269be4c630ed', 'completed', 'take-away', 6000, 2, 1768706209389, 1768706210, 1768706210);
INSERT INTO "Order" ("id", "shift_id", "staff_id", "status", "customer_type", "total_amount", "total_items", "created_at", "printed_at", "telegram_reported_at") VALUES ('fbef1962-07c2-44ab-9d52-9a08936a694b', 'e149f25a-7136-4162-b7b4-ce2c3a14f7a4', '9a4bc047-d1e6-43c7-984e-269be4c630ed', 'completed', 'take-away', 21500, 7, 1768706832343, 1768706833, 1768706833);
INSERT INTO "Order" ("id", "shift_id", "staff_id", "status", "customer_type", "total_amount", "total_items", "created_at", "printed_at", "telegram_reported_at") VALUES ('69584841-83ab-4abc-970d-2816ee857d5a', 'e149f25a-7136-4162-b7b4-ce2c3a14f7a4', '9a4bc047-d1e6-43c7-984e-269be4c630ed', 'completed', 'take-away', 8500, 2, 1768707006745, 1768707007, 1768707007);
INSERT INTO "Order" ("id", "shift_id", "staff_id", "status", "customer_type", "total_amount", "total_items", "created_at", "printed_at", "telegram_reported_at") VALUES ('cb06bf41-e81c-4919-a884-52ccfed688f6', 'e149f25a-7136-4162-b7b4-ce2c3a14f7a4', '9a4bc047-d1e6-43c7-984e-269be4c630ed', 'completed', 'take-away', 8000, 2, 1768707775985, 1768707776, 1768707776);
INSERT INTO "Order" ("id", "shift_id", "staff_id", "status", "customer_type", "total_amount", "total_items", "created_at", "printed_at", "telegram_reported_at") VALUES ('b5e43e43-f38b-47fa-a993-a4ef548c2edd', 'e149f25a-7136-4162-b7b4-ce2c3a14f7a4', '9a4bc047-d1e6-43c7-984e-269be4c630ed', 'completed', 'take-away', 4500, 1, 1768708252309, 1768708253, 1768708253);
INSERT INTO "Order" ("id", "shift_id", "staff_id", "status", "customer_type", "total_amount", "total_items", "created_at", "printed_at", "telegram_reported_at") VALUES ('190e3086-fe45-4a43-9f1c-b328c16516a1', 'e149f25a-7136-4162-b7b4-ce2c3a14f7a4', '9a4bc047-d1e6-43c7-984e-269be4c630ed', 'completed', 'take-away', 5500, 1, 1768708421385, 1768708422, 1768708422);
INSERT INTO "Order" ("id", "shift_id", "staff_id", "status", "customer_type", "total_amount", "total_items", "created_at", "printed_at", "telegram_reported_at") VALUES ('2298dea6-7e2a-42cc-82fb-13dd2e35e2f4', 'e149f25a-7136-4162-b7b4-ce2c3a14f7a4', '9a4bc047-d1e6-43c7-984e-269be4c630ed', 'completed', 'take-away', 2500, 1, 1768709430130, 1768709431, 1768709431);
INSERT INTO "Order" ("id", "shift_id", "staff_id", "status", "customer_type", "total_amount", "total_items", "created_at", "printed_at", "telegram_reported_at") VALUES ('3bfc1acf-2880-4f02-8d9e-9afa2d97b27f', 'e149f25a-7136-4162-b7b4-ce2c3a14f7a4', '9a4bc047-d1e6-43c7-984e-269be4c630ed', 'completed', 'take-away', 15000, 3, 1768709707555, 1768709708, 1768709708);
INSERT INTO "Order" ("id", "shift_id", "staff_id", "status", "customer_type", "total_amount", "total_items", "created_at", "printed_at", "telegram_reported_at") VALUES ('5b683e84-63ad-41f0-b10d-04cb17c73a6d', 'e149f25a-7136-4162-b7b4-ce2c3a14f7a4', '9a4bc047-d1e6-43c7-984e-269be4c630ed', 'completed', 'take-away', 2500, 1, 1768709935120, 1768709936, 1768709936);
INSERT INTO "Order" ("id", "shift_id", "staff_id", "status", "customer_type", "total_amount", "total_items", "created_at", "printed_at", "telegram_reported_at") VALUES ('28e1ad99-9848-4e5b-a436-0907e870f162', 'e149f25a-7136-4162-b7b4-ce2c3a14f7a4', '9a4bc047-d1e6-43c7-984e-269be4c630ed', 'completed', 'take-away', 4500, 1, 1768710399827, 1768710400, 1768710400);
INSERT INTO "Order" ("id", "shift_id", "staff_id", "status", "customer_type", "total_amount", "total_items", "created_at", "printed_at", "telegram_reported_at") VALUES ('fec05568-aa65-4c4b-bf6c-f5bc40cc91c2', 'e149f25a-7136-4162-b7b4-ce2c3a14f7a4', '9a4bc047-d1e6-43c7-984e-269be4c630ed', 'completed', 'take-away', 6000, 1, 1768710781553, 1768710782, 1768710782);
INSERT INTO "Order" ("id", "shift_id", "staff_id", "status", "customer_type", "total_amount", "total_items", "created_at", "printed_at", "telegram_reported_at") VALUES ('05cd87c9-3224-4019-b62d-de216ac2b7ae', 'e149f25a-7136-4162-b7b4-ce2c3a14f7a4', '9a4bc047-d1e6-43c7-984e-269be4c630ed', 'completed', 'take-away', 5500, 1, 1768710808467, 1768710809, 1768710809);
INSERT INTO "Order" ("id", "shift_id", "staff_id", "status", "customer_type", "total_amount", "total_items", "created_at", "printed_at", "telegram_reported_at") VALUES ('cf122a97-7384-4048-a065-47f2a7c4e23b', 'e149f25a-7136-4162-b7b4-ce2c3a14f7a4', '9a4bc047-d1e6-43c7-984e-269be4c630ed', 'completed', 'take-away', 9000, 2, 1768710844035, 1768710844, 1768710844);
INSERT INTO "Order" ("id", "shift_id", "staff_id", "status", "customer_type", "total_amount", "total_items", "created_at", "printed_at", "telegram_reported_at") VALUES ('0fff550b-eaec-4345-9252-e23e7fbdad93', 'e149f25a-7136-4162-b7b4-ce2c3a14f7a4', '9a4bc047-d1e6-43c7-984e-269be4c630ed', 'completed', 'take-away', 6000, 1, 1768711429291, 1768711430, 1768711430);
INSERT INTO "Order" ("id", "shift_id", "staff_id", "status", "customer_type", "total_amount", "total_items", "created_at", "printed_at", "telegram_reported_at") VALUES ('1601ea56-c2cb-4e14-8e3a-76b8a3fa9a43', 'e149f25a-7136-4162-b7b4-ce2c3a14f7a4', '9a4bc047-d1e6-43c7-984e-269be4c630ed', 'completed', 'take-away', 7000, 2, 1768712463254, 1768712464, 1768712464);
INSERT INTO "Order" ("id", "shift_id", "staff_id", "status", "customer_type", "total_amount", "total_items", "created_at", "printed_at", "telegram_reported_at") VALUES ('4814ed1a-fffe-4f99-b843-cd8a579eb620', 'e149f25a-7136-4162-b7b4-ce2c3a14f7a4', '9a4bc047-d1e6-43c7-984e-269be4c630ed', 'completed', 'take-away', 16500, 3, 1768713191711, 1768713192, 1768713192);
INSERT INTO "Order" ("id", "shift_id", "staff_id", "status", "customer_type", "total_amount", "total_items", "created_at", "printed_at", "telegram_reported_at") VALUES ('b9f3bff9-86b6-411e-a918-9c703b8d9dae', 'e149f25a-7136-4162-b7b4-ce2c3a14f7a4', '9a4bc047-d1e6-43c7-984e-269be4c630ed', 'completed', 'take-away', 5000, 1, 1768713707193, 1768713708, 1768713708);
INSERT INTO "Order" ("id", "shift_id", "staff_id", "status", "customer_type", "total_amount", "total_items", "created_at", "printed_at", "telegram_reported_at") VALUES ('5b125de2-503c-4e41-9b3e-53d0b5620fbd', 'e149f25a-7136-4162-b7b4-ce2c3a14f7a4', '9a4bc047-d1e6-43c7-984e-269be4c630ed', 'completed', 'take-away', 8000, 2, 1768716795369, 1768867180, 1768716796);
INSERT INTO "Order" ("id", "shift_id", "staff_id", "status", "customer_type", "total_amount", "total_items", "created_at", "printed_at", "telegram_reported_at") VALUES ('df7bf1e6-92d7-4827-8eb2-fcf15035f283', 'e149f25a-7136-4162-b7b4-ce2c3a14f7a4', '9a4bc047-d1e6-43c7-984e-269be4c630ed', 'completed', 'take-away', 2500, 1, 1768717140692, 1768867180, 1768717141);
INSERT INTO "Order" ("id", "shift_id", "staff_id", "status", "customer_type", "total_amount", "total_items", "created_at", "printed_at", "telegram_reported_at") VALUES ('ac1f77c9-20e3-4613-b3d7-c245d55df87f', 'e149f25a-7136-4162-b7b4-ce2c3a14f7a4', '9a4bc047-d1e6-43c7-984e-269be4c630ed', 'completed', 'take-away', 3000, 1, 1768719693150, 1768867180, 1768719694);
INSERT INTO "Order" ("id", "shift_id", "staff_id", "status", "customer_type", "total_amount", "total_items", "created_at", "printed_at", "telegram_reported_at") VALUES ('199cc7c2-575e-4e5e-91a1-0f2920b5ec48', 'e149f25a-7136-4162-b7b4-ce2c3a14f7a4', '9a4bc047-d1e6-43c7-984e-269be4c630ed', 'completed', 'take-away', 9000, 2, 1768719818332, 1768867180, 1768719819);
INSERT INTO "Order" ("id", "shift_id", "staff_id", "status", "customer_type", "total_amount", "total_items", "created_at", "printed_at", "telegram_reported_at") VALUES ('0de718f8-bfef-4ca1-b1e7-f11055a65237', 'e149f25a-7136-4162-b7b4-ce2c3a14f7a4', '9a4bc047-d1e6-43c7-984e-269be4c630ed', 'completed', 'take-away', 7000, 1, 1768720214875, 1768867180, 1768720215);
INSERT INTO "Order" ("id", "shift_id", "staff_id", "status", "customer_type", "total_amount", "total_items", "created_at", "printed_at", "telegram_reported_at") VALUES ('092acc36-4708-4c05-a67c-fe694b89a923', 'e149f25a-7136-4162-b7b4-ce2c3a14f7a4', '9a4bc047-d1e6-43c7-984e-269be4c630ed', 'completed', 'take-away', 19000, 4, 1768721256582, 1768867180, 1768721257);
INSERT INTO "Order" ("id", "shift_id", "staff_id", "status", "customer_type", "total_amount", "total_items", "created_at", "printed_at", "telegram_reported_at") VALUES ('b583407e-88af-4e3e-8e4d-14c12c794023', 'e149f25a-7136-4162-b7b4-ce2c3a14f7a4', '9a4bc047-d1e6-43c7-984e-269be4c630ed', 'completed', 'take-away', 4500, 1, 1768722362567, 1768867180, 1768722363);
INSERT INTO "Order" ("id", "shift_id", "staff_id", "status", "customer_type", "total_amount", "total_items", "created_at", "printed_at", "telegram_reported_at") VALUES ('81c2e13f-28bb-4a33-949b-24425fde1f28', 'e149f25a-7136-4162-b7b4-ce2c3a14f7a4', '9a4bc047-d1e6-43c7-984e-269be4c630ed', 'completed', 'take-away', 30000, 5, 1768722465197, 1768867180, 1768722466);
INSERT INTO "Order" ("id", "shift_id", "staff_id", "status", "customer_type", "total_amount", "total_items", "created_at", "printed_at", "telegram_reported_at") VALUES ('bf4eac16-77ac-45f8-89fa-9ecb6362d2c6', 'e149f25a-7136-4162-b7b4-ce2c3a14f7a4', '9a4bc047-d1e6-43c7-984e-269be4c630ed', 'completed', 'take-away', 4500, 1, 1768722732930, 1768867180, 1768722733);
INSERT INTO "Order" ("id", "shift_id", "staff_id", "status", "customer_type", "total_amount", "total_items", "created_at", "printed_at", "telegram_reported_at") VALUES ('3ee32ddc-f2bc-4956-95bd-1ed849912d86', 'e149f25a-7136-4162-b7b4-ce2c3a14f7a4', '9a4bc047-d1e6-43c7-984e-269be4c630ed', 'completed', 'take-away', 29500, 5, 1768723659221, 1768867180, 1768723660);
INSERT INTO "Order" ("id", "shift_id", "staff_id", "status", "customer_type", "total_amount", "total_items", "created_at", "printed_at", "telegram_reported_at") VALUES ('ad6d3df3-f645-481f-9030-2c77acdd61e0', 'e149f25a-7136-4162-b7b4-ce2c3a14f7a4', '9a4bc047-d1e6-43c7-984e-269be4c630ed', 'completed', 'take-away', 3500, 1, 1768724479253, 1768867180, 1768724480);
INSERT INTO "Order" ("id", "shift_id", "staff_id", "status", "customer_type", "total_amount", "total_items", "created_at", "printed_at", "telegram_reported_at") VALUES ('c9612186-4a63-4f7b-8aa4-235f665f037b', 'e149f25a-7136-4162-b7b4-ce2c3a14f7a4', '9a4bc047-d1e6-43c7-984e-269be4c630ed', 'completed', 'take-away', 5500, 1, 1768724623484, 1768867180, 1768724624);
INSERT INTO "Order" ("id", "shift_id", "staff_id", "status", "customer_type", "total_amount", "total_items", "created_at", "printed_at", "telegram_reported_at") VALUES ('890c74a9-d29a-40bc-a055-b4ac25ad46d5', 'e149f25a-7136-4162-b7b4-ce2c3a14f7a4', '9a4bc047-d1e6-43c7-984e-269be4c630ed', 'completed', 'take-away', 3000, 1, 1768725492809, 1768867180, 1768725493);
INSERT INTO "Order" ("id", "shift_id", "staff_id", "status", "customer_type", "total_amount", "total_items", "created_at", "printed_at", "telegram_reported_at") VALUES ('48ad1ff3-3cac-40e9-9321-6836c134108f', 'e149f25a-7136-4162-b7b4-ce2c3a14f7a4', '9a4bc047-d1e6-43c7-984e-269be4c630ed', 'completed', 'take-away', 9000, 2, 1768726228948, 1768867180, 1768726229);
INSERT INTO "Order" ("id", "shift_id", "staff_id", "status", "customer_type", "total_amount", "total_items", "created_at", "printed_at", "telegram_reported_at") VALUES ('d708e4c9-9823-47c0-9eb9-cbdeb442a221', 'e149f25a-7136-4162-b7b4-ce2c3a14f7a4', '9a4bc047-d1e6-43c7-984e-269be4c630ed', 'completed', 'take-away', 10500, 2, 1768727176763, 1768867180, 1768727177);
INSERT INTO "Order" ("id", "shift_id", "staff_id", "status", "customer_type", "total_amount", "total_items", "created_at", "printed_at", "telegram_reported_at") VALUES ('0c550b6b-2f5d-4233-b99f-b3347e8e8cef', 'e149f25a-7136-4162-b7b4-ce2c3a14f7a4', '9a4bc047-d1e6-43c7-984e-269be4c630ed', 'completed', 'take-away', 5000, 1, 1768729019730, 1768867180, 1768729020);
INSERT INTO "Order" ("id", "shift_id", "staff_id", "status", "customer_type", "total_amount", "total_items", "created_at", "printed_at", "telegram_reported_at") VALUES ('29bbb444-cdae-41f1-86d1-d58dff04cc75', 'e149f25a-7136-4162-b7b4-ce2c3a14f7a4', '9a4bc047-d1e6-43c7-984e-269be4c630ed', 'completed', 'take-away', 3500, 1, 1768729122100, 1768867180, 1768729123);
INSERT INTO "Order" ("id", "shift_id", "staff_id", "status", "customer_type", "total_amount", "total_items", "created_at", "printed_at", "telegram_reported_at") VALUES ('91744a8a-041b-43d1-9eba-aff202fa6c93', 'e149f25a-7136-4162-b7b4-ce2c3a14f7a4', '9a4bc047-d1e6-43c7-984e-269be4c630ed', 'completed', 'take-away', 7000, 1, 1768730816567, 1768867180, 1768730818);
INSERT INTO "Order" ("id", "shift_id", "staff_id", "status", "customer_type", "total_amount", "total_items", "created_at", "printed_at", "telegram_reported_at") VALUES ('fe8d10a3-15a3-470a-b9b0-581fdd72ed13', 'e149f25a-7136-4162-b7b4-ce2c3a14f7a4', '9a4bc047-d1e6-43c7-984e-269be4c630ed', 'completed', 'take-away', 5500, 1, 1768731899460, 1768867180, 1768731900);
INSERT INTO "Order" ("id", "shift_id", "staff_id", "status", "customer_type", "total_amount", "total_items", "created_at", "printed_at", "telegram_reported_at") VALUES ('734e1097-6736-4c9e-84fb-62e93eb5f080', 'e149f25a-7136-4162-b7b4-ce2c3a14f7a4', '9a4bc047-d1e6-43c7-984e-269be4c630ed', 'completed', 'take-away', 3500, 1, 1768733812446, 1768867180, 1768733813);
INSERT INTO "Order" ("id", "shift_id", "staff_id", "status", "customer_type", "total_amount", "total_items", "created_at", "printed_at", "telegram_reported_at") VALUES ('dd9aa2ed-ac9b-46e4-a706-18b71ba6a70e', 'e149f25a-7136-4162-b7b4-ce2c3a14f7a4', '9a4bc047-d1e6-43c7-984e-269be4c630ed', 'completed', 'take-away', 21500, 3, 1768735622019, 1768867180, 1768735623);
INSERT INTO "Order" ("id", "shift_id", "staff_id", "status", "customer_type", "total_amount", "total_items", "created_at", "printed_at", "telegram_reported_at") VALUES ('46fecaba-a3f0-4d11-8280-13f7a0a55e83', 'e149f25a-7136-4162-b7b4-ce2c3a14f7a4', '9a4bc047-d1e6-43c7-984e-269be4c630ed', 'completed', 'take-away', 5500, 1, 1768736110342, 1768867180, 1768736111);
INSERT INTO "Order" ("id", "shift_id", "staff_id", "status", "customer_type", "total_amount", "total_items", "created_at", "printed_at", "telegram_reported_at") VALUES ('77c76c16-a7e9-43e7-bdb6-cd76b1fc9b29', 'e149f25a-7136-4162-b7b4-ce2c3a14f7a4', '9a4bc047-d1e6-43c7-984e-269be4c630ed', 'completed', 'take-away', 6500, 1, 1768737458106, 1768867180, 1768737459);
INSERT INTO "Order" ("id", "shift_id", "staff_id", "status", "customer_type", "total_amount", "total_items", "created_at", "printed_at", "telegram_reported_at") VALUES ('f97c8e41-e81d-46c7-8e19-0d8e5a74bfb0', 'ae5e54d2-d5ae-4843-ae40-b782edfc850a', '9a4bc047-d1e6-43c7-984e-269be4c630ed', 'completed', 'take-away', 14500, 3, 1768780800114, 1768867180, 1768780801);
INSERT INTO "Order" ("id", "shift_id", "staff_id", "status", "customer_type", "total_amount", "total_items", "created_at", "printed_at", "telegram_reported_at") VALUES ('67b56b97-929b-4056-a7ba-3bc86d69c5fe', 'ae5e54d2-d5ae-4843-ae40-b782edfc850a', '9a4bc047-d1e6-43c7-984e-269be4c630ed', 'completed', 'take-away', 10000, 2, 1768780826677, 1768867180, 1768780827);
INSERT INTO "Order" ("id", "shift_id", "staff_id", "status", "customer_type", "total_amount", "total_items", "created_at", "printed_at", "telegram_reported_at") VALUES ('1688ec5f-f7a2-4bf5-a478-5e8b2fb4c9ec', 'ae5e54d2-d5ae-4843-ae40-b782edfc850a', '9a4bc047-d1e6-43c7-984e-269be4c630ed', 'completed', 'take-away', 4500, 1, 1768781014154, 1768867180, 1768781015);
INSERT INTO "Order" ("id", "shift_id", "staff_id", "status", "customer_type", "total_amount", "total_items", "created_at", "printed_at", "telegram_reported_at") VALUES ('41ebc239-5fc1-4c6f-a434-51252bb3236b', 'ae5e54d2-d5ae-4843-ae40-b782edfc850a', '9a4bc047-d1e6-43c7-984e-269be4c630ed', 'completed', 'take-away', 4500, 1, 1768781188248, 1768867180, 1768781189);
INSERT INTO "Order" ("id", "shift_id", "staff_id", "status", "customer_type", "total_amount", "total_items", "created_at", "printed_at", "telegram_reported_at") VALUES ('80aab468-85f7-4743-8476-522c816595c6', 'ae5e54d2-d5ae-4843-ae40-b782edfc850a', '9a4bc047-d1e6-43c7-984e-269be4c630ed', 'completed', 'take-away', 3500, 1, 1768781368117, 1768867180, 1768781369);
INSERT INTO "Order" ("id", "shift_id", "staff_id", "status", "customer_type", "total_amount", "total_items", "created_at", "printed_at", "telegram_reported_at") VALUES ('0dbcce38-0bc6-4b06-becf-b895042b84ca', 'ae5e54d2-d5ae-4843-ae40-b782edfc850a', '9a4bc047-d1e6-43c7-984e-269be4c630ed', 'completed', 'take-away', 3000, 1, 1768781566537, 1768867180, 1768781567);
INSERT INTO "Order" ("id", "shift_id", "staff_id", "status", "customer_type", "total_amount", "total_items", "created_at", "printed_at", "telegram_reported_at") VALUES ('fca85479-4e0a-4b2c-b54a-64b99fca21b0', 'ae5e54d2-d5ae-4843-ae40-b782edfc850a', '9a4bc047-d1e6-43c7-984e-269be4c630ed', 'completed', 'take-away', 5000, 1, 1768781703212, 1768867180, 1768781704);
INSERT INTO "Order" ("id", "shift_id", "staff_id", "status", "customer_type", "total_amount", "total_items", "created_at", "printed_at", "telegram_reported_at") VALUES ('b9ec0060-6217-4034-b2db-e8e6e3011404', 'ae5e54d2-d5ae-4843-ae40-b782edfc850a', '9a4bc047-d1e6-43c7-984e-269be4c630ed', 'completed', 'take-away', 8500, 2, 1768781751055, 1768867180, 1768781752);
INSERT INTO "Order" ("id", "shift_id", "staff_id", "status", "customer_type", "total_amount", "total_items", "created_at", "printed_at", "telegram_reported_at") VALUES ('ff904457-a03b-49df-877b-070e36fc3c02', 'ae5e54d2-d5ae-4843-ae40-b782edfc850a', '9a4bc047-d1e6-43c7-984e-269be4c630ed', 'completed', 'take-away', 4500, 1, 1768781766653, 1768867180, 1768781767);
INSERT INTO "Order" ("id", "shift_id", "staff_id", "status", "customer_type", "total_amount", "total_items", "created_at", "printed_at", "telegram_reported_at") VALUES ('0e0608c7-38b4-4d8b-93dd-c4a56e2c0225', 'ae5e54d2-d5ae-4843-ae40-b782edfc850a', '9a4bc047-d1e6-43c7-984e-269be4c630ed', 'completed', 'take-away', 5500, 1, 1768781883144, 1768867180, 1768781884);
INSERT INTO "Order" ("id", "shift_id", "staff_id", "status", "customer_type", "total_amount", "total_items", "created_at", "printed_at", "telegram_reported_at") VALUES ('637fdddb-33c9-4f61-b00d-e4917c798123', 'ae5e54d2-d5ae-4843-ae40-b782edfc850a', '9a4bc047-d1e6-43c7-984e-269be4c630ed', 'completed', 'take-away', 4500, 1, 1768781943852, 1768867180, 1768781944);
INSERT INTO "Order" ("id", "shift_id", "staff_id", "status", "customer_type", "total_amount", "total_items", "created_at", "printed_at", "telegram_reported_at") VALUES ('dad6d70f-90bc-4696-86de-eb1f3a7be933', 'ae5e54d2-d5ae-4843-ae40-b782edfc850a', '9a4bc047-d1e6-43c7-984e-269be4c630ed', 'completed', 'take-away', 9000, 2, 1768782699300, 1768867180, 1768782700);
INSERT INTO "Order" ("id", "shift_id", "staff_id", "status", "customer_type", "total_amount", "total_items", "created_at", "printed_at", "telegram_reported_at") VALUES ('6bc8863f-be80-49ac-b3f2-91bcfd8ef441', 'ae5e54d2-d5ae-4843-ae40-b782edfc850a', '9a4bc047-d1e6-43c7-984e-269be4c630ed', 'completed', 'take-away', 4500, 1, 1768782981903, 1768867180, 1768782983);
INSERT INTO "Order" ("id", "shift_id", "staff_id", "status", "customer_type", "total_amount", "total_items", "created_at", "printed_at", "telegram_reported_at") VALUES ('b3dff0bf-112d-4107-a8c6-e1f4adf09e8c', 'ae5e54d2-d5ae-4843-ae40-b782edfc850a', '9a4bc047-d1e6-43c7-984e-269be4c630ed', 'completed', 'take-away', 3000, 1, 1768783154871, 1768867180, 1768783155);
INSERT INTO "Order" ("id", "shift_id", "staff_id", "status", "customer_type", "total_amount", "total_items", "created_at", "printed_at", "telegram_reported_at") VALUES ('61a4283a-b770-4647-9f74-41b7d2a80f12', 'ae5e54d2-d5ae-4843-ae40-b782edfc850a', '9a4bc047-d1e6-43c7-984e-269be4c630ed', 'completed', 'take-away', 3500, 1, 1768783656152, 1768867180, 1768783657);
INSERT INTO "Order" ("id", "shift_id", "staff_id", "status", "customer_type", "total_amount", "total_items", "created_at", "printed_at", "telegram_reported_at") VALUES ('170238cc-4461-4339-9f82-b74e1e8ee274', 'ae5e54d2-d5ae-4843-ae40-b782edfc850a', '9a4bc047-d1e6-43c7-984e-269be4c630ed', 'completed', 'take-away', 14000, 3, 1768783931519, 1768867180, 1768783932);
INSERT INTO "Order" ("id", "shift_id", "staff_id", "status", "customer_type", "total_amount", "total_items", "created_at", "printed_at", "telegram_reported_at") VALUES ('5f78673d-5878-40c7-8765-f8b9e3d4ed6c', 'ae5e54d2-d5ae-4843-ae40-b782edfc850a', '9a4bc047-d1e6-43c7-984e-269be4c630ed', 'completed', 'take-away', 3000, 1, 1768785051192, 1768867180, 1768785052);
INSERT INTO "Order" ("id", "shift_id", "staff_id", "status", "customer_type", "total_amount", "total_items", "created_at", "printed_at", "telegram_reported_at") VALUES ('9dbe6717-eaca-4206-a2a9-d7105595dfd7', 'ae5e54d2-d5ae-4843-ae40-b782edfc850a', '9a4bc047-d1e6-43c7-984e-269be4c630ed', 'completed', 'take-away', 4500, 1, 1768785451242, 1768867180, 1768785452);
INSERT INTO "Order" ("id", "shift_id", "staff_id", "status", "customer_type", "total_amount", "total_items", "created_at", "printed_at", "telegram_reported_at") VALUES ('d8240529-ea6e-44fc-b49e-9b7b26390a51', 'ae5e54d2-d5ae-4843-ae40-b782edfc850a', '9a4bc047-d1e6-43c7-984e-269be4c630ed', 'completed', 'take-away', 4000, 1, 1768785859030, 1768867180, 1768785859);
INSERT INTO "Order" ("id", "shift_id", "staff_id", "status", "customer_type", "total_amount", "total_items", "created_at", "printed_at", "telegram_reported_at") VALUES ('ec6c97ea-5bd8-4331-b988-bb0ed261b8bf', 'ae5e54d2-d5ae-4843-ae40-b782edfc850a', '9a4bc047-d1e6-43c7-984e-269be4c630ed', 'completed', 'take-away', 9000, 2, 1768787007440, 1768867180, 1768787008);
INSERT INTO "Order" ("id", "shift_id", "staff_id", "status", "customer_type", "total_amount", "total_items", "created_at", "printed_at", "telegram_reported_at") VALUES ('5ece0684-df02-4c9b-88d7-90b570311099', 'ae5e54d2-d5ae-4843-ae40-b782edfc850a', '9a4bc047-d1e6-43c7-984e-269be4c630ed', 'completed', 'take-away', 9000, 2, 1768787028977, 1768867180, 1768787029);
INSERT INTO "Order" ("id", "shift_id", "staff_id", "status", "customer_type", "total_amount", "total_items", "created_at", "printed_at", "telegram_reported_at") VALUES ('dce8f135-679d-44ae-bb83-0165c8217365', 'ae5e54d2-d5ae-4843-ae40-b782edfc850a', '9a4bc047-d1e6-43c7-984e-269be4c630ed', 'completed', 'take-away', 7000, 1, 1768787134203, 1768867180, 1768787135);
INSERT INTO "Order" ("id", "shift_id", "staff_id", "status", "customer_type", "total_amount", "total_items", "created_at", "printed_at", "telegram_reported_at") VALUES ('635b8a59-2033-464c-ab37-d992e7e9b252', 'ae5e54d2-d5ae-4843-ae40-b782edfc850a', '9a4bc047-d1e6-43c7-984e-269be4c630ed', 'completed', 'take-away', 3000, 1, 1768787492041, 1768867180, 1768787492);
INSERT INTO "Order" ("id", "shift_id", "staff_id", "status", "customer_type", "total_amount", "total_items", "created_at", "printed_at", "telegram_reported_at") VALUES ('e324caa6-613c-4920-9578-c095e2078a3a', 'ae5e54d2-d5ae-4843-ae40-b782edfc850a', '9a4bc047-d1e6-43c7-984e-269be4c630ed', 'completed', 'take-away', 4500, 1, 1768787748382, 1768867180, 1768787749);
INSERT INTO "Order" ("id", "shift_id", "staff_id", "status", "customer_type", "total_amount", "total_items", "created_at", "printed_at", "telegram_reported_at") VALUES ('b75722d1-cf1e-4008-8ed8-aaf6889cdff6', 'ae5e54d2-d5ae-4843-ae40-b782edfc850a', '9a4bc047-d1e6-43c7-984e-269be4c630ed', 'completed', 'take-away', 8000, 2, 1768788163018, 1768867180, 1768788163);
INSERT INTO "Order" ("id", "shift_id", "staff_id", "status", "customer_type", "total_amount", "total_items", "created_at", "printed_at", "telegram_reported_at") VALUES ('28626b8a-8723-4a6b-9198-a9618a551e7f', 'ae5e54d2-d5ae-4843-ae40-b782edfc850a', '9a4bc047-d1e6-43c7-984e-269be4c630ed', 'completed', 'take-away', 4500, 1, 1768788651325, 1768867180, 1768788652);
INSERT INTO "Order" ("id", "shift_id", "staff_id", "status", "customer_type", "total_amount", "total_items", "created_at", "printed_at", "telegram_reported_at") VALUES ('f5bf6bd7-e2c2-4653-aad7-92725d242cf3', 'ae5e54d2-d5ae-4843-ae40-b782edfc850a', '9a4bc047-d1e6-43c7-984e-269be4c630ed', 'completed', 'take-away', 4000, 1, 1768789703664, 1768867180, 1768789704);
INSERT INTO "Order" ("id", "shift_id", "staff_id", "status", "customer_type", "total_amount", "total_items", "created_at", "printed_at", "telegram_reported_at") VALUES ('c31b1899-43ab-4f10-9877-4824ef25ee22', 'ae5e54d2-d5ae-4843-ae40-b782edfc850a', '9a4bc047-d1e6-43c7-984e-269be4c630ed', 'completed', 'take-away', 5500, 1, 1768790507815, 1768867180, 1768790508);
INSERT INTO "Order" ("id", "shift_id", "staff_id", "status", "customer_type", "total_amount", "total_items", "created_at", "printed_at", "telegram_reported_at") VALUES ('51f223ee-a3b4-49f8-bc79-8549b848c124', 'ae5e54d2-d5ae-4843-ae40-b782edfc850a', '9a4bc047-d1e6-43c7-984e-269be4c630ed', 'completed', 'take-away', 8500, 2, 1768791326838, 1768867180, 1768791327);
INSERT INTO "Order" ("id", "shift_id", "staff_id", "status", "customer_type", "total_amount", "total_items", "created_at", "printed_at", "telegram_reported_at") VALUES ('c3d3ce3d-68a2-416c-b90e-a22f8890f4f9', 'ae5e54d2-d5ae-4843-ae40-b782edfc850a', '9a4bc047-d1e6-43c7-984e-269be4c630ed', 'completed', 'take-away', 4500, 1, 1768792494963, 1768867180, 1768792495);
INSERT INTO "Order" ("id", "shift_id", "staff_id", "status", "customer_type", "total_amount", "total_items", "created_at", "printed_at", "telegram_reported_at") VALUES ('6270b7b4-ac3f-4e00-b09d-acd33119050a', 'ae5e54d2-d5ae-4843-ae40-b782edfc850a', '9a4bc047-d1e6-43c7-984e-269be4c630ed', 'completed', 'take-away', 5500, 1, 1768792524833, 1768867180, 1768792525);
INSERT INTO "Order" ("id", "shift_id", "staff_id", "status", "customer_type", "total_amount", "total_items", "created_at", "printed_at", "telegram_reported_at") VALUES ('bf21f4be-5860-4a10-9386-af4f9eb1e317', 'ae5e54d2-d5ae-4843-ae40-b782edfc850a', '9a4bc047-d1e6-43c7-984e-269be4c630ed', 'completed', 'take-away', 5500, 1, 1768792541666, 1768867180, 1768792542);
INSERT INTO "Order" ("id", "shift_id", "staff_id", "status", "customer_type", "total_amount", "total_items", "created_at", "printed_at", "telegram_reported_at") VALUES ('dc65a985-60f4-4362-8111-5c31ae78b6a7', 'ae5e54d2-d5ae-4843-ae40-b782edfc850a', '9a4bc047-d1e6-43c7-984e-269be4c630ed', 'completed', 'take-away', 2500, 1, 1768792770466, 1768867180, 1768792771);
INSERT INTO "Order" ("id", "shift_id", "staff_id", "status", "customer_type", "total_amount", "total_items", "created_at", "printed_at", "telegram_reported_at") VALUES ('66f094e5-33a1-4b6b-a4ce-da9086bbff61', 'ae5e54d2-d5ae-4843-ae40-b782edfc850a', '9a4bc047-d1e6-43c7-984e-269be4c630ed', 'completed', 'take-away', 4500, 1, 1768794166465, 1768867180, 1768794167);
INSERT INTO "Order" ("id", "shift_id", "staff_id", "status", "customer_type", "total_amount", "total_items", "created_at", "printed_at", "telegram_reported_at") VALUES ('46e0d6db-7c80-4028-b408-f9baf6bd0efa', 'ae5e54d2-d5ae-4843-ae40-b782edfc850a', '9a4bc047-d1e6-43c7-984e-269be4c630ed', 'completed', 'take-away', 3500, 1, 1768794959299, 1768867180, 1768794960);
INSERT INTO "Order" ("id", "shift_id", "staff_id", "status", "customer_type", "total_amount", "total_items", "created_at", "printed_at", "telegram_reported_at") VALUES ('616577d9-31ff-4ebe-b5d8-ffaa23c93c23', 'ae5e54d2-d5ae-4843-ae40-b782edfc850a', '9a4bc047-d1e6-43c7-984e-269be4c630ed', 'completed', 'take-away', 5500, 1, 1768795326163, 1768867180, 1768795327);
INSERT INTO "Order" ("id", "shift_id", "staff_id", "status", "customer_type", "total_amount", "total_items", "created_at", "printed_at", "telegram_reported_at") VALUES ('824c0e5e-885c-4442-96db-5be9aed85983', 'ae5e54d2-d5ae-4843-ae40-b782edfc850a', '9a4bc047-d1e6-43c7-984e-269be4c630ed', 'completed', 'take-away', 4500, 1, 1768795702521, 1768867180, 1768795703);
INSERT INTO "Order" ("id", "shift_id", "staff_id", "status", "customer_type", "total_amount", "total_items", "created_at", "printed_at", "telegram_reported_at") VALUES ('71341d32-4d34-4153-b448-1e3fc2c95f53', 'ae5e54d2-d5ae-4843-ae40-b782edfc850a', '9a4bc047-d1e6-43c7-984e-269be4c630ed', 'completed', 'take-away', 6000, 1, 1768799298710, 1768867180, 1768799299);
INSERT INTO "Order" ("id", "shift_id", "staff_id", "status", "customer_type", "total_amount", "total_items", "created_at", "printed_at", "telegram_reported_at") VALUES ('1cd45eec-6514-4f9d-b71a-e5af561635d2', 'ae5e54d2-d5ae-4843-ae40-b782edfc850a', '9a4bc047-d1e6-43c7-984e-269be4c630ed', 'completed', 'take-away', 37000, 5, 1768802033325, 1768867180, 1768802034);
INSERT INTO "Order" ("id", "shift_id", "staff_id", "status", "customer_type", "total_amount", "total_items", "created_at", "printed_at", "telegram_reported_at") VALUES ('47eb7dff-600d-4c82-8abb-7025548adfb1', 'ae5e54d2-d5ae-4843-ae40-b782edfc850a', '9a4bc047-d1e6-43c7-984e-269be4c630ed', 'completed', 'take-away', 3000, 1, 1768802388743, 1768867180, 1768802389);
INSERT INTO "Order" ("id", "shift_id", "staff_id", "status", "customer_type", "total_amount", "total_items", "created_at", "printed_at", "telegram_reported_at") VALUES ('9f9eae02-d99f-4c63-bd66-07c2f577bd76', 'ae5e54d2-d5ae-4843-ae40-b782edfc850a', '9a4bc047-d1e6-43c7-984e-269be4c630ed', 'completed', 'take-away', 7000, 1, 1768802880951, 1768867180, 1768802881);
INSERT INTO "Order" ("id", "shift_id", "staff_id", "status", "customer_type", "total_amount", "total_items", "created_at", "printed_at", "telegram_reported_at") VALUES ('b8162d27-7320-4e25-8d02-e61a9a613eb8', 'ae5e54d2-d5ae-4843-ae40-b782edfc850a', '9a4bc047-d1e6-43c7-984e-269be4c630ed', 'completed', 'take-away', 21000, 3, 1768805696014, 1768867180, 1768805696);
INSERT INTO "Order" ("id", "shift_id", "staff_id", "status", "customer_type", "total_amount", "total_items", "created_at", "printed_at", "telegram_reported_at") VALUES ('300316fb-5d63-416f-98ef-3a44111318bc', 'ae5e54d2-d5ae-4843-ae40-b782edfc850a', '9a4bc047-d1e6-43c7-984e-269be4c630ed', 'completed', 'take-away', 27000, 3, 1768805717756, 1768867180, 1768805718);
INSERT INTO "Order" ("id", "shift_id", "staff_id", "status", "customer_type", "total_amount", "total_items", "created_at", "printed_at", "telegram_reported_at") VALUES ('20344728-15be-402b-876b-966c79371cbc', 'ae5e54d2-d5ae-4843-ae40-b782edfc850a', '9a4bc047-d1e6-43c7-984e-269be4c630ed', 'completed', 'take-away', 10500, 3, 1768805747741, 1768867180, 1768805748);
INSERT INTO "Order" ("id", "shift_id", "staff_id", "status", "customer_type", "total_amount", "total_items", "created_at", "printed_at", "telegram_reported_at") VALUES ('cf5382f7-e00a-464d-970e-56c8272a3480', 'ae5e54d2-d5ae-4843-ae40-b782edfc850a', '9a4bc047-d1e6-43c7-984e-269be4c630ed', 'completed', 'take-away', 9000, 1, 1768805768383, 1768867180, 1768805769);
INSERT INTO "Order" ("id", "shift_id", "staff_id", "status", "customer_type", "total_amount", "total_items", "created_at", "printed_at", "telegram_reported_at") VALUES ('bf35f38c-078f-43f0-b496-c0ade4f26ccf', '9c824af1-7e3b-41ea-b899-9b7525a7e5ee', '9a4bc047-d1e6-43c7-984e-269be4c630ed', 'completed', 'take-away', 5500, 1, 1768807087166, 1768867180, 1768807088);
INSERT INTO "Order" ("id", "shift_id", "staff_id", "status", "customer_type", "total_amount", "total_items", "created_at", "printed_at", "telegram_reported_at") VALUES ('13252ce7-2cdf-4a16-a278-55dcc390fecc', '9c824af1-7e3b-41ea-b899-9b7525a7e5ee', '9a4bc047-d1e6-43c7-984e-269be4c630ed', 'completed', 'take-away', 6500, 1, 1768808492668, 1768867180, 1768808493);
INSERT INTO "Order" ("id", "shift_id", "staff_id", "status", "customer_type", "total_amount", "total_items", "created_at", "printed_at", "telegram_reported_at") VALUES ('296f2d0c-fc15-4a40-8e33-700512e628ea', '9c824af1-7e3b-41ea-b899-9b7525a7e5ee', '9a4bc047-d1e6-43c7-984e-269be4c630ed', 'completed', 'take-away', 7000, 2, 1768808657829, 1768867180, 1768808658);
INSERT INTO "Order" ("id", "shift_id", "staff_id", "status", "customer_type", "total_amount", "total_items", "created_at", "printed_at", "telegram_reported_at") VALUES ('f39908d3-8160-4bd3-a80b-48c21e1326b3', '9c824af1-7e3b-41ea-b899-9b7525a7e5ee', '9a4bc047-d1e6-43c7-984e-269be4c630ed', 'completed', 'take-away', 10000, 2, 1768809496386, 1768867180, 1768809497);
INSERT INTO "Order" ("id", "shift_id", "staff_id", "status", "customer_type", "total_amount", "total_items", "created_at", "printed_at", "telegram_reported_at") VALUES ('3fe75960-f3b6-4916-94c1-3b743c11a435', '9c824af1-7e3b-41ea-b899-9b7525a7e5ee', '9a4bc047-d1e6-43c7-984e-269be4c630ed', 'completed', 'take-away', 3000, 1, 1768809889205, 1768867180, 1768809890);
INSERT INTO "Order" ("id", "shift_id", "staff_id", "status", "customer_type", "total_amount", "total_items", "created_at", "printed_at", "telegram_reported_at") VALUES ('d26951cf-9b37-441e-a5bb-4a1273e2835e', '9c824af1-7e3b-41ea-b899-9b7525a7e5ee', '9a4bc047-d1e6-43c7-984e-269be4c630ed', 'completed', 'take-away', 14000, 2, 1768810313754, 1768867180, 1768810314);
INSERT INTO "Order" ("id", "shift_id", "staff_id", "status", "customer_type", "total_amount", "total_items", "created_at", "printed_at", "telegram_reported_at") VALUES ('b92f9f23-42cf-4166-a0d4-9b33223a67d1', '9c824af1-7e3b-41ea-b899-9b7525a7e5ee', '9a4bc047-d1e6-43c7-984e-269be4c630ed', 'completed', 'take-away', 14500, 2, 1768810592157, 1768867180, 1768810593);
INSERT INTO "Order" ("id", "shift_id", "staff_id", "status", "customer_type", "total_amount", "total_items", "created_at", "printed_at", "telegram_reported_at") VALUES ('c678ea3d-7b21-43b5-857a-95c7f0e0362d', '9c824af1-7e3b-41ea-b899-9b7525a7e5ee', '9a4bc047-d1e6-43c7-984e-269be4c630ed', 'completed', 'take-away', 12500, 2, 1768813158184, 1768867180, 1768813159);
INSERT INTO "Order" ("id", "shift_id", "staff_id", "status", "customer_type", "total_amount", "total_items", "created_at", "printed_at", "telegram_reported_at") VALUES ('787bb593-b9de-4345-a542-2d012244305f', '9c824af1-7e3b-41ea-b899-9b7525a7e5ee', '9a4bc047-d1e6-43c7-984e-269be4c630ed', 'completed', 'take-away', 3500, 1, 1768816979747, 1768867180, 1768816980);
INSERT INTO "Order" ("id", "shift_id", "staff_id", "status", "customer_type", "total_amount", "total_items", "created_at", "printed_at", "telegram_reported_at") VALUES ('eacac6d1-c5d0-4395-b853-1f3e23e6c8dd', '9c824af1-7e3b-41ea-b899-9b7525a7e5ee', '9a4bc047-d1e6-43c7-984e-269be4c630ed', 'completed', 'take-away', 3500, 1, 1768817203708, 1768867180, 1768817204);
INSERT INTO "Order" ("id", "shift_id", "staff_id", "status", "customer_type", "total_amount", "total_items", "created_at", "printed_at", "telegram_reported_at") VALUES ('f087551c-21ec-450b-bdb1-41c05c3edacd', '9c824af1-7e3b-41ea-b899-9b7525a7e5ee', '9a4bc047-d1e6-43c7-984e-269be4c630ed', 'completed', 'take-away', 2500, 1, 1768817218107, 1768867180, 1768817218);
INSERT INTO "Order" ("id", "shift_id", "staff_id", "status", "customer_type", "total_amount", "total_items", "created_at", "printed_at", "telegram_reported_at") VALUES ('1a71292a-0971-4028-b791-329622a91e0f', '9c824af1-7e3b-41ea-b899-9b7525a7e5ee', '9a4bc047-d1e6-43c7-984e-269be4c630ed', 'completed', 'take-away', 3500, 1, 1768817500890, 1768867180, 1768817501);
INSERT INTO "Order" ("id", "shift_id", "staff_id", "status", "customer_type", "total_amount", "total_items", "created_at", "printed_at", "telegram_reported_at") VALUES ('ca40c65b-eb20-49ab-9a57-8419aba92d06', '9c824af1-7e3b-41ea-b899-9b7525a7e5ee', '9a4bc047-d1e6-43c7-984e-269be4c630ed', 'completed', 'take-away', 5500, 1, 1768821555664, 1768867180, 1768821556);
INSERT INTO "Order" ("id", "shift_id", "staff_id", "status", "customer_type", "total_amount", "total_items", "created_at", "printed_at", "telegram_reported_at") VALUES ('e4b75656-44eb-4086-85be-9ba3f80d4660', '9c824af1-7e3b-41ea-b899-9b7525a7e5ee', '9a4bc047-d1e6-43c7-984e-269be4c630ed', 'completed', 'take-away', 7000, 1, 1768825137426, 1768867180, 1768825138);
INSERT INTO "Order" ("id", "shift_id", "staff_id", "status", "customer_type", "total_amount", "total_items", "created_at", "printed_at", "telegram_reported_at") VALUES ('4e501717-d10a-4329-b309-0b5f7ae2b007', '9c824af1-7e3b-41ea-b899-9b7525a7e5ee', '9a4bc047-d1e6-43c7-984e-269be4c630ed', 'completed', 'take-away', 7000, 1, 1768825771316, 1768867180, 1768825772);
INSERT INTO "Order" ("id", "shift_id", "staff_id", "status", "customer_type", "total_amount", "total_items", "created_at", "printed_at", "telegram_reported_at") VALUES ('6b390856-c085-4652-866c-5a1a7f0e47e8', 'f02754b7-462e-418d-8d8d-06568672cf85', '9a4bc047-d1e6-43c7-984e-269be4c630ed', 'completed', 'take-away', 3500, 1, 1768867180189, 1768867180, 1768867180);
INSERT INTO "Order" ("id", "shift_id", "staff_id", "status", "customer_type", "total_amount", "total_items", "created_at", "printed_at", "telegram_reported_at") VALUES ('29fc6c1e-704f-4ccd-ae0a-595db2726507', 'f02754b7-462e-418d-8d8d-06568672cf85', '9a4bc047-d1e6-43c7-984e-269be4c630ed', 'completed', 'take-away', 9000, 2, 1768867603375, 1768867603, 1768867603);
INSERT INTO "Order" ("id", "shift_id", "staff_id", "status", "customer_type", "total_amount", "total_items", "created_at", "printed_at", "telegram_reported_at") VALUES ('89807731-3f18-461b-ba40-3ea530de63b0', 'f02754b7-462e-418d-8d8d-06568672cf85', '9a4bc047-d1e6-43c7-984e-269be4c630ed', 'completed', 'take-away', 3000, 1, 1768868047359, 1768868047, 1768868047);
INSERT INTO "Order" ("id", "shift_id", "staff_id", "status", "customer_type", "total_amount", "total_items", "created_at", "printed_at", "telegram_reported_at") VALUES ('115a69a8-5c46-4cc9-ac90-02b1610d24a9', 'f02754b7-462e-418d-8d8d-06568672cf85', '9a4bc047-d1e6-43c7-984e-269be4c630ed', 'completed', 'take-away', 8500, 2, 1768868079178, 1768868079, 1768868079);
INSERT INTO "Order" ("id", "shift_id", "staff_id", "status", "customer_type", "total_amount", "total_items", "created_at", "printed_at", "telegram_reported_at") VALUES ('588af014-b2e8-4fee-9ae4-203e47215393', 'f02754b7-462e-418d-8d8d-06568672cf85', '9a4bc047-d1e6-43c7-984e-269be4c630ed', 'completed', 'take-away', 3000, 1, 1768868229182, 1768868229, 1768868229);
INSERT INTO "Order" ("id", "shift_id", "staff_id", "status", "customer_type", "total_amount", "total_items", "created_at", "printed_at", "telegram_reported_at") VALUES ('82e394d5-9b1a-4bc2-9a2e-165ebabd0ee3', 'f02754b7-462e-418d-8d8d-06568672cf85', '9a4bc047-d1e6-43c7-984e-269be4c630ed', 'completed', 'take-away', 4500, 1, 1768868989255, 1768868989, 1768868989);
INSERT INTO "Order" ("id", "shift_id", "staff_id", "status", "customer_type", "total_amount", "total_items", "created_at", "printed_at", "telegram_reported_at") VALUES ('eb56b814-6ac9-415b-bfc2-0ff4d3af875b', 'f02754b7-462e-418d-8d8d-06568672cf85', '9a4bc047-d1e6-43c7-984e-269be4c630ed', 'completed', 'take-away', 15000, 4, 1768869852196, 1768869852, 1768869852);
INSERT INTO "Order" ("id", "shift_id", "staff_id", "status", "customer_type", "total_amount", "total_items", "created_at", "printed_at", "telegram_reported_at") VALUES ('d1416a5c-35c9-4bdd-8850-3a309c34fa94', 'f02754b7-462e-418d-8d8d-06568672cf85', '9a4bc047-d1e6-43c7-984e-269be4c630ed', 'completed', 'take-away', 10000, 2, 1768870279172, 1768870279, 1768870279);
INSERT INTO "Order" ("id", "shift_id", "staff_id", "status", "customer_type", "total_amount", "total_items", "created_at", "printed_at", "telegram_reported_at") VALUES ('3eb68017-c18c-4a90-a65d-b6a5363832e7', 'f02754b7-462e-418d-8d8d-06568672cf85', '9a4bc047-d1e6-43c7-984e-269be4c630ed', 'completed', 'take-away', 5000, 1, 1768870607294, 1768870607, 1768870607);
INSERT INTO "Order" ("id", "shift_id", "staff_id", "status", "customer_type", "total_amount", "total_items", "created_at", "printed_at", "telegram_reported_at") VALUES ('3a105a08-835b-401f-865d-1c95ae252ec5', 'f02754b7-462e-418d-8d8d-06568672cf85', '9a4bc047-d1e6-43c7-984e-269be4c630ed', 'completed', 'take-away', 2500, 1, 1768870674393, 1768870674, 1768870674);
INSERT INTO "Order" ("id", "shift_id", "staff_id", "status", "customer_type", "total_amount", "total_items", "created_at", "printed_at", "telegram_reported_at") VALUES ('5c9001cc-06a8-47bf-afc9-812905d6260e', 'f02754b7-462e-418d-8d8d-06568672cf85', '9a4bc047-d1e6-43c7-984e-269be4c630ed', 'completed', 'take-away', 5000, 1, 1768870801897, 1768870801, 1768870801);
INSERT INTO "Order" ("id", "shift_id", "staff_id", "status", "customer_type", "total_amount", "total_items", "created_at", "printed_at", "telegram_reported_at") VALUES ('bca8e3b7-4db4-4604-b08d-9345ca174688', 'f02754b7-462e-418d-8d8d-06568672cf85', '9a4bc047-d1e6-43c7-984e-269be4c630ed', 'completed', 'take-away', 4500, 1, 1768870815385, 1768870815, 1768870815);
INSERT INTO "Order" ("id", "shift_id", "staff_id", "status", "customer_type", "total_amount", "total_items", "created_at", "printed_at", "telegram_reported_at") VALUES ('b3d999a0-5470-4d61-976f-f1fb2f65e49c', 'f02754b7-462e-418d-8d8d-06568672cf85', '9a4bc047-d1e6-43c7-984e-269be4c630ed', 'completed', 'take-away', 14500, 3, 1768871480848, 1768871486, 1768872311);
INSERT INTO "Order" ("id", "shift_id", "staff_id", "status", "customer_type", "total_amount", "total_items", "created_at", "printed_at", "telegram_reported_at") VALUES ('47576397-bddc-4897-8b6f-db14b092a9e6', 'f02754b7-462e-418d-8d8d-06568672cf85', '9a4bc047-d1e6-43c7-984e-269be4c630ed', 'completed', 'take-away', 4500, 1, 1768872309421, 1768872310, 1768872310);
INSERT INTO "Order" ("id", "shift_id", "staff_id", "status", "customer_type", "total_amount", "total_items", "created_at", "printed_at", "telegram_reported_at") VALUES ('ef6082cf-f660-4da9-aad2-e02ea06e946c', 'f02754b7-462e-418d-8d8d-06568672cf85', '9a4bc047-d1e6-43c7-984e-269be4c630ed', 'completed', 'take-away', 13500, 3, 1768872746329, 1768872747, 1768872747);
INSERT INTO "Order" ("id", "shift_id", "staff_id", "status", "customer_type", "total_amount", "total_items", "created_at", "printed_at", "telegram_reported_at") VALUES ('7956d2eb-38e3-4fa9-8ef2-886ecf426d5e', 'f02754b7-462e-418d-8d8d-06568672cf85', '9a4bc047-d1e6-43c7-984e-269be4c630ed', 'completed', 'take-away', 14000, 2, 1768872791695, 1768872792, 1768872792);
INSERT INTO "Order" ("id", "shift_id", "staff_id", "status", "customer_type", "total_amount", "total_items", "created_at", "printed_at", "telegram_reported_at") VALUES ('33957651-968a-497c-8e47-c673aa271516', 'f02754b7-462e-418d-8d8d-06568672cf85', '9a4bc047-d1e6-43c7-984e-269be4c630ed', 'completed', 'take-away', 3000, 1, 1768873059122, 1768873060, 1768873060);
INSERT INTO "Order" ("id", "shift_id", "staff_id", "status", "customer_type", "total_amount", "total_items", "created_at", "printed_at", "telegram_reported_at") VALUES ('d47b6163-cec3-4cf7-939b-f92160e4cfdb', 'f02754b7-462e-418d-8d8d-06568672cf85', '9a4bc047-d1e6-43c7-984e-269be4c630ed', 'completed', 'take-away', 13500, 3, 1768873681205, 1768873682, 1768873682);
INSERT INTO "Order" ("id", "shift_id", "staff_id", "status", "customer_type", "total_amount", "total_items", "created_at", "printed_at", "telegram_reported_at") VALUES ('5063ee73-5fcf-47c4-97f8-0f6bcd765300', 'f02754b7-462e-418d-8d8d-06568672cf85', '9a4bc047-d1e6-43c7-984e-269be4c630ed', 'completed', 'take-away', 4500, 1, 1768873811820, 1768873812, 1768873812);
INSERT INTO "Order" ("id", "shift_id", "staff_id", "status", "customer_type", "total_amount", "total_items", "created_at", "printed_at", "telegram_reported_at") VALUES ('a67bd161-164b-414f-999a-571dfa8b099e', 'f02754b7-462e-418d-8d8d-06568672cf85', '9a4bc047-d1e6-43c7-984e-269be4c630ed', 'completed', 'take-away', 4500, 1, 1768873996290, 1768873997, 1768873997);
INSERT INTO "Order" ("id", "shift_id", "staff_id", "status", "customer_type", "total_amount", "total_items", "created_at", "printed_at", "telegram_reported_at") VALUES ('473ce9b2-1550-4531-872c-e967df08d576', 'f02754b7-462e-418d-8d8d-06568672cf85', '9a4bc047-d1e6-43c7-984e-269be4c630ed', 'completed', 'take-away', 14500, 3, 1768874653313, 1768874654, 1768874654);
INSERT INTO "Order" ("id", "shift_id", "staff_id", "status", "customer_type", "total_amount", "total_items", "created_at", "printed_at", "telegram_reported_at") VALUES ('59d4830a-74db-4d2c-8b8c-58a02333cf9a', 'f02754b7-462e-418d-8d8d-06568672cf85', '9a4bc047-d1e6-43c7-984e-269be4c630ed', 'completed', 'take-away', 4500, 1, 1768875016475, 1768875017, 1768875017);
INSERT INTO "Order" ("id", "shift_id", "staff_id", "status", "customer_type", "total_amount", "total_items", "created_at", "printed_at", "telegram_reported_at") VALUES ('8170c4f6-f8fb-4d66-aa5e-c83752c3c527', 'f02754b7-462e-418d-8d8d-06568672cf85', '9a4bc047-d1e6-43c7-984e-269be4c630ed', 'completed', 'take-away', 4000, 1, 1768875327217, 1768875328, 1768875328);
INSERT INTO "Order" ("id", "shift_id", "staff_id", "status", "customer_type", "total_amount", "total_items", "created_at", "printed_at", "telegram_reported_at") VALUES ('40736937-b928-415a-828d-e7bbca98a728', 'f02754b7-462e-418d-8d8d-06568672cf85', '9a4bc047-d1e6-43c7-984e-269be4c630ed', 'completed', 'take-away', 5500, 1, 1768875744466, 1768875745, 1768875745);
INSERT INTO "Order" ("id", "shift_id", "staff_id", "status", "customer_type", "total_amount", "total_items", "created_at", "printed_at", "telegram_reported_at") VALUES ('1a1d2c1f-2b52-41db-9ddf-e71f852b80e2', 'f02754b7-462e-418d-8d8d-06568672cf85', '9a4bc047-d1e6-43c7-984e-269be4c630ed', 'completed', 'take-away', 3500, 1, 1768877400668, 1768877401, 1768877401);
INSERT INTO "Order" ("id", "shift_id", "staff_id", "status", "customer_type", "total_amount", "total_items", "created_at", "printed_at", "telegram_reported_at") VALUES ('2932282b-d617-45fe-a9fb-6c86914eb14e', 'f02754b7-462e-418d-8d8d-06568672cf85', '9a4bc047-d1e6-43c7-984e-269be4c630ed', 'completed', 'take-away', 4500, 1, 1768877795009, 1768877795, 1768877795);
INSERT INTO "Order" ("id", "shift_id", "staff_id", "status", "customer_type", "total_amount", "total_items", "created_at", "printed_at", "telegram_reported_at") VALUES ('72952850-f583-43ef-9f57-412a7ad0cebc', 'f02754b7-462e-418d-8d8d-06568672cf85', '9a4bc047-d1e6-43c7-984e-269be4c630ed', 'completed', 'take-away', 4500, 1, 1768879901807, 1768879902, 1768879902);
INSERT INTO "Order" ("id", "shift_id", "staff_id", "status", "customer_type", "total_amount", "total_items", "created_at", "printed_at", "telegram_reported_at") VALUES ('107557f6-434e-42da-ae56-52b69b090f0d', 'f02754b7-462e-418d-8d8d-06568672cf85', '9a4bc047-d1e6-43c7-984e-269be4c630ed', 'completed', 'take-away', 3000, 1, 1768879920050, 1768879921, 1768879920);
INSERT INTO "Order" ("id", "shift_id", "staff_id", "status", "customer_type", "total_amount", "total_items", "created_at", "printed_at", "telegram_reported_at") VALUES ('e341cc8b-8cc2-406c-8608-2e9c55325b73', 'f02754b7-462e-418d-8d8d-06568672cf85', '9a4bc047-d1e6-43c7-984e-269be4c630ed', 'completed', 'take-away', 4500, 1, 1768880186626, 1768880187, 1768880187);
INSERT INTO "Order" ("id", "shift_id", "staff_id", "status", "customer_type", "total_amount", "total_items", "created_at", "printed_at", "telegram_reported_at") VALUES ('fed966f8-fa04-4813-a8b2-17d68de481e1', 'f02754b7-462e-418d-8d8d-06568672cf85', '9a4bc047-d1e6-43c7-984e-269be4c630ed', 'completed', 'take-away', 5500, 1, 1768880472818, 1768880473, 1768880473);
INSERT INTO "Order" ("id", "shift_id", "staff_id", "status", "customer_type", "total_amount", "total_items", "created_at", "printed_at", "telegram_reported_at") VALUES ('a63ffb6c-a0e3-4841-9a3e-0522b95a6be3', 'f02754b7-462e-418d-8d8d-06568672cf85', '9a4bc047-d1e6-43c7-984e-269be4c630ed', 'completed', 'take-away', 3500, 1, 1768882599709, 1768882600, 1768882600);
INSERT INTO "Order" ("id", "shift_id", "staff_id", "status", "customer_type", "total_amount", "total_items", "created_at", "printed_at", "telegram_reported_at") VALUES ('8adc2f14-0b1a-4a01-8d19-ef89119b33d1', 'f02754b7-462e-418d-8d8d-06568672cf85', '9a4bc047-d1e6-43c7-984e-269be4c630ed', 'completed', 'take-away', 13000, 3, 1768882667941, 1768882668, 1768882668);
INSERT INTO "Order" ("id", "shift_id", "staff_id", "status", "customer_type", "total_amount", "total_items", "created_at", "printed_at", "telegram_reported_at") VALUES ('c20f9225-ad09-4a8c-8162-5da3451ee60e', 'f02754b7-462e-418d-8d8d-06568672cf85', '9a4bc047-d1e6-43c7-984e-269be4c630ed', 'completed', 'take-away', 8500, 2, 1768883013986, 1768883014, 1768883014);
INSERT INTO "Order" ("id", "shift_id", "staff_id", "status", "customer_type", "total_amount", "total_items", "created_at", "printed_at", "telegram_reported_at") VALUES ('23145eb3-9d5e-4f38-b1aa-e0f66b60ae5d', 'f02754b7-462e-418d-8d8d-06568672cf85', '9a4bc047-d1e6-43c7-984e-269be4c630ed', 'completed', 'take-away', 7000, 2, 1768883289411, 1768883290, 1768883290);
INSERT INTO "Order" ("id", "shift_id", "staff_id", "status", "customer_type", "total_amount", "total_items", "created_at", "printed_at", "telegram_reported_at") VALUES ('3dead2b5-5c0d-460d-ad7f-b9181eb5f775', 'f02754b7-462e-418d-8d8d-06568672cf85', '9a4bc047-d1e6-43c7-984e-269be4c630ed', 'completed', 'take-away', 2500, 1, 1768883310964, 1768883311, 1768883311);
INSERT INTO "Order" ("id", "shift_id", "staff_id", "status", "customer_type", "total_amount", "total_items", "created_at", "printed_at", "telegram_reported_at") VALUES ('69476f8f-e696-4668-9db9-7384ed771b2f', 'f02754b7-462e-418d-8d8d-06568672cf85', '9a4bc047-d1e6-43c7-984e-269be4c630ed', 'completed', 'take-away', 6000, 1, 1768883505462, 1768883506, 1768883506);
INSERT INTO "Order" ("id", "shift_id", "staff_id", "status", "customer_type", "total_amount", "total_items", "created_at", "printed_at", "telegram_reported_at") VALUES ('2a663984-e510-4bb2-9c5c-807fc967f28f', 'f02754b7-462e-418d-8d8d-06568672cf85', '9a4bc047-d1e6-43c7-984e-269be4c630ed', 'completed', 'take-away', 16500, 3, 1768885755659, 1768885756, 1768885756);
INSERT INTO "Order" ("id", "shift_id", "staff_id", "status", "customer_type", "total_amount", "total_items", "created_at", "printed_at", "telegram_reported_at") VALUES ('2903502f-f8e1-4830-8479-774582be4ef0', 'f02754b7-462e-418d-8d8d-06568672cf85', '9a4bc047-d1e6-43c7-984e-269be4c630ed', 'completed', 'take-away', 14000, 2, 1768886011183, 1768886012, 1768886012);
INSERT INTO "Order" ("id", "shift_id", "staff_id", "status", "customer_type", "total_amount", "total_items", "created_at", "printed_at", "telegram_reported_at") VALUES ('fe0dbae6-e5c3-4cb9-a157-4bcee0bc030b', 'f02754b7-462e-418d-8d8d-06568672cf85', '9a4bc047-d1e6-43c7-984e-269be4c630ed', 'completed', 'take-away', 4500, 1, 1768886553269, 1768886554, 1768886554);
INSERT INTO "Order" ("id", "shift_id", "staff_id", "status", "customer_type", "total_amount", "total_items", "created_at", "printed_at", "telegram_reported_at") VALUES ('129a3e2f-1274-43a6-a767-84e7d6406062', 'f02754b7-462e-418d-8d8d-06568672cf85', '9a4bc047-d1e6-43c7-984e-269be4c630ed', 'completed', 'take-away', 7500, 2, 1768889597949, 1768889598, 1768889598);
INSERT INTO "Order" ("id", "shift_id", "staff_id", "status", "customer_type", "total_amount", "total_items", "created_at", "printed_at", "telegram_reported_at") VALUES ('229193c4-a6cd-4dd0-9ce4-39c2631a6cd9', 'f02754b7-462e-418d-8d8d-06568672cf85', '9a4bc047-d1e6-43c7-984e-269be4c630ed', 'completed', 'take-away', 14000, 2, 1768889815650, 1768889816, 1768889816);
INSERT INTO "Order" ("id", "shift_id", "staff_id", "status", "customer_type", "total_amount", "total_items", "created_at", "printed_at", "telegram_reported_at") VALUES ('3e47b209-4bba-47cb-b690-279f6cc63943', 'f02754b7-462e-418d-8d8d-06568672cf85', '9a4bc047-d1e6-43c7-984e-269be4c630ed', 'completed', 'take-away', 13500, 3, 1768889975190, 1768889976, 1768889976);
INSERT INTO "Order" ("id", "shift_id", "staff_id", "status", "customer_type", "total_amount", "total_items", "created_at", "printed_at", "telegram_reported_at") VALUES ('7d708e4b-0644-4e24-bfca-89b227046ca0', 'f02754b7-462e-418d-8d8d-06568672cf85', '9a4bc047-d1e6-43c7-984e-269be4c630ed', 'completed', 'take-away', 5000, 1, 1768890073659, 1768890074, 1768890074);
INSERT INTO "Order" ("id", "shift_id", "staff_id", "status", "customer_type", "total_amount", "total_items", "created_at", "printed_at", "telegram_reported_at") VALUES ('b7b27730-df11-4a85-abad-1aa412bdc9be', 'f02754b7-462e-418d-8d8d-06568672cf85', '9a4bc047-d1e6-43c7-984e-269be4c630ed', 'completed', 'take-away', 5500, 1, 1768891377179, 1768891378, 1768891378);
INSERT INTO "Order" ("id", "shift_id", "staff_id", "status", "customer_type", "total_amount", "total_items", "created_at", "printed_at", "telegram_reported_at") VALUES ('1e0189db-a0ab-414e-8226-ca65316bd439', 'f02754b7-462e-418d-8d8d-06568672cf85', '9a4bc047-d1e6-43c7-984e-269be4c630ed', 'completed', 'take-away', 21500, 4, 1768891671770, 1768891672, 1768891672);
INSERT INTO "Order" ("id", "shift_id", "staff_id", "status", "customer_type", "total_amount", "total_items", "created_at", "printed_at", "telegram_reported_at") VALUES ('2c1dbd2c-9b42-4437-991e-9c6c23e0cd90', '636ec3a1-a19b-490b-a176-f9dbf5e49971', '9a4bc047-d1e6-43c7-984e-269be4c630ed', 'completed', 'take-away', 7000, 1, 1768892327515, 1768892328, 1768892328);
INSERT INTO "Order" ("id", "shift_id", "staff_id", "status", "customer_type", "total_amount", "total_items", "created_at", "printed_at", "telegram_reported_at") VALUES ('cc467079-cd8e-4f63-96cf-4492c238de9f', '636ec3a1-a19b-490b-a176-f9dbf5e49971', '9a4bc047-d1e6-43c7-984e-269be4c630ed', 'completed', 'take-away', 5500, 1, 1768892793605, 1768892794, 1768892794);
INSERT INTO "Order" ("id", "shift_id", "staff_id", "status", "customer_type", "total_amount", "total_items", "created_at", "printed_at", "telegram_reported_at") VALUES ('b72d8d25-63b7-4db0-a28f-4e4677f47ea2', '636ec3a1-a19b-490b-a176-f9dbf5e49971', '9a4bc047-d1e6-43c7-984e-269be4c630ed', 'completed', 'take-away', 10500, 3, 1768893711737, 1768893712, 1768893712);
INSERT INTO "Order" ("id", "shift_id", "staff_id", "status", "customer_type", "total_amount", "total_items", "created_at", "printed_at", "telegram_reported_at") VALUES ('20a9d9b4-f269-4d73-9e5a-8feb6bfa4a1d', '636ec3a1-a19b-490b-a176-f9dbf5e49971', '9a4bc047-d1e6-43c7-984e-269be4c630ed', 'completed', 'take-away', 3000, 1, 1768894357527, 1768894358, 1768894358);
INSERT INTO "Order" ("id", "shift_id", "staff_id", "status", "customer_type", "total_amount", "total_items", "created_at", "printed_at", "telegram_reported_at") VALUES ('bfb287ec-3035-4485-aac0-a8c075b866b9', '636ec3a1-a19b-490b-a176-f9dbf5e49971', '9a4bc047-d1e6-43c7-984e-269be4c630ed', 'completed', 'take-away', 5500, 1, 1768894370126, 1768894371, 1768894370);
INSERT INTO "Order" ("id", "shift_id", "staff_id", "status", "customer_type", "total_amount", "total_items", "created_at", "printed_at", "telegram_reported_at") VALUES ('c3f13ae7-5e1b-4c69-a79b-bbfa9e0545ba', '636ec3a1-a19b-490b-a176-f9dbf5e49971', '9a4bc047-d1e6-43c7-984e-269be4c630ed', 'completed', 'take-away', 4500, 1, 1768898852314, 1768898853, 1768898853);
INSERT INTO "Order" ("id", "shift_id", "staff_id", "status", "customer_type", "total_amount", "total_items", "created_at", "printed_at", "telegram_reported_at") VALUES ('f4809c73-0b85-4b83-9ed1-62d67c05bdc7', '636ec3a1-a19b-490b-a176-f9dbf5e49971', '9a4bc047-d1e6-43c7-984e-269be4c630ed', 'completed', 'take-away', 3500, 1, 1768900691343, 1768900692, 1768900692);
INSERT INTO "Order" ("id", "shift_id", "staff_id", "status", "customer_type", "total_amount", "total_items", "created_at", "printed_at", "telegram_reported_at") VALUES ('59c6dc53-503c-4b8a-aa9c-4d7872963eff', '636ec3a1-a19b-490b-a176-f9dbf5e49971', '9a4bc047-d1e6-43c7-984e-269be4c630ed', 'completed', 'take-away', 7000, 2, 1768902611830, 1768902612, 1768902612);
INSERT INTO "Order" ("id", "shift_id", "staff_id", "status", "customer_type", "total_amount", "total_items", "created_at", "printed_at", "telegram_reported_at") VALUES ('bdea0841-b3b7-478b-9820-0f9c628fe75a', '636ec3a1-a19b-490b-a176-f9dbf5e49971', '9a4bc047-d1e6-43c7-984e-269be4c630ed', 'completed', 'take-away', 3000, 1, 1768903598804, 1768903599, 1768903599);
INSERT INTO "Order" ("id", "shift_id", "staff_id", "status", "customer_type", "total_amount", "total_items", "created_at", "printed_at", "telegram_reported_at") VALUES ('2016c235-078c-410b-b4ac-a92d3ef02a4a', '636ec3a1-a19b-490b-a176-f9dbf5e49971', '9a4bc047-d1e6-43c7-984e-269be4c630ed', 'completed', 'take-away', 5500, 1, 1768905613774, 1768905614, 1768905614);
INSERT INTO "Order" ("id", "shift_id", "staff_id", "status", "customer_type", "total_amount", "total_items", "created_at", "printed_at", "telegram_reported_at") VALUES ('8fd3308e-13e1-4c90-b8b5-ac9dce6bf831', '636ec3a1-a19b-490b-a176-f9dbf5e49971', '9a4bc047-d1e6-43c7-984e-269be4c630ed', 'completed', 'take-away', 5500, 1, 1768905785315, 1768905786, 1768905786);
INSERT INTO "Order" ("id", "shift_id", "staff_id", "status", "customer_type", "total_amount", "total_items", "created_at", "printed_at", "telegram_reported_at") VALUES ('73ac9b7a-56cc-4607-a9e2-9f473e3d1f6e', '636ec3a1-a19b-490b-a176-f9dbf5e49971', '9a4bc047-d1e6-43c7-984e-269be4c630ed', 'completed', 'take-away', 2500, 1, 1768907973644, 1768907974, 1768907974);
INSERT INTO "Order" ("id", "shift_id", "staff_id", "status", "customer_type", "total_amount", "total_items", "created_at", "printed_at", "telegram_reported_at") VALUES ('9a95c3c5-3b5c-4574-a77c-628ebb6dd53a', '636ec3a1-a19b-490b-a176-f9dbf5e49971', '9a4bc047-d1e6-43c7-984e-269be4c630ed', 'completed', 'take-away', 5000, 1, 1768908673723, 1768908674, 1768908674);
INSERT INTO "Order" ("id", "shift_id", "staff_id", "status", "customer_type", "total_amount", "total_items", "created_at", "printed_at", "telegram_reported_at") VALUES ('7c73c287-e475-490e-9582-ad219f478c6b', '636ec3a1-a19b-490b-a176-f9dbf5e49971', '9a4bc047-d1e6-43c7-984e-269be4c630ed', 'completed', 'take-away', 5500, 1, 1768908968102, 1768908969, 1768908968);
INSERT INTO "Order" ("id", "shift_id", "staff_id", "status", "customer_type", "total_amount", "total_items", "created_at", "printed_at", "telegram_reported_at") VALUES ('a9c65131-9618-4153-b0ee-47704d5e88f0', '636ec3a1-a19b-490b-a176-f9dbf5e49971', '9a4bc047-d1e6-43c7-984e-269be4c630ed', 'completed', 'take-away', 3000, 1, 1768912038616, 1768912039, 1768912039);
INSERT INTO "Order" ("id", "shift_id", "staff_id", "status", "customer_type", "total_amount", "total_items", "created_at", "printed_at", "telegram_reported_at") VALUES ('9b141fc7-1014-4f21-beaa-b18d61f44d45', 'e7ef99f4-4e75-402c-b35d-6d63c2f6b37d', '9a4bc047-d1e6-43c7-984e-269be4c630ed', 'completed', 'take-away', 20000, 3, 1769587833652, 1769588974, 1769587833);
INSERT INTO "Order" ("id", "shift_id", "staff_id", "status", "customer_type", "total_amount", "total_items", "created_at", "printed_at", "telegram_reported_at") VALUES ('7cecb153-34b6-4abc-9bd3-fb70a9da9a94', 'e7ef99f4-4e75-402c-b35d-6d63c2f6b37d', '9a4bc047-d1e6-43c7-984e-269be4c630ed', 'completed', 'take-away', 14000, 2, 1769589223917, 1769589223, 1769589223);
INSERT INTO "Order" ("id", "shift_id", "staff_id", "status", "customer_type", "total_amount", "total_items", "created_at", "printed_at", "telegram_reported_at") VALUES ('e990a7ca-7148-4766-b61c-1968162c5585', 'e7ef99f4-4e75-402c-b35d-6d63c2f6b37d', '9a4bc047-d1e6-43c7-984e-269be4c630ed', 'completed', 'take-away', 19000, 3, 1769592728969, 1769592729, 1769592729);
INSERT INTO "Order" ("id", "shift_id", "staff_id", "status", "customer_type", "total_amount", "total_items", "created_at", "printed_at", "telegram_reported_at") VALUES ('c9f80732-c99f-4703-abe4-678df40bfb51', 'e7ef99f4-4e75-402c-b35d-6d63c2f6b37d', '9a4bc047-d1e6-43c7-984e-269be4c630ed', 'completed', 'take-away', 21000, 2, 1769653413511, 1769653414, 1769653414);
INSERT INTO "Order" ("id", "shift_id", "staff_id", "status", "customer_type", "total_amount", "total_items", "created_at", "printed_at", "telegram_reported_at") VALUES ('f22315e5-1b6b-4c6c-8223-7d6ecc085df2', 'e7ef99f4-4e75-402c-b35d-6d63c2f6b37d', '9a4bc047-d1e6-43c7-984e-269be4c630ed', 'completed', 'take-away', 33000, 4, 1769660091725, 1769660092, 1769660092);
INSERT INTO "Order" ("id", "shift_id", "staff_id", "status", "customer_type", "total_amount", "total_items", "created_at", "printed_at", "telegram_reported_at") VALUES ('4cb83dfa-3c73-476f-8459-92642d52b470', 'e7ef99f4-4e75-402c-b35d-6d63c2f6b37d', '9a4bc047-d1e6-43c7-984e-269be4c630ed', 'completed', 'take-away', 57000, 6, 1769660145630, 1769660146, 1769660146);
INSERT INTO "OrderItem" ("id", "order_id", "menu_item_id", "quantity", "unit_price") VALUES ('931022a4-406e-4a5b-b39f-98a851d60da3', 'a55525c0-7767-4897-b973-fa1d3fccaca8', '4f670355-c659-4523-83ef-43ee8084e651', 2, 5000);
INSERT INTO "OrderItem" ("id", "order_id", "menu_item_id", "quantity", "unit_price") VALUES ('1e9339b7-6269-41f8-b786-c126c022843e', 'a55525c0-7767-4897-b973-fa1d3fccaca8', 'dc21ef49-1385-4672-b2f5-0dbce6a91c0b', 1, 5000);
INSERT INTO "OrderItem" ("id", "order_id", "menu_item_id", "quantity", "unit_price") VALUES ('1593d4b5-fbed-44a3-90d1-86d7ed114347', 'ad4c76c8-ef1f-4ad4-82fa-13fd309287ed', '1f69823d-0d32-4665-8c5e-cd4307fff4f0', 2, 4500);
INSERT INTO "OrderItem" ("id", "order_id", "menu_item_id", "quantity", "unit_price") VALUES ('116393f3-7bc4-4011-94b4-1ded469afe84', 'efc5af35-9636-4c09-a0aa-8de72e4d9a48', '634d4ad0-7bbc-4d6e-8571-5aa2ebd1a57b', 1, 4000);
INSERT INTO "OrderItem" ("id", "order_id", "menu_item_id", "quantity", "unit_price") VALUES ('27609227-b2a2-46ee-a8d0-41480f95b090', '8d6e68ad-275a-4669-8331-11296de7234e', '4f670355-c659-4523-83ef-43ee8084e651', 1, 5000);
INSERT INTO "OrderItem" ("id", "order_id", "menu_item_id", "quantity", "unit_price") VALUES ('3754c9d7-416b-4e2c-9172-70908b261ce7', '7c4a1bea-87ae-4091-84ba-bc57a4e3f86a', '4f670355-c659-4523-83ef-43ee8084e651', 1, 5000);
INSERT INTO "OrderItem" ("id", "order_id", "menu_item_id", "quantity", "unit_price") VALUES ('3051b4f6-809c-46c5-84a8-9e2559d37b56', 'd6438cee-036d-4f88-996d-17449ec3e144', '4f670355-c659-4523-83ef-43ee8084e651', 1, 5000);
INSERT INTO "OrderItem" ("id", "order_id", "menu_item_id", "quantity", "unit_price") VALUES ('37261e69-17f1-42a2-aa2e-343dff7f4da5', '329ad2c6-baf1-46ea-8ce6-a4a9f64bb732', '634d4ad0-7bbc-4d6e-8571-5aa2ebd1a57b', 1, 4000);
INSERT INTO "OrderItem" ("id", "order_id", "menu_item_id", "quantity", "unit_price") VALUES ('b71cc8fe-250e-4843-8a3a-3faa5bad3bd8', 'e7a4704a-9ed1-485a-94cd-914387432a3d', '4f670355-c659-4523-83ef-43ee8084e651', 1, 5000);
INSERT INTO "OrderItem" ("id", "order_id", "menu_item_id", "quantity", "unit_price") VALUES ('e96d262a-9adc-4aad-bfa8-d42caeb3001d', '89e31a79-115e-466b-ace3-c857ea515b7e', '634d4ad0-7bbc-4d6e-8571-5aa2ebd1a57b', 1, 4000);
INSERT INTO "OrderItem" ("id", "order_id", "menu_item_id", "quantity", "unit_price") VALUES ('ebfd7258-7dc2-4ccc-bdcd-88ddeb902b8b', '94cbb1de-f9e7-4c27-adc3-ba568ecd806e', 'dc21ef49-1385-4672-b2f5-0dbce6a91c0b', 1, 5000);
INSERT INTO "OrderItem" ("id", "order_id", "menu_item_id", "quantity", "unit_price") VALUES ('a08e40c8-c9ba-43dd-b23e-7e98cd43c6ce', '32f78361-f429-4ae9-a1f7-ae619a55d061', '4f670355-c659-4523-83ef-43ee8084e651', 1, 5000);
INSERT INTO "OrderItem" ("id", "order_id", "menu_item_id", "quantity", "unit_price") VALUES ('42587844-10f7-4da0-8e9a-08468aa0a5fc', 'b8d57964-3594-4dbd-b830-c3c6fbcdc3b7', '4f670355-c659-4523-83ef-43ee8084e651', 1, 5000);
INSERT INTO "OrderItem" ("id", "order_id", "menu_item_id", "quantity", "unit_price") VALUES ('15fc9bf8-9ff4-4215-914e-ff48db143d01', 'b03e5113-dd3f-42ab-8eb0-4da7267eff1c', 'dc21ef49-1385-4672-b2f5-0dbce6a91c0b', 1, 5000);
INSERT INTO "OrderItem" ("id", "order_id", "menu_item_id", "quantity", "unit_price") VALUES ('46db3e2e-2263-43d6-b35f-cc8e1c3c95b4', '66537c99-9f74-4b32-9d0d-acd5432b8aec', '4f670355-c659-4523-83ef-43ee8084e651', 1, 5000);
INSERT INTO "OrderItem" ("id", "order_id", "menu_item_id", "quantity", "unit_price") VALUES ('b7f7990a-f357-4a35-b05e-b92172997c4f', '060f02c4-f58c-45c2-925a-2820542d09ee', '4f670355-c659-4523-83ef-43ee8084e651', 1, 5000);
INSERT INTO "OrderItem" ("id", "order_id", "menu_item_id", "quantity", "unit_price") VALUES ('7d34d302-c726-4dc6-9274-97298c04e20c', '594d99a4-5d99-4e2d-8e8a-8044bdbd6361', '4f670355-c659-4523-83ef-43ee8084e651', 2, 5000);
INSERT INTO "OrderItem" ("id", "order_id", "menu_item_id", "quantity", "unit_price") VALUES ('15eb6573-4ad6-40a5-a5d2-b2b2e7fd1218', '594d99a4-5d99-4e2d-8e8a-8044bdbd6361', '5f8bd1a4-bccb-4d15-89a5-d808e74927a3', 1, 4000);
INSERT INTO "OrderItem" ("id", "order_id", "menu_item_id", "quantity", "unit_price") VALUES ('10c3b46f-3baf-4220-901e-69e886fce760', '594d99a4-5d99-4e2d-8e8a-8044bdbd6361', '4f670355-c659-4523-83ef-43ee8084e651', 1, 5000);
INSERT INTO "OrderItem" ("id", "order_id", "menu_item_id", "quantity", "unit_price") VALUES ('991fb8f0-5f62-428b-95e1-ab7ad38e068a', 'b95c7478-fc8b-4744-be34-b4c06deb9ea4', 'dc21ef49-1385-4672-b2f5-0dbce6a91c0b', 1, 5000);
INSERT INTO "OrderItem" ("id", "order_id", "menu_item_id", "quantity", "unit_price") VALUES ('e996e543-bb94-4179-89eb-2759ba2d7f54', 'b95c7478-fc8b-4744-be34-b4c06deb9ea4', '5f8bd1a4-bccb-4d15-89a5-d808e74927a3', 1, 4000);
INSERT INTO "OrderItem" ("id", "order_id", "menu_item_id", "quantity", "unit_price") VALUES ('67f01a70-445e-4ddd-8b9d-aa36b4b07630', '8442c7c0-8a33-4366-97fb-624572c259f4', 'cb2b64ed-79bc-4cd0-80a6-c42101882ed0', 1, 3500);
INSERT INTO "OrderItem" ("id", "order_id", "menu_item_id", "quantity", "unit_price") VALUES ('aefe6545-3db4-4914-b400-cbc168c0ad4f', 'b24a6dfd-85d6-4f54-a422-78794c4165c6', '9b9a2aeb-7abe-4c8c-b83f-f1d9e59494cc', 1, 7000);
INSERT INTO "OrderItem" ("id", "order_id", "menu_item_id", "quantity", "unit_price") VALUES ('3fcafe5f-34dd-41c0-9647-57c9c6a4e707', '3edd88da-e872-484b-a07c-cccd491e389c', '211de09d-8f29-4325-8657-52bd56f033c0', 1, 5500);
INSERT INTO "OrderItem" ("id", "order_id", "menu_item_id", "quantity", "unit_price") VALUES ('a4edf94d-950f-4c15-ab7d-2a94ea4092e7', '50d14a67-2f30-4970-9cb2-d0bb358566c1', '211de09d-8f29-4325-8657-52bd56f033c0', 1, 5500);
INSERT INTO "OrderItem" ("id", "order_id", "menu_item_id", "quantity", "unit_price") VALUES ('a605db29-a37c-42f9-a240-db8d0ecb5667', '50d14a67-2f30-4970-9cb2-d0bb358566c1', 'b7edd196-35e2-4f10-9d24-0bb5fd52b4fa', 1, 7500);
INSERT INTO "OrderItem" ("id", "order_id", "menu_item_id", "quantity", "unit_price") VALUES ('2a2d70c0-210c-4651-a1e4-2e9395f674db', 'd99a10c2-662a-4720-965b-61a1f704cbde', '211de09d-8f29-4325-8657-52bd56f033c0', 2, 5500);
INSERT INTO "OrderItem" ("id", "order_id", "menu_item_id", "quantity", "unit_price") VALUES ('10d88be8-bf4f-4b74-91c3-865800595d2e', '9fc65993-9b48-4258-9701-43ef6ce3dfeb', 'b0683c48-5dd5-4c7e-968b-8d879417c92c', 1, 2500);
INSERT INTO "OrderItem" ("id", "order_id", "menu_item_id", "quantity", "unit_price") VALUES ('0be4c339-52ee-485e-b1af-5274c59d317e', '5818b121-f8f9-4cfe-9a37-cce869e7c511', '5f8bd1a4-bccb-4d15-89a5-d808e74927a3', 1, 4000);
INSERT INTO "OrderItem" ("id", "order_id", "menu_item_id", "quantity", "unit_price") VALUES ('f850d42f-69b5-4f3b-a072-2f10bf97ed09', '5818b121-f8f9-4cfe-9a37-cce869e7c511', '4f150684-2d4c-4d72-b49b-0725f44ff2cd', 1, 7500);
INSERT INTO "OrderItem" ("id", "order_id", "menu_item_id", "quantity", "unit_price") VALUES ('d112dbf2-fb19-449a-81d8-6e18429d58ae', '6340d979-8f7d-4218-8f5c-a53326af2c14', '1f69823d-0d32-4665-8c5e-cd4307fff4f0', 1, 4500);
INSERT INTO "OrderItem" ("id", "order_id", "menu_item_id", "quantity", "unit_price") VALUES ('6e2cab76-fae4-42d5-a2fd-08e27c8fcd63', '6340d979-8f7d-4218-8f5c-a53326af2c14', '57d8fa78-e098-430d-afc6-a4ae411691c6', 2, 3000);
INSERT INTO "OrderItem" ("id", "order_id", "menu_item_id", "quantity", "unit_price") VALUES ('98aac474-c1d3-4837-b329-b405b1cceae1', '171c701e-fc73-4b1d-8948-43d6cc6094f3', '83826401-f891-45ec-801c-2c9499d195de', 1, 7000);
INSERT INTO "OrderItem" ("id", "order_id", "menu_item_id", "quantity", "unit_price") VALUES ('322ded2d-9ac9-4685-b7f8-f193a2fab773', '6a40b1a1-9d68-4ccf-8ad6-c3bfb7b6b6bc', '83826401-f891-45ec-801c-2c9499d195de', 3, 7000);
INSERT INTO "OrderItem" ("id", "order_id", "menu_item_id", "quantity", "unit_price") VALUES ('75dfdab5-8e6c-4868-b639-6b8501dff093', '8b85f8a6-66fe-466d-bc0d-92603a4ae2d2', 'b7edd196-35e2-4f10-9d24-0bb5fd52b4fa', 1, 7500);
INSERT INTO "OrderItem" ("id", "order_id", "menu_item_id", "quantity", "unit_price") VALUES ('7de6c3b3-35df-4842-a8fe-c182d4855331', '8b85f8a6-66fe-466d-bc0d-92603a4ae2d2', '7182a19b-cf72-4252-8ef0-acf42566f898', 1, 3500);
INSERT INTO "OrderItem" ("id", "order_id", "menu_item_id", "quantity", "unit_price") VALUES ('50394267-8ffb-4deb-b44f-ab3f660ae3ec', '88c127ae-f86d-45de-8016-64571bc9a3c1', '17de86ff-b0f2-411c-bdac-515c7d797316', 1, 6500);
INSERT INTO "OrderItem" ("id", "order_id", "menu_item_id", "quantity", "unit_price") VALUES ('2ffdcedd-2da8-412a-879d-95e6835b4da2', 'ead9b40a-bff5-477a-a3e8-9dadf9830af1', '4f150684-2d4c-4d72-b49b-0725f44ff2cd', 2, 7500);
INSERT INTO "OrderItem" ("id", "order_id", "menu_item_id", "quantity", "unit_price") VALUES ('d08ca8db-71a8-49e0-b8b6-ac767e8907cb', '8dbd67fc-aee0-4977-a131-3d0cc6fc3602', '1f275ef8-afaf-42c7-a768-bf79074896db', 2, 5000);
INSERT INTO "OrderItem" ("id", "order_id", "menu_item_id", "quantity", "unit_price") VALUES ('5130df62-2f15-40f3-8443-87a17fa974b9', '7f11b302-60d9-45fe-8b48-f5e3f913edbd', '7182a19b-cf72-4252-8ef0-acf42566f898', 1, 4500);
INSERT INTO "OrderItem" ("id", "order_id", "menu_item_id", "quantity", "unit_price") VALUES ('fe6c0474-d45f-427c-b405-8a2302e9afe4', '7f11b302-60d9-45fe-8b48-f5e3f913edbd', 'ff9fd796-2c00-4a68-9dca-473516b2db89', 1, 3500);
INSERT INTO "OrderItem" ("id", "order_id", "menu_item_id", "quantity", "unit_price") VALUES ('e61367ba-caa2-478b-a9dc-8bd2aa1ee6f1', '940ef891-d4d3-40ef-9976-2a297a1dbba3', '83826401-f891-45ec-801c-2c9499d195de', 2, 7000);
INSERT INTO "OrderItem" ("id", "order_id", "menu_item_id", "quantity", "unit_price") VALUES ('5c862f2c-ceee-4a11-b8a4-d573debfb11c', '9d4c3678-5378-4792-9448-fe6303df38ab', '1f69823d-0d32-4665-8c5e-cd4307fff4f0', 1, 4500);
INSERT INTO "OrderItem" ("id", "order_id", "menu_item_id", "quantity", "unit_price") VALUES ('ec77b7c6-5aea-4fdb-9043-99ea24c5edd3', '9d4c3678-5378-4792-9448-fe6303df38ab', '1f69823d-0d32-4665-8c5e-cd4307fff4f0', 2, 4500);
INSERT INTO "OrderItem" ("id", "order_id", "menu_item_id", "quantity", "unit_price") VALUES ('7c5fe219-c957-4d0d-9bd4-a7986d27470e', '9d4c3678-5378-4792-9448-fe6303df38ab', '1f69823d-0d32-4665-8c5e-cd4307fff4f0', 3, 4500);
INSERT INTO "OrderItem" ("id", "order_id", "menu_item_id", "quantity", "unit_price") VALUES ('54493983-f40b-4395-9d97-72242aa623e9', 'a08413f1-7ece-438e-9519-dd8bd395171e', '1f69823d-0d32-4665-8c5e-cd4307fff4f0', 2, 4500);
INSERT INTO "OrderItem" ("id", "order_id", "menu_item_id", "quantity", "unit_price") VALUES ('1a4ee9ae-d052-4acf-9f75-1afbcd4f541d', '7e0b840f-4d83-45e8-9cb5-7e0e599f6897', '7f4998a7-51b9-4233-8570-d5252f70383c', 2, 3000);
INSERT INTO "OrderItem" ("id", "order_id", "menu_item_id", "quantity", "unit_price") VALUES ('ecd066bd-e854-4e82-9f6f-606d4eb8bfd6', 'be28a14f-5208-431f-9579-9ff3f189c528', '7f4998a7-51b9-4233-8570-d5252f70383c', 1, 3500);
INSERT INTO "OrderItem" ("id", "order_id", "menu_item_id", "quantity", "unit_price") VALUES ('c9f528c2-c567-4f1b-b44a-c7aea458a0ba', '493006db-0cce-4f3a-aab1-41e2dd4218d1', '07b695d9-a7f8-45e7-943a-c4e64ed50fb9', 1, 3500);
INSERT INTO "OrderItem" ("id", "order_id", "menu_item_id", "quantity", "unit_price") VALUES ('2fbda433-f54b-45db-9867-724fe5921822', '39472a76-8e14-4cfe-ad76-301ac79f2b82', '5f8bd1a4-bccb-4d15-89a5-d808e74927a3', 1, 4000);
INSERT INTO "OrderItem" ("id", "order_id", "menu_item_id", "quantity", "unit_price") VALUES ('3b056595-73ac-45ea-8925-5c9c0f6b3eba', '39472a76-8e14-4cfe-ad76-301ac79f2b82', '80fd3c8f-afdc-4381-8384-377bda132154', 1, 4500);
INSERT INTO "OrderItem" ("id", "order_id", "menu_item_id", "quantity", "unit_price") VALUES ('3e807f15-5a3a-47b1-8f7b-953fb9c8e3dd', '39472a76-8e14-4cfe-ad76-301ac79f2b82', 'cb2b64ed-79bc-4cd0-80a6-c42101882ed0', 1, 3500);
INSERT INTO "OrderItem" ("id", "order_id", "menu_item_id", "quantity", "unit_price") VALUES ('35703afe-485f-41f5-961e-03877a37fdbc', '5c2968d4-e0eb-494f-a6a2-d789b2ab9288', '1f69823d-0d32-4665-8c5e-cd4307fff4f0', 2, 4500);
INSERT INTO "OrderItem" ("id", "order_id", "menu_item_id", "quantity", "unit_price") VALUES ('33b590f3-7f15-46f7-a723-65976e25b339', 'b889d81b-b08a-4aae-9db5-152173ccc52b', '5f8bd1a4-bccb-4d15-89a5-d808e74927a3', 1, 4000);
INSERT INTO "OrderItem" ("id", "order_id", "menu_item_id", "quantity", "unit_price") VALUES ('e9d5a2de-a846-493e-8617-05eada1b5a35', '7f588c31-82b0-4e22-913a-c63d135fbf3c', '1f69823d-0d32-4665-8c5e-cd4307fff4f0', 1, 4500);
INSERT INTO "OrderItem" ("id", "order_id", "menu_item_id", "quantity", "unit_price") VALUES ('695c3459-6555-4acb-b4f8-2d7b7b7142ca', '8888f6f3-8d8f-4013-b9d6-eae5e2cc7002', '83826401-f891-45ec-801c-2c9499d195de', 1, 5500);
INSERT INTO "OrderItem" ("id", "order_id", "menu_item_id", "quantity", "unit_price") VALUES ('62ef3fec-7aed-4dd3-b222-5bfab058a7e0', '709361e8-2639-4b48-b900-2b6e57114eca', '5f8bd1a4-bccb-4d15-89a5-d808e74927a3', 1, 4000);
INSERT INTO "OrderItem" ("id", "order_id", "menu_item_id", "quantity", "unit_price") VALUES ('8e8925f3-f8fa-49a3-8e1a-288695497f6a', '117246fe-8051-439c-8185-ed1b58f0509c', '1f69823d-0d32-4665-8c5e-cd4307fff4f0', 1, 4500);
INSERT INTO "OrderItem" ("id", "order_id", "menu_item_id", "quantity", "unit_price") VALUES ('27a90ba3-5a67-4264-a317-b16d1b842948', 'b1491ff1-53a7-43df-8f21-5f0b5bcec34b', '8105bb5b-b80d-495e-a4a8-01958f18694c', 1, 4500);
INSERT INTO "OrderItem" ("id", "order_id", "menu_item_id", "quantity", "unit_price") VALUES ('fb8d9a3f-b864-45a8-b065-c157555fc4b6', 'b1491ff1-53a7-43df-8f21-5f0b5bcec34b', '8105bb5b-b80d-495e-a4a8-01958f18694c', 1, 5500);
INSERT INTO "OrderItem" ("id", "order_id", "menu_item_id", "quantity", "unit_price") VALUES ('8b34fda2-2e14-4aea-a603-a9fc8dfbf7bb', '6bb45472-5dae-4808-8048-4009a8d16a94', '147073c0-75c6-42f7-b533-b8b620e4f921', 1, 4500);
INSERT INTO "OrderItem" ("id", "order_id", "menu_item_id", "quantity", "unit_price") VALUES ('bbaf4876-dc0b-4356-b21f-630859641c72', '69011c75-f2c6-4fe6-b93b-f86420fe2c67', 'b0683c48-5dd5-4c7e-968b-8d879417c92c', 1, 2500);
INSERT INTO "OrderItem" ("id", "order_id", "menu_item_id", "quantity", "unit_price") VALUES ('575ea7db-8482-4a78-8ab4-e382bf467003', 'ea06dc65-a3b3-4bf2-8a29-040fb6bb78af', '1f69823d-0d32-4665-8c5e-cd4307fff4f0', 6, 4500);
INSERT INTO "OrderItem" ("id", "order_id", "menu_item_id", "quantity", "unit_price") VALUES ('2b5d2c39-332d-4cbc-b69e-ce537bfb216a', 'e33c7fcf-f6cb-40eb-9224-84cc584dc084', '1f69823d-0d32-4665-8c5e-cd4307fff4f0', 2, 4500);
INSERT INTO "OrderItem" ("id", "order_id", "menu_item_id", "quantity", "unit_price") VALUES ('ba5313c8-e281-42df-ba51-61a686f41096', '0ec06754-734b-4110-bbf0-12efa327bc3d', '7f4998a7-51b9-4233-8570-d5252f70383c', 2, 3000);
INSERT INTO "OrderItem" ("id", "order_id", "menu_item_id", "quantity", "unit_price") VALUES ('103f8638-4439-469d-97e2-72f0b9ace3af', '9333be57-c18a-4c36-a868-273488f36682', '7f4998a7-51b9-4233-8570-d5252f70383c', 1, 3500);
INSERT INTO "OrderItem" ("id", "order_id", "menu_item_id", "quantity", "unit_price") VALUES ('6f10dad3-7d3f-4b7f-b751-7a677a6b4e6c', '755a7c72-5e39-4cea-befc-55bac92cba92', '7f4998a7-51b9-4233-8570-d5252f70383c', 1, 3500);
INSERT INTO "OrderItem" ("id", "order_id", "menu_item_id", "quantity", "unit_price") VALUES ('6a653198-e687-4cbe-8dde-b1ececc8b32d', '44beeecf-7e75-4882-9e92-3cc012f0bd02', '5f8bd1a4-bccb-4d15-89a5-d808e74927a3', 3, 4000);
INSERT INTO "OrderItem" ("id", "order_id", "menu_item_id", "quantity", "unit_price") VALUES ('f71f6bd6-1c76-4436-b729-3a8b99dab88e', '20effe72-ad70-4d20-875f-e0bbadac885d', '1f69823d-0d32-4665-8c5e-cd4307fff4f0', 2, 4500);
INSERT INTO "OrderItem" ("id", "order_id", "menu_item_id", "quantity", "unit_price") VALUES ('90c355c7-dd07-456a-9acb-b9aa2532673e', '30d22c54-cfcb-425a-9ca4-37b222c77bc9', '5f8bd1a4-bccb-4d15-89a5-d808e74927a3', 1, 4000);
INSERT INTO "OrderItem" ("id", "order_id", "menu_item_id", "quantity", "unit_price") VALUES ('66ed4047-a2da-4cb0-9a5a-6c5f369a4376', '64aa3236-37e8-4934-8cf5-d2891c8ea395', '1f69823d-0d32-4665-8c5e-cd4307fff4f0', 1, 4500);
INSERT INTO "OrderItem" ("id", "order_id", "menu_item_id", "quantity", "unit_price") VALUES ('b81aeb80-075c-4326-a790-2eeaf03db1f5', '414c3b25-2aac-4566-8d3b-c79bd78923a0', '83826401-f891-45ec-801c-2c9499d195de', 1, 5500);
INSERT INTO "OrderItem" ("id", "order_id", "menu_item_id", "quantity", "unit_price") VALUES ('fddf1674-79e9-4403-9964-6ebb071234f4', 'b8435405-a44a-4590-8d66-d4ee05379b85', '7f4998a7-51b9-4233-8570-d5252f70383c', 1, 3500);
INSERT INTO "OrderItem" ("id", "order_id", "menu_item_id", "quantity", "unit_price") VALUES ('acacb923-7bcc-4344-a010-c0d8048d8877', 'b8435405-a44a-4590-8d66-d4ee05379b85', '4ed47eb8-3ff3-4069-9c41-ab4029bfd529', 1, 2500);
INSERT INTO "OrderItem" ("id", "order_id", "menu_item_id", "quantity", "unit_price") VALUES ('075f6a29-b5d3-4b56-8e0b-0197bac59428', '618999e9-1b4e-4a51-89a4-6c9b9fa150ab', '83826401-f891-45ec-801c-2c9499d195de', 1, 5500);
INSERT INTO "OrderItem" ("id", "order_id", "menu_item_id", "quantity", "unit_price") VALUES ('2582aabb-5fc2-4508-bfc7-d21c95851406', '4178e2fe-920a-49df-9818-dd377a324a24', '7f4998a7-51b9-4233-8570-d5252f70383c', 1, 3000);
INSERT INTO "OrderItem" ("id", "order_id", "menu_item_id", "quantity", "unit_price") VALUES ('b2f0200d-48cd-448e-80d8-45f1e04cde99', '4178e2fe-920a-49df-9818-dd377a324a24', '1a800221-1e86-4ed3-9c41-f7510f771e69', 1, 5500);
INSERT INTO "OrderItem" ("id", "order_id", "menu_item_id", "quantity", "unit_price") VALUES ('f8d38f61-bb36-47b4-bc23-65644d0a688d', 'c05fe26b-debd-4a32-b508-dc5aecbd08e1', '1f69823d-0d32-4665-8c5e-cd4307fff4f0', 1, 4500);
INSERT INTO "OrderItem" ("id", "order_id", "menu_item_id", "quantity", "unit_price") VALUES ('17420c31-3c3c-4211-b5ad-064546c9a044', 'd3b1bd4b-aa29-49f8-914b-90a826210120', '1f69823d-0d32-4665-8c5e-cd4307fff4f0', 1, 4500);
INSERT INTO "OrderItem" ("id", "order_id", "menu_item_id", "quantity", "unit_price") VALUES ('d8bb200e-6951-4863-96b4-77c597b37a66', 'd3b1bd4b-aa29-49f8-914b-90a826210120', '83826401-f891-45ec-801c-2c9499d195de', 1, 5500);
INSERT INTO "OrderItem" ("id", "order_id", "menu_item_id", "quantity", "unit_price") VALUES ('08fbb5e6-5b74-4d00-b5a2-722efeea1644', 'a249fa83-12a7-4ca4-8960-601389c2a066', '80fd3c8f-afdc-4381-8384-377bda132154', 1, 3500);
INSERT INTO "OrderItem" ("id", "order_id", "menu_item_id", "quantity", "unit_price") VALUES ('972e8ef5-0910-4ec6-92df-95ea26f72ea9', '81b3eb5f-9fe5-4e08-82c0-e23b65b3b5bc', '07b695d9-a7f8-45e7-943a-c4e64ed50fb9', 1, 3000);
INSERT INTO "OrderItem" ("id", "order_id", "menu_item_id", "quantity", "unit_price") VALUES ('3d18f5db-a933-4dcb-8287-8e84c15b2144', 'b94ec17f-111a-4d01-a012-00da6fbd54b6', '8105bb5b-b80d-495e-a4a8-01958f18694c', 1, 5500);
INSERT INTO "OrderItem" ("id", "order_id", "menu_item_id", "quantity", "unit_price") VALUES ('882e8a09-d562-4390-91fd-1b185d96e7e4', '18c98a8d-2dca-4661-9c39-0e77067ebebe', '1f69823d-0d32-4665-8c5e-cd4307fff4f0', 1, 4500);
INSERT INTO "OrderItem" ("id", "order_id", "menu_item_id", "quantity", "unit_price") VALUES ('cf3f401d-9b83-456e-a343-9c8adfb439fe', '18c98a8d-2dca-4661-9c39-0e77067ebebe', 'b0683c48-5dd5-4c7e-968b-8d879417c92c', 1, 3000);
INSERT INTO "OrderItem" ("id", "order_id", "menu_item_id", "quantity", "unit_price") VALUES ('bea31b45-4cf3-480f-a347-fad303809e75', '41ee3ee4-9209-4f49-bab9-73cbd618dfa3', '7f4998a7-51b9-4233-8570-d5252f70383c', 2, 3500);
INSERT INTO "OrderItem" ("id", "order_id", "menu_item_id", "quantity", "unit_price") VALUES ('ccd225d9-bc65-4ef1-be3d-1a5a2de4c1d6', '0e9c3d78-091f-4614-8fca-5f1725eba11d', '07b695d9-a7f8-45e7-943a-c4e64ed50fb9', 2, 3000);
INSERT INTO "OrderItem" ("id", "order_id", "menu_item_id", "quantity", "unit_price") VALUES ('f49117aa-19dd-43ae-94cf-a93a0f7d2b8c', 'fbef1962-07c2-44ab-9d52-9a08936a694b', '07b695d9-a7f8-45e7-943a-c4e64ed50fb9', 2, 3500);
INSERT INTO "OrderItem" ("id", "order_id", "menu_item_id", "quantity", "unit_price") VALUES ('1e5d3252-b7af-4ce6-8f50-ad5bbb722427', 'fbef1962-07c2-44ab-9d52-9a08936a694b', '7f4998a7-51b9-4233-8570-d5252f70383c', 1, 3500);
INSERT INTO "OrderItem" ("id", "order_id", "menu_item_id", "quantity", "unit_price") VALUES ('7f0e5e69-916b-4f3e-94c4-45e1cd5dd07c', 'fbef1962-07c2-44ab-9d52-9a08936a694b', '7f4998a7-51b9-4233-8570-d5252f70383c', 2, 3000);
INSERT INTO "OrderItem" ("id", "order_id", "menu_item_id", "quantity", "unit_price") VALUES ('f8288829-70f4-4622-8f44-3fa1d84f0ee1', 'fbef1962-07c2-44ab-9d52-9a08936a694b', '4ed47eb8-3ff3-4069-9c41-ab4029bfd529', 1, 2500);
INSERT INTO "OrderItem" ("id", "order_id", "menu_item_id", "quantity", "unit_price") VALUES ('71e8823e-1c2f-4ec6-9828-a55a3921dc3a', 'fbef1962-07c2-44ab-9d52-9a08936a694b', 'b0683c48-5dd5-4c7e-968b-8d879417c92c', 1, 2500);
INSERT INTO "OrderItem" ("id", "order_id", "menu_item_id", "quantity", "unit_price") VALUES ('729a6e55-1184-4014-9d06-9609f97792d8', '69584841-83ab-4abc-970d-2816ee857d5a', '8105bb5b-b80d-495e-a4a8-01958f18694c', 1, 5500);
INSERT INTO "OrderItem" ("id", "order_id", "menu_item_id", "quantity", "unit_price") VALUES ('2195518f-061b-4ea6-8801-edd1617d4eb3', '69584841-83ab-4abc-970d-2816ee857d5a', '7f4998a7-51b9-4233-8570-d5252f70383c', 1, 3000);
INSERT INTO "OrderItem" ("id", "order_id", "menu_item_id", "quantity", "unit_price") VALUES ('0db6a916-b2c2-42b2-9ffc-c959d5c9b329', 'cb06bf41-e81c-4919-a884-52ccfed688f6', '1f69823d-0d32-4665-8c5e-cd4307fff4f0', 1, 4500);
INSERT INTO "OrderItem" ("id", "order_id", "menu_item_id", "quantity", "unit_price") VALUES ('b4945827-2388-4c50-868b-baa65708e702', 'cb06bf41-e81c-4919-a884-52ccfed688f6', 'f3c4835b-7100-445a-84ee-7cc4df69eb9c', 1, 3500);
INSERT INTO "OrderItem" ("id", "order_id", "menu_item_id", "quantity", "unit_price") VALUES ('6d0de74e-472d-4624-9d7a-958f43c3c733', 'b5e43e43-f38b-47fa-a993-a4ef548c2edd', '1f69823d-0d32-4665-8c5e-cd4307fff4f0', 1, 4500);
INSERT INTO "OrderItem" ("id", "order_id", "menu_item_id", "quantity", "unit_price") VALUES ('ca0d83a9-327d-4560-8bdd-f8bc04d0789c', '190e3086-fe45-4a43-9f1c-b328c16516a1', '8105bb5b-b80d-495e-a4a8-01958f18694c', 1, 5500);
INSERT INTO "OrderItem" ("id", "order_id", "menu_item_id", "quantity", "unit_price") VALUES ('2b8feec4-e38f-4f92-8724-934b0a631aa6', '2298dea6-7e2a-42cc-82fb-13dd2e35e2f4', '4ed47eb8-3ff3-4069-9c41-ab4029bfd529', 1, 2500);
INSERT INTO "OrderItem" ("id", "order_id", "menu_item_id", "quantity", "unit_price") VALUES ('56a9c536-f946-4d8f-bb16-5a8a1c6f6bb2', '3bfc1acf-2880-4f02-8d9e-9afa2d97b27f', 'cb2b64ed-79bc-4cd0-80a6-c42101882ed0', 1, 3000);
INSERT INTO "OrderItem" ("id", "order_id", "menu_item_id", "quantity", "unit_price") VALUES ('eb3f135b-0717-427a-99c1-4f6b0c0177e8', '3bfc1acf-2880-4f02-8d9e-9afa2d97b27f', '83826401-f891-45ec-801c-2c9499d195de', 1, 5500);
INSERT INTO "OrderItem" ("id", "order_id", "menu_item_id", "quantity", "unit_price") VALUES ('36adbf5d-2282-4c87-8f3c-ee7af5e9c241', '3bfc1acf-2880-4f02-8d9e-9afa2d97b27f', 'ecbb4a92-66bf-473b-9957-38702b5a3899', 1, 6500);
INSERT INTO "OrderItem" ("id", "order_id", "menu_item_id", "quantity", "unit_price") VALUES ('3855788c-59b6-4a6d-9ef2-72eec525de50', '5b683e84-63ad-41f0-b10d-04cb17c73a6d', '4ed47eb8-3ff3-4069-9c41-ab4029bfd529', 1, 2500);
INSERT INTO "OrderItem" ("id", "order_id", "menu_item_id", "quantity", "unit_price") VALUES ('e05f735a-f054-485a-a65e-f05be8cbce84', '28e1ad99-9848-4e5b-a436-0907e870f162', '1f69823d-0d32-4665-8c5e-cd4307fff4f0', 1, 4500);
INSERT INTO "OrderItem" ("id", "order_id", "menu_item_id", "quantity", "unit_price") VALUES ('b1bce3e7-52c1-440b-835d-7c72a0d47b6a', 'fec05568-aa65-4c4b-bf6c-f5bc40cc91c2', '8e91caca-452c-4ff0-b70b-af84dc9d9bc8', 1, 6000);
INSERT INTO "OrderItem" ("id", "order_id", "menu_item_id", "quantity", "unit_price") VALUES ('d2eb39c0-429b-40d9-afa8-8447a11ab06c', '05cd87c9-3224-4019-b62d-de216ac2b7ae', '8105bb5b-b80d-495e-a4a8-01958f18694c', 1, 5500);
INSERT INTO "OrderItem" ("id", "order_id", "menu_item_id", "quantity", "unit_price") VALUES ('9de0978a-aa44-4f89-94c8-a78026c6722e', 'cf122a97-7384-4048-a065-47f2a7c4e23b', '1f69823d-0d32-4665-8c5e-cd4307fff4f0', 2, 4500);
INSERT INTO "OrderItem" ("id", "order_id", "menu_item_id", "quantity", "unit_price") VALUES ('d41520c3-28b4-4015-be65-b90be45aea30', '0fff550b-eaec-4345-9252-e23e7fbdad93', '687f649b-b002-4832-ae21-cd547abf7412', 1, 6000);
INSERT INTO "OrderItem" ("id", "order_id", "menu_item_id", "quantity", "unit_price") VALUES ('759fb4a0-b8f0-4192-a326-4f82146d0a07', '1601ea56-c2cb-4e14-8e3a-76b8a3fa9a43', '07b695d9-a7f8-45e7-943a-c4e64ed50fb9', 1, 3500);
INSERT INTO "OrderItem" ("id", "order_id", "menu_item_id", "quantity", "unit_price") VALUES ('5c855da3-025a-445a-b28b-24adc399c03c', '1601ea56-c2cb-4e14-8e3a-76b8a3fa9a43', 'f3c4835b-7100-445a-84ee-7cc4df69eb9c', 1, 3500);
INSERT INTO "OrderItem" ("id", "order_id", "menu_item_id", "quantity", "unit_price") VALUES ('fcef4bc2-d88d-4d69-bea1-22ed643f1360', '4814ed1a-fffe-4f99-b843-cd8a579eb620', '8105bb5b-b80d-495e-a4a8-01958f18694c', 2, 5500);
INSERT INTO "OrderItem" ("id", "order_id", "menu_item_id", "quantity", "unit_price") VALUES ('abff0713-85b8-4565-a2c8-cdf43ec6091c', '4814ed1a-fffe-4f99-b843-cd8a579eb620', '8105bb5b-b80d-495e-a4a8-01958f18694c', 1, 5500);
INSERT INTO "OrderItem" ("id", "order_id", "menu_item_id", "quantity", "unit_price") VALUES ('bb400475-61b6-4c3f-b1ba-232a1104d9e4', 'b9f3bff9-86b6-411e-a918-9c703b8d9dae', '4f670355-c659-4523-83ef-43ee8084e651', 1, 5000);
INSERT INTO "OrderItem" ("id", "order_id", "menu_item_id", "quantity", "unit_price") VALUES ('9be1ad43-87c1-4ff2-9b21-9cf551b29eb4', '5b125de2-503c-4e41-9b3e-53d0b5620fbd', '8105bb5b-b80d-495e-a4a8-01958f18694c', 1, 4500);
INSERT INTO "OrderItem" ("id", "order_id", "menu_item_id", "quantity", "unit_price") VALUES ('55a58048-efd8-45b7-90fa-640751d6d3ea', '5b125de2-503c-4e41-9b3e-53d0b5620fbd', 'cb2b64ed-79bc-4cd0-80a6-c42101882ed0', 1, 3500);
INSERT INTO "OrderItem" ("id", "order_id", "menu_item_id", "quantity", "unit_price") VALUES ('89817c77-daa5-4853-a16b-4b799404e9f7', 'df7bf1e6-92d7-4827-8eb2-fcf15035f283', 'b0683c48-5dd5-4c7e-968b-8d879417c92c', 1, 2500);
INSERT INTO "OrderItem" ("id", "order_id", "menu_item_id", "quantity", "unit_price") VALUES ('979589d5-dd56-4d6e-bb82-7e6922d63d69', 'ac1f77c9-20e3-4613-b3d7-c245d55df87f', 'cb2b64ed-79bc-4cd0-80a6-c42101882ed0', 1, 3000);
INSERT INTO "OrderItem" ("id", "order_id", "menu_item_id", "quantity", "unit_price") VALUES ('8ee0c9c9-d67a-42d6-8216-6df249916731', '199cc7c2-575e-4e5e-91a1-0f2920b5ec48', '8c5530c0-a023-4930-8627-555a616a1b9a', 1, 4500);
INSERT INTO "OrderItem" ("id", "order_id", "menu_item_id", "quantity", "unit_price") VALUES ('92838a2f-c8f8-4a16-b6b7-1380aa45a50e', '199cc7c2-575e-4e5e-91a1-0f2920b5ec48', '8105bb5b-b80d-495e-a4a8-01958f18694c', 1, 4500);
INSERT INTO "OrderItem" ("id", "order_id", "menu_item_id", "quantity", "unit_price") VALUES ('e64cd8b7-1b27-4f62-9e33-bba9a6071919', '0de718f8-bfef-4ca1-b1e7-f11055a65237', '83826401-f891-45ec-801c-2c9499d195de', 1, 7000);
INSERT INTO "OrderItem" ("id", "order_id", "menu_item_id", "quantity", "unit_price") VALUES ('370f8c47-0a94-4807-8a0c-100ad10db874', '092acc36-4708-4c05-a67c-fe694b89a923', '1f69823d-0d32-4665-8c5e-cd4307fff4f0', 1, 4500);
INSERT INTO "OrderItem" ("id", "order_id", "menu_item_id", "quantity", "unit_price") VALUES ('428bddd3-69f8-4989-a2a1-e844d2d7cca8', '092acc36-4708-4c05-a67c-fe694b89a923', 'ae9fcaf6-525d-4c46-a4b0-fa65e14e243b', 1, 7500);
INSERT INTO "OrderItem" ("id", "order_id", "menu_item_id", "quantity", "unit_price") VALUES ('89881447-53cf-44cf-a3d6-4b5f2054c164', '092acc36-4708-4c05-a67c-fe694b89a923', '4ed47eb8-3ff3-4069-9c41-ab4029bfd529', 1, 3500);
INSERT INTO "OrderItem" ("id", "order_id", "menu_item_id", "quantity", "unit_price") VALUES ('1a851078-efd3-4400-ae8c-937527b63bac', '092acc36-4708-4c05-a67c-fe694b89a923', '9494d8c8-9e85-4bbb-810a-0b1802adac1f', 1, 3500);
INSERT INTO "OrderItem" ("id", "order_id", "menu_item_id", "quantity", "unit_price") VALUES ('81a96b55-eb06-48ff-9003-a7ba343c2a65', 'b583407e-88af-4e3e-8e4d-14c12c794023', '8105bb5b-b80d-495e-a4a8-01958f18694c', 1, 4500);
INSERT INTO "OrderItem" ("id", "order_id", "menu_item_id", "quantity", "unit_price") VALUES ('1adc7b96-9280-469f-8d6e-3925a1e6d48b', '81c2e13f-28bb-4a33-949b-24425fde1f28', '7f4998a7-51b9-4233-8570-d5252f70383c', 1, 3000);
INSERT INTO "OrderItem" ("id", "order_id", "menu_item_id", "quantity", "unit_price") VALUES ('8e3051da-aa7d-4adb-bdbf-43672c718758', '81c2e13f-28bb-4a33-949b-24425fde1f28', 'ae9fcaf6-525d-4c46-a4b0-fa65e14e243b', 1, 7500);
INSERT INTO "OrderItem" ("id", "order_id", "menu_item_id", "quantity", "unit_price") VALUES ('9cad4e0c-094f-4dbc-822e-239de87a509a', '81c2e13f-28bb-4a33-949b-24425fde1f28', '83826401-f891-45ec-801c-2c9499d195de', 1, 5500);
INSERT INTO "OrderItem" ("id", "order_id", "menu_item_id", "quantity", "unit_price") VALUES ('997bce47-045c-4a2b-854d-66d3606bcf1d', '81c2e13f-28bb-4a33-949b-24425fde1f28', '83826401-f891-45ec-801c-2c9499d195de', 2, 7000);
INSERT INTO "OrderItem" ("id", "order_id", "menu_item_id", "quantity", "unit_price") VALUES ('88d0f470-63df-45f6-82db-b032fff3a34b', 'bf4eac16-77ac-45f8-89fa-9ecb6362d2c6', '1f69823d-0d32-4665-8c5e-cd4307fff4f0', 1, 4500);
INSERT INTO "OrderItem" ("id", "order_id", "menu_item_id", "quantity", "unit_price") VALUES ('cc3e7061-049e-42eb-9675-91c324554bbc', '3ee32ddc-f2bc-4956-95bd-1ed849912d86', 'e7dfdb64-91c7-49c5-8b89-2c8715388af6', 1, 6500);
INSERT INTO "OrderItem" ("id", "order_id", "menu_item_id", "quantity", "unit_price") VALUES ('d88b1c96-48c8-4c38-97c7-397fb518200c', '3ee32ddc-f2bc-4956-95bd-1ed849912d86', '9487c4d3-da4e-4a16-a6fb-7f701f6f1ff0', 1, 5500);
INSERT INTO "OrderItem" ("id", "order_id", "menu_item_id", "quantity", "unit_price") VALUES ('41f5ed82-88d4-413f-94d9-14e491c14971', '3ee32ddc-f2bc-4956-95bd-1ed849912d86', '83826401-f891-45ec-801c-2c9499d195de', 1, 5500);
INSERT INTO "OrderItem" ("id", "order_id", "menu_item_id", "quantity", "unit_price") VALUES ('f8623e31-50cb-4210-be8e-255b8d50436e', '3ee32ddc-f2bc-4956-95bd-1ed849912d86', '83826401-f891-45ec-801c-2c9499d195de', 1, 7000);
INSERT INTO "OrderItem" ("id", "order_id", "menu_item_id", "quantity", "unit_price") VALUES ('28e39989-fe7d-4319-a550-bbc840758a8b', '3ee32ddc-f2bc-4956-95bd-1ed849912d86', '2c488e89-70c0-4f86-bd99-9bc5107fae70', 1, 5000);
INSERT INTO "OrderItem" ("id", "order_id", "menu_item_id", "quantity", "unit_price") VALUES ('241c4fb3-35d0-4346-8686-650dbe360d60', 'ad6d3df3-f645-481f-9030-2c77acdd61e0', '7f4998a7-51b9-4233-8570-d5252f70383c', 1, 3500);
INSERT INTO "OrderItem" ("id", "order_id", "menu_item_id", "quantity", "unit_price") VALUES ('a1d32ee4-cbe1-403b-b977-61b72f5659e5', 'c9612186-4a63-4f7b-8aa4-235f665f037b', '83826401-f891-45ec-801c-2c9499d195de', 1, 5500);
INSERT INTO "OrderItem" ("id", "order_id", "menu_item_id", "quantity", "unit_price") VALUES ('1b992e19-e0d9-4fa1-a336-b7320e86da63', '890c74a9-d29a-40bc-a055-b4ac25ad46d5', '07b695d9-a7f8-45e7-943a-c4e64ed50fb9', 1, 3000);
INSERT INTO "OrderItem" ("id", "order_id", "menu_item_id", "quantity", "unit_price") VALUES ('52703a52-9889-4880-86e5-d7c4280c0743', '48ad1ff3-3cac-40e9-9321-6836c134108f', '1f69823d-0d32-4665-8c5e-cd4307fff4f0', 2, 4500);
INSERT INTO "OrderItem" ("id", "order_id", "menu_item_id", "quantity", "unit_price") VALUES ('dcb15727-2e31-4443-becb-a32f76983c3c', 'd708e4c9-9823-47c0-9eb9-cbdeb442a221', 'e6a53781-f58d-4776-bb09-e437b437ddee', 1, 5000);
INSERT INTO "OrderItem" ("id", "order_id", "menu_item_id", "quantity", "unit_price") VALUES ('d3441783-61f3-4f70-9851-408c90c35202', 'd708e4c9-9823-47c0-9eb9-cbdeb442a221', '83826401-f891-45ec-801c-2c9499d195de', 1, 5500);
INSERT INTO "OrderItem" ("id", "order_id", "menu_item_id", "quantity", "unit_price") VALUES ('a448b83d-96f6-4e15-86fd-d1e4cd9a20f3', '0c550b6b-2f5d-4233-b99f-b3347e8e8cef', '4f670355-c659-4523-83ef-43ee8084e651', 1, 5000);
INSERT INTO "OrderItem" ("id", "order_id", "menu_item_id", "quantity", "unit_price") VALUES ('3e8d6d55-74d7-4705-9f00-1e31da010a40', '29bbb444-cdae-41f1-86d1-d58dff04cc75', 'cb2b64ed-79bc-4cd0-80a6-c42101882ed0', 1, 3500);
INSERT INTO "OrderItem" ("id", "order_id", "menu_item_id", "quantity", "unit_price") VALUES ('35972f9e-eb1b-4b32-9316-b2025830f4ff', '91744a8a-041b-43d1-9eba-aff202fa6c93', '83826401-f891-45ec-801c-2c9499d195de', 1, 7000);
INSERT INTO "OrderItem" ("id", "order_id", "menu_item_id", "quantity", "unit_price") VALUES ('e00ed54e-aa6f-47b0-a6fd-46101f90ea15', 'fe8d10a3-15a3-470a-b9b0-581fdd72ed13', '83826401-f891-45ec-801c-2c9499d195de', 1, 5500);
INSERT INTO "OrderItem" ("id", "order_id", "menu_item_id", "quantity", "unit_price") VALUES ('c63d6ad9-6f5e-49e3-b490-9730550216d0', '734e1097-6736-4c9e-84fb-62e93eb5f080', '8c5530c0-a023-4930-8627-555a616a1b9a', 1, 3500);
INSERT INTO "OrderItem" ("id", "order_id", "menu_item_id", "quantity", "unit_price") VALUES ('2ff9853b-e302-4cb5-902e-08f18183dcc4', 'dd9aa2ed-ac9b-46e4-a706-18b71ba6a70e', '4b947467-bcd9-47a9-8762-02eb87430aee', 1, 6500);
INSERT INTO "OrderItem" ("id", "order_id", "menu_item_id", "quantity", "unit_price") VALUES ('93b984a6-f090-4b21-9650-73e24cf919cd', 'dd9aa2ed-ac9b-46e4-a706-18b71ba6a70e', '4f150684-2d4c-4d72-b49b-0725f44ff2cd', 1, 7500);
INSERT INTO "OrderItem" ("id", "order_id", "menu_item_id", "quantity", "unit_price") VALUES ('0fa3d73b-0341-4b99-b8d7-169b64f659f4', 'dd9aa2ed-ac9b-46e4-a706-18b71ba6a70e', 'e6f225cf-6e31-496e-b0e8-6082db469766', 1, 7500);
INSERT INTO "OrderItem" ("id", "order_id", "menu_item_id", "quantity", "unit_price") VALUES ('47ef974b-f28e-46c6-af5e-dabcf0337388', '46fecaba-a3f0-4d11-8280-13f7a0a55e83', 'd6a48c95-117c-49b0-943a-91b65315f057', 1, 5500);
INSERT INTO "OrderItem" ("id", "order_id", "menu_item_id", "quantity", "unit_price") VALUES ('96ddca02-c39f-4696-9297-fa8bee1c9607', '77c76c16-a7e9-43e7-bdb6-cd76b1fc9b29', '8afacb19-6f69-4636-8f46-744c7123b061', 1, 6500);
INSERT INTO "OrderItem" ("id", "order_id", "menu_item_id", "quantity", "unit_price") VALUES ('d5584e2b-2c2c-4bac-bc26-a1cd09afdcc3', 'f97c8e41-e81d-46c7-8e19-0d8e5a74bfb0', '83826401-f891-45ec-801c-2c9499d195de', 2, 5500);
INSERT INTO "OrderItem" ("id", "order_id", "menu_item_id", "quantity", "unit_price") VALUES ('de82d087-763c-4f51-bb71-96f964f3632b', 'f97c8e41-e81d-46c7-8e19-0d8e5a74bfb0', '7f4998a7-51b9-4233-8570-d5252f70383c', 1, 3500);
INSERT INTO "OrderItem" ("id", "order_id", "menu_item_id", "quantity", "unit_price") VALUES ('e309a847-22fe-4cbf-bb35-b4fef23ec737', '67b56b97-929b-4056-a7ba-3bc86d69c5fe', '4f670355-c659-4523-83ef-43ee8084e651', 2, 5000);
INSERT INTO "OrderItem" ("id", "order_id", "menu_item_id", "quantity", "unit_price") VALUES ('b3d273ff-8862-4fe7-b768-15281cd27f5d', '1688ec5f-f7a2-4bf5-a478-5e8b2fb4c9ec', '1f69823d-0d32-4665-8c5e-cd4307fff4f0', 1, 4500);
INSERT INTO "OrderItem" ("id", "order_id", "menu_item_id", "quantity", "unit_price") VALUES ('7e9964ed-1c48-484d-934a-48eb00c92941', '41ebc239-5fc1-4c6f-a434-51252bb3236b', '1f69823d-0d32-4665-8c5e-cd4307fff4f0', 1, 4500);
INSERT INTO "OrderItem" ("id", "order_id", "menu_item_id", "quantity", "unit_price") VALUES ('25ac16e8-3033-4496-9f80-ad388b9cac4c', '80aab468-85f7-4743-8476-522c816595c6', '4ed47eb8-3ff3-4069-9c41-ab4029bfd529', 1, 3500);
INSERT INTO "OrderItem" ("id", "order_id", "menu_item_id", "quantity", "unit_price") VALUES ('3daedfdb-a06b-47fd-bcef-39f72c78b328', '0dbcce38-0bc6-4b06-becf-b895042b84ca', 'cb2b64ed-79bc-4cd0-80a6-c42101882ed0', 1, 3000);
INSERT INTO "OrderItem" ("id", "order_id", "menu_item_id", "quantity", "unit_price") VALUES ('c9d206f7-4e4f-415c-bc3b-c8adc29bebfa', 'fca85479-4e0a-4b2c-b54a-64b99fca21b0', '4f670355-c659-4523-83ef-43ee8084e651', 1, 5000);
INSERT INTO "OrderItem" ("id", "order_id", "menu_item_id", "quantity", "unit_price") VALUES ('914f3006-d239-4f0f-a732-00eadb71ffb2', 'b9ec0060-6217-4034-b2db-e8e6e3011404', '5f8bd1a4-bccb-4d15-89a5-d808e74927a3', 1, 4000);
INSERT INTO "OrderItem" ("id", "order_id", "menu_item_id", "quantity", "unit_price") VALUES ('d4904b4c-361b-49cc-8d22-fc51c4817e35', 'b9ec0060-6217-4034-b2db-e8e6e3011404', '1f69823d-0d32-4665-8c5e-cd4307fff4f0', 1, 4500);
INSERT INTO "OrderItem" ("id", "order_id", "menu_item_id", "quantity", "unit_price") VALUES ('9b389760-72a5-497f-9ea9-413b4775f436', 'ff904457-a03b-49df-877b-070e36fc3c02', '1f69823d-0d32-4665-8c5e-cd4307fff4f0', 1, 4500);
INSERT INTO "OrderItem" ("id", "order_id", "menu_item_id", "quantity", "unit_price") VALUES ('c4f2a370-0fc4-4e3a-8efa-a6aae185334d', '0e0608c7-38b4-4d8b-93dd-c4a56e2c0225', '83826401-f891-45ec-801c-2c9499d195de', 1, 5500);
INSERT INTO "OrderItem" ("id", "order_id", "menu_item_id", "quantity", "unit_price") VALUES ('0aaeda74-24d1-4f2b-b6d9-b9eb2ae168d0', '637fdddb-33c9-4f61-b00d-e4917c798123', '1f69823d-0d32-4665-8c5e-cd4307fff4f0', 1, 4500);
INSERT INTO "OrderItem" ("id", "order_id", "menu_item_id", "quantity", "unit_price") VALUES ('88014eaf-32d2-4fa6-97a9-786ad03175bb', 'dad6d70f-90bc-4696-86de-eb1f3a7be933', '1f69823d-0d32-4665-8c5e-cd4307fff4f0', 2, 4500);
INSERT INTO "OrderItem" ("id", "order_id", "menu_item_id", "quantity", "unit_price") VALUES ('52e958cb-763f-472a-87f1-5d055a4aac09', '6bc8863f-be80-49ac-b3f2-91bcfd8ef441', '1f69823d-0d32-4665-8c5e-cd4307fff4f0', 1, 4500);
INSERT INTO "OrderItem" ("id", "order_id", "menu_item_id", "quantity", "unit_price") VALUES ('324ca43a-bef0-4a60-a2b7-fdedec9b7570', 'b3dff0bf-112d-4107-a8c6-e1f4adf09e8c', 'b0683c48-5dd5-4c7e-968b-8d879417c92c', 1, 3000);
INSERT INTO "OrderItem" ("id", "order_id", "menu_item_id", "quantity", "unit_price") VALUES ('06d3cbdf-2489-4853-a8c3-a040cdf6a4e3', '61a4283a-b770-4647-9f74-41b7d2a80f12', '07b695d9-a7f8-45e7-943a-c4e64ed50fb9', 1, 3500);
INSERT INTO "OrderItem" ("id", "order_id", "menu_item_id", "quantity", "unit_price") VALUES ('9bbb7d98-9441-405e-ae63-ac2644971a4a', '170238cc-4461-4339-9f82-b74e1e8ee274', '8105bb5b-b80d-495e-a4a8-01958f18694c', 2, 5500);
INSERT INTO "OrderItem" ("id", "order_id", "menu_item_id", "quantity", "unit_price") VALUES ('6da6bfde-16e3-454d-bc2d-b0eabba5f883', '170238cc-4461-4339-9f82-b74e1e8ee274', '57d8fa78-e098-430d-afc6-a4ae411691c6', 1, 3000);
INSERT INTO "OrderItem" ("id", "order_id", "menu_item_id", "quantity", "unit_price") VALUES ('d31d7ae6-63ab-4d70-afd1-5e438c274e3c', '5f78673d-5878-40c7-8765-f8b9e3d4ed6c', '7f4998a7-51b9-4233-8570-d5252f70383c', 1, 3000);
INSERT INTO "OrderItem" ("id", "order_id", "menu_item_id", "quantity", "unit_price") VALUES ('6adfd128-c101-465a-a698-945003fd3561', '9dbe6717-eaca-4206-a2a9-d7105595dfd7', '1f69823d-0d32-4665-8c5e-cd4307fff4f0', 1, 4500);
INSERT INTO "OrderItem" ("id", "order_id", "menu_item_id", "quantity", "unit_price") VALUES ('db5587ea-2515-440a-9cea-838e8c9093a1', 'd8240529-ea6e-44fc-b49e-9b7b26390a51', '5f8bd1a4-bccb-4d15-89a5-d808e74927a3', 1, 4000);
INSERT INTO "OrderItem" ("id", "order_id", "menu_item_id", "quantity", "unit_price") VALUES ('e603ab7d-da87-44fe-b603-e296e5cd852b', 'ec6c97ea-5bd8-4331-b988-bb0ed261b8bf', '1f69823d-0d32-4665-8c5e-cd4307fff4f0', 2, 4500);
INSERT INTO "OrderItem" ("id", "order_id", "menu_item_id", "quantity", "unit_price") VALUES ('4ad076f9-57e8-4f4a-9a9a-30b7adbf8ac9', '5ece0684-df02-4c9b-88d7-90b570311099', '1f69823d-0d32-4665-8c5e-cd4307fff4f0', 2, 4500);
INSERT INTO "OrderItem" ("id", "order_id", "menu_item_id", "quantity", "unit_price") VALUES ('361bece0-028f-4fee-bccc-f123abfca1f6', 'dce8f135-679d-44ae-bb83-0165c8217365', '4f670355-c659-4523-83ef-43ee8084e651', 1, 7000);
INSERT INTO "OrderItem" ("id", "order_id", "menu_item_id", "quantity", "unit_price") VALUES ('c3182e86-5a22-4635-97d5-834db3989d56', '635b8a59-2033-464c-ab37-d992e7e9b252', '7f4998a7-51b9-4233-8570-d5252f70383c', 1, 3000);
INSERT INTO "OrderItem" ("id", "order_id", "menu_item_id", "quantity", "unit_price") VALUES ('efd4213a-e4da-4dab-aa0b-9a56342845b3', 'e324caa6-613c-4920-9578-c095e2078a3a', '1f69823d-0d32-4665-8c5e-cd4307fff4f0', 1, 4500);
INSERT INTO "OrderItem" ("id", "order_id", "menu_item_id", "quantity", "unit_price") VALUES ('6f742f07-5e42-4b97-aabf-60424d506f7a', 'b75722d1-cf1e-4008-8ed8-aaf6889cdff6', '1f275ef8-afaf-42c7-a768-bf79074896db', 2, 4000);
INSERT INTO "OrderItem" ("id", "order_id", "menu_item_id", "quantity", "unit_price") VALUES ('cf4ace05-a490-43e6-b4e6-bf2eb2fa19cd', '28626b8a-8723-4a6b-9198-a9618a551e7f', '8105bb5b-b80d-495e-a4a8-01958f18694c', 1, 4500);
INSERT INTO "OrderItem" ("id", "order_id", "menu_item_id", "quantity", "unit_price") VALUES ('67ae4df1-1975-40f9-8be4-b7d08ce15e71', 'f5bf6bd7-e2c2-4653-aad7-92725d242cf3', '5f8bd1a4-bccb-4d15-89a5-d808e74927a3', 1, 4000);
INSERT INTO "OrderItem" ("id", "order_id", "menu_item_id", "quantity", "unit_price") VALUES ('ccf14293-2e4b-4c28-83d2-2a9502bf84ef', 'c31b1899-43ab-4f10-9877-4824ef25ee22', '83826401-f891-45ec-801c-2c9499d195de', 1, 5500);
INSERT INTO "OrderItem" ("id", "order_id", "menu_item_id", "quantity", "unit_price") VALUES ('23f64fb4-eb3b-4a3b-b1dd-3218511fc4c2', '51f223ee-a3b4-49f8-bc79-8549b848c124', '1a800221-1e86-4ed3-9c41-f7510f771e69', 1, 5500);
INSERT INTO "OrderItem" ("id", "order_id", "menu_item_id", "quantity", "unit_price") VALUES ('6bc8d951-6138-4d0b-aea5-11a453da7689', '51f223ee-a3b4-49f8-bc79-8549b848c124', '7f4998a7-51b9-4233-8570-d5252f70383c', 1, 3000);
INSERT INTO "OrderItem" ("id", "order_id", "menu_item_id", "quantity", "unit_price") VALUES ('05e60163-de63-471f-bb9a-11181820674a', 'c3d3ce3d-68a2-416c-b90e-a22f8890f4f9', '1f69823d-0d32-4665-8c5e-cd4307fff4f0', 1, 4500);
INSERT INTO "OrderItem" ("id", "order_id", "menu_item_id", "quantity", "unit_price") VALUES ('db83f04a-b7b3-4737-bd9f-145b7a6a8365', '6270b7b4-ac3f-4e00-b09d-acd33119050a', '8105bb5b-b80d-495e-a4a8-01958f18694c', 1, 5500);
INSERT INTO "OrderItem" ("id", "order_id", "menu_item_id", "quantity", "unit_price") VALUES ('ad533206-e242-4c61-9b2f-a6a3104f2318', 'bf21f4be-5860-4a10-9386-af4f9eb1e317', '83826401-f891-45ec-801c-2c9499d195de', 1, 5500);
INSERT INTO "OrderItem" ("id", "order_id", "menu_item_id", "quantity", "unit_price") VALUES ('ca201a1d-4eb9-4065-b61c-855078111712', 'dc65a985-60f4-4362-8111-5c31ae78b6a7', 'b0683c48-5dd5-4c7e-968b-8d879417c92c', 1, 2500);
INSERT INTO "OrderItem" ("id", "order_id", "menu_item_id", "quantity", "unit_price") VALUES ('6935b3cc-6a89-4b94-9c19-ad63632e7f01', '66f094e5-33a1-4b6b-a4ce-da9086bbff61', '02acdb0a-a787-4bb9-9f25-1a7286fb773a', 1, 4500);
INSERT INTO "OrderItem" ("id", "order_id", "menu_item_id", "quantity", "unit_price") VALUES ('c2785f37-21c0-432f-8353-0213332b18f8', '46e0d6db-7c80-4028-b408-f9baf6bd0efa', 'b5e88851-c92e-4522-8575-cdbb4fbbb8bd', 1, 3500);
INSERT INTO "OrderItem" ("id", "order_id", "menu_item_id", "quantity", "unit_price") VALUES ('66920371-2415-4bbf-b14a-2bc44afb8efb', '616577d9-31ff-4ebe-b5d8-ffaa23c93c23', '83826401-f891-45ec-801c-2c9499d195de', 1, 5500);
INSERT INTO "OrderItem" ("id", "order_id", "menu_item_id", "quantity", "unit_price") VALUES ('d7626f0d-0f21-44cc-ade9-1d98d419f3e1', '824c0e5e-885c-4442-96db-5be9aed85983', '1f69823d-0d32-4665-8c5e-cd4307fff4f0', 1, 4500);
INSERT INTO "OrderItem" ("id", "order_id", "menu_item_id", "quantity", "unit_price") VALUES ('56f60813-0996-4a6a-82be-ae69355aa2c8', '71341d32-4d34-4153-b448-1e3fc2c95f53', '267fd07d-793c-48c2-9bc8-090031bdbb82', 1, 6000);
INSERT INTO "OrderItem" ("id", "order_id", "menu_item_id", "quantity", "unit_price") VALUES ('dcd1d303-d7e9-44d1-816f-bcacb026667f', '1cd45eec-6514-4f9d-b71a-e5af561635d2', 'e6f225cf-6e31-496e-b0e8-6082db469766', 2, 7500);
INSERT INTO "OrderItem" ("id", "order_id", "menu_item_id", "quantity", "unit_price") VALUES ('a1c3be37-d2cc-4bc0-8c89-16bbb23d94f4', '1cd45eec-6514-4f9d-b71a-e5af561635d2', '9b9a2aeb-7abe-4c8c-b83f-f1d9e59494cc', 1, 7000);
INSERT INTO "OrderItem" ("id", "order_id", "menu_item_id", "quantity", "unit_price") VALUES ('0c5d1119-f75f-42de-9e3c-e4c272fa14aa', '1cd45eec-6514-4f9d-b71a-e5af561635d2', '5cfbb96f-7a6a-4fbf-afed-f7dcac27d461', 2, 7500);
INSERT INTO "OrderItem" ("id", "order_id", "menu_item_id", "quantity", "unit_price") VALUES ('4f618a18-ed73-4f46-9260-1ce105cfcadd', '47eb7dff-600d-4c82-8abb-7025548adfb1', '7f4998a7-51b9-4233-8570-d5252f70383c', 1, 3000);
INSERT INTO "OrderItem" ("id", "order_id", "menu_item_id", "quantity", "unit_price") VALUES ('17969653-017f-4c55-9e9f-a38fcdaac980', '9f9eae02-d99f-4c63-bd66-07c2f577bd76', '83826401-f891-45ec-801c-2c9499d195de', 1, 7000);
INSERT INTO "OrderItem" ("id", "order_id", "menu_item_id", "quantity", "unit_price") VALUES ('1706710a-7e47-41e7-876f-2c0eb8b54bcc', 'b8162d27-7320-4e25-8d02-e61a9a613eb8', '83826401-f891-45ec-801c-2c9499d195de', 3, 7000);
INSERT INTO "OrderItem" ("id", "order_id", "menu_item_id", "quantity", "unit_price") VALUES ('50dde742-476d-4e6b-bdff-ad31322f519b', '300316fb-5d63-416f-98ef-3a44111318bc', 'b1c9d49f-e7c9-4d56-b693-b2e0a39cfb24', 3, 9000);
INSERT INTO "OrderItem" ("id", "order_id", "menu_item_id", "quantity", "unit_price") VALUES ('7880f0d1-9ea0-4e9c-92f2-1c22b6c64617', '20344728-15be-402b-876b-966c79371cbc', '57d8fa78-e098-430d-afc6-a4ae411691c6', 3, 3500);
INSERT INTO "OrderItem" ("id", "order_id", "menu_item_id", "quantity", "unit_price") VALUES ('0c380207-9f57-4321-b474-3ce6a87544c3', 'cf5382f7-e00a-464d-970e-56c8272a3480', 'b1c9d49f-e7c9-4d56-b693-b2e0a39cfb24', 1, 9000);
INSERT INTO "OrderItem" ("id", "order_id", "menu_item_id", "quantity", "unit_price") VALUES ('f99ab0c8-4ed6-49f7-80bc-af2f187b10c0', 'bf35f38c-078f-43f0-b496-c0ade4f26ccf', '83826401-f891-45ec-801c-2c9499d195de', 1, 5500);
INSERT INTO "OrderItem" ("id", "order_id", "menu_item_id", "quantity", "unit_price") VALUES ('e65e73df-528e-4b1f-b7ff-e4adcb25493d', '13252ce7-2cdf-4a16-a278-55dcc390fecc', '17de86ff-b0f2-411c-bdac-515c7d797316', 1, 6500);
INSERT INTO "OrderItem" ("id", "order_id", "menu_item_id", "quantity", "unit_price") VALUES ('69497e6d-1d2b-4b89-be57-003034583f2b', '296f2d0c-fc15-4a40-8e33-700512e628ea', '07b695d9-a7f8-45e7-943a-c4e64ed50fb9', 2, 3500);
INSERT INTO "OrderItem" ("id", "order_id", "menu_item_id", "quantity", "unit_price") VALUES ('0660def7-dc11-4f33-9a0f-60b8415c5375', 'f39908d3-8160-4bd3-a80b-48c21e1326b3', '4f670355-c659-4523-83ef-43ee8084e651', 2, 5000);
INSERT INTO "OrderItem" ("id", "order_id", "menu_item_id", "quantity", "unit_price") VALUES ('2a4d9a17-1cc5-42a9-b894-d7c0499d4ae3', '3fe75960-f3b6-4916-94c1-3b743c11a435', '07b695d9-a7f8-45e7-943a-c4e64ed50fb9', 1, 3000);
INSERT INTO "OrderItem" ("id", "order_id", "menu_item_id", "quantity", "unit_price") VALUES ('dd1f9f53-6375-4da8-953a-13b73adcd3f7', 'd26951cf-9b37-441e-a5bb-4a1273e2835e', '83826401-f891-45ec-801c-2c9499d195de', 1, 7000);
INSERT INTO "OrderItem" ("id", "order_id", "menu_item_id", "quantity", "unit_price") VALUES ('e10ad238-be64-45ad-8eac-73b2b97ca8b9', 'd26951cf-9b37-441e-a5bb-4a1273e2835e', '83826401-f891-45ec-801c-2c9499d195de', 1, 7000);
INSERT INTO "OrderItem" ("id", "order_id", "menu_item_id", "quantity", "unit_price") VALUES ('49d19bf0-dd6c-435e-bd40-2590c77daf21', 'b92f9f23-42cf-4166-a0d4-9b33223a67d1', '83826401-f891-45ec-801c-2c9499d195de', 1, 7000);
INSERT INTO "OrderItem" ("id", "order_id", "menu_item_id", "quantity", "unit_price") VALUES ('d34bcecd-2fd8-403f-b115-8331af41e984', 'b92f9f23-42cf-4166-a0d4-9b33223a67d1', 'b7edd196-35e2-4f10-9d24-0bb5fd52b4fa', 1, 7500);
INSERT INTO "OrderItem" ("id", "order_id", "menu_item_id", "quantity", "unit_price") VALUES ('795c5b21-b85d-4121-9761-73cdc68c9da6', 'c678ea3d-7b21-43b5-857a-95c7f0e0362d', '83826401-f891-45ec-801c-2c9499d195de', 1, 5500);
INSERT INTO "OrderItem" ("id", "order_id", "menu_item_id", "quantity", "unit_price") VALUES ('5da20154-a9a5-4702-874b-cf430177aa7c', 'c678ea3d-7b21-43b5-857a-95c7f0e0362d', '83826401-f891-45ec-801c-2c9499d195de', 1, 7000);
INSERT INTO "OrderItem" ("id", "order_id", "menu_item_id", "quantity", "unit_price") VALUES ('40c01234-1cd4-49e6-a774-7e3b15a24914', '787bb593-b9de-4345-a542-2d012244305f', 'cb2b64ed-79bc-4cd0-80a6-c42101882ed0', 1, 3500);
INSERT INTO "OrderItem" ("id", "order_id", "menu_item_id", "quantity", "unit_price") VALUES ('c86d1365-1b91-474b-93be-8c66b1abe94f', 'eacac6d1-c5d0-4395-b853-1f3e23e6c8dd', 'cb2b64ed-79bc-4cd0-80a6-c42101882ed0', 1, 3500);
INSERT INTO "OrderItem" ("id", "order_id", "menu_item_id", "quantity", "unit_price") VALUES ('b10eb6f2-5156-4fa3-8685-ab3dc9e5054f', 'f087551c-21ec-450b-bdb1-41c05c3edacd', '4ed47eb8-3ff3-4069-9c41-ab4029bfd529', 1, 2500);
INSERT INTO "OrderItem" ("id", "order_id", "menu_item_id", "quantity", "unit_price") VALUES ('11886113-19be-4a0b-bda8-d8986f849c3d', '1a71292a-0971-4028-b791-329622a91e0f', '07b695d9-a7f8-45e7-943a-c4e64ed50fb9', 1, 3500);
INSERT INTO "OrderItem" ("id", "order_id", "menu_item_id", "quantity", "unit_price") VALUES ('6332d804-7d71-454c-8aa3-71b77027e7c5', 'ca40c65b-eb20-49ab-9a57-8419aba92d06', '83826401-f891-45ec-801c-2c9499d195de', 1, 5500);
INSERT INTO "OrderItem" ("id", "order_id", "menu_item_id", "quantity", "unit_price") VALUES ('9164fd3b-5147-4bf3-a9d9-cc8a16906e26', 'e4b75656-44eb-4086-85be-9ba3f80d4660', '83826401-f891-45ec-801c-2c9499d195de', 1, 7000);
INSERT INTO "OrderItem" ("id", "order_id", "menu_item_id", "quantity", "unit_price") VALUES ('76b7e350-6350-4708-93d3-55f5abf0f961', '4e501717-d10a-4329-b309-0b5f7ae2b007', '83826401-f891-45ec-801c-2c9499d195de', 1, 7000);
INSERT INTO "OrderItem" ("id", "order_id", "menu_item_id", "quantity", "unit_price") VALUES ('0e6638fb-69a3-4434-8caf-f0ca2720bd88', '6b390856-c085-4652-866c-5a1a7f0e47e8', '7f4998a7-51b9-4233-8570-d5252f70383c', 1, 3500);
INSERT INTO "OrderItem" ("id", "order_id", "menu_item_id", "quantity", "unit_price") VALUES ('c6cdd192-5d64-470c-8fa4-ac211647839c', '29fc6c1e-704f-4ccd-ae0a-595db2726507', '1f69823d-0d32-4665-8c5e-cd4307fff4f0', 2, 4500);
INSERT INTO "OrderItem" ("id", "order_id", "menu_item_id", "quantity", "unit_price") VALUES ('d114a3c1-be1d-4310-8dc0-aacef20ac618', '89807731-3f18-461b-ba40-3ea530de63b0', '7f4998a7-51b9-4233-8570-d5252f70383c', 1, 3000);
INSERT INTO "OrderItem" ("id", "order_id", "menu_item_id", "quantity", "unit_price") VALUES ('66d1a6d7-0c87-45fc-81ee-2b53e15e2a80', '115a69a8-5c46-4cc9-ac90-02b1610d24a9', '1f69823d-0d32-4665-8c5e-cd4307fff4f0', 1, 4500);
INSERT INTO "OrderItem" ("id", "order_id", "menu_item_id", "quantity", "unit_price") VALUES ('9273ecc3-8497-4513-8a81-942343f89ef3', '115a69a8-5c46-4cc9-ac90-02b1610d24a9', '5f8bd1a4-bccb-4d15-89a5-d808e74927a3', 1, 4000);
INSERT INTO "OrderItem" ("id", "order_id", "menu_item_id", "quantity", "unit_price") VALUES ('32e1788a-d93e-43f6-93ed-c243bd3fa948', '588af014-b2e8-4fee-9ae4-203e47215393', 'cb2b64ed-79bc-4cd0-80a6-c42101882ed0', 1, 3000);
INSERT INTO "OrderItem" ("id", "order_id", "menu_item_id", "quantity", "unit_price") VALUES ('b5bf9214-6ede-42b4-add7-d4ce26ff95f6', '82e394d5-9b1a-4bc2-9a2e-165ebabd0ee3', '1f69823d-0d32-4665-8c5e-cd4307fff4f0', 1, 4500);
INSERT INTO "OrderItem" ("id", "order_id", "menu_item_id", "quantity", "unit_price") VALUES ('69445603-045c-4717-9820-ef50af56cacf', 'eb56b814-6ac9-415b-bfc2-0ff4d3af875b', '1f69823d-0d32-4665-8c5e-cd4307fff4f0', 2, 4500);
INSERT INTO "OrderItem" ("id", "order_id", "menu_item_id", "quantity", "unit_price") VALUES ('c5b06679-7590-43e8-9da7-3fe5c42e1920', 'eb56b814-6ac9-415b-bfc2-0ff4d3af875b', '4ed47eb8-3ff3-4069-9c41-ab4029bfd529', 1, 2500);
INSERT INTO "OrderItem" ("id", "order_id", "menu_item_id", "quantity", "unit_price") VALUES ('be6485d4-b45b-4b0f-b7ba-d0b3d212fec0', 'eb56b814-6ac9-415b-bfc2-0ff4d3af875b', '7f4998a7-51b9-4233-8570-d5252f70383c', 1, 3500);
INSERT INTO "OrderItem" ("id", "order_id", "menu_item_id", "quantity", "unit_price") VALUES ('35d7bfaf-555b-4a27-a338-4d7c81335484', 'd1416a5c-35c9-4bdd-8850-3a309c34fa94', 'dc21ef49-1385-4672-b2f5-0dbce6a91c0b', 1, 5000);
INSERT INTO "OrderItem" ("id", "order_id", "menu_item_id", "quantity", "unit_price") VALUES ('a2a88e2f-a08e-482e-80f0-780b6f446d30', 'd1416a5c-35c9-4bdd-8850-3a309c34fa94', '4e9e9270-588f-40a4-bf44-24f3c836685f', 1, 5000);
INSERT INTO "OrderItem" ("id", "order_id", "menu_item_id", "quantity", "unit_price") VALUES ('96a9029f-5793-4fb0-8099-aa954d7aee97', '3eb68017-c18c-4a90-a65d-b6a5363832e7', '4f670355-c659-4523-83ef-43ee8084e651', 1, 5000);
INSERT INTO "OrderItem" ("id", "order_id", "menu_item_id", "quantity", "unit_price") VALUES ('37f13e0c-9fa5-46af-9d52-61b52f0e0c3a', '3a105a08-835b-401f-865d-1c95ae252ec5', '4ed47eb8-3ff3-4069-9c41-ab4029bfd529', 1, 2500);
INSERT INTO "OrderItem" ("id", "order_id", "menu_item_id", "quantity", "unit_price") VALUES ('0ab9b6c1-d4a4-4dc9-b210-72fabe2b1b7d', '5c9001cc-06a8-47bf-afc9-812905d6260e', '4f670355-c659-4523-83ef-43ee8084e651', 1, 5000);
INSERT INTO "OrderItem" ("id", "order_id", "menu_item_id", "quantity", "unit_price") VALUES ('849d3808-448f-4207-9f7b-0504562f0ab5', 'bca8e3b7-4db4-4604-b08d-9345ca174688', '1f69823d-0d32-4665-8c5e-cd4307fff4f0', 1, 4500);
INSERT INTO "OrderItem" ("id", "order_id", "menu_item_id", "quantity", "unit_price") VALUES ('15c56020-4899-4e2d-ac70-69fb451910f7', 'b3d999a0-5470-4d61-976f-f1fb2f65e49c', '5f8bd1a4-bccb-4d15-89a5-d808e74927a3', 1, 4000);
INSERT INTO "OrderItem" ("id", "order_id", "menu_item_id", "quantity", "unit_price") VALUES ('47fe8da8-431a-4763-8e37-886f574cd5a5', 'b3d999a0-5470-4d61-976f-f1fb2f65e49c', '4f670355-c659-4523-83ef-43ee8084e651', 1, 5000);
INSERT INTO "OrderItem" ("id", "order_id", "menu_item_id", "quantity", "unit_price") VALUES ('50044570-262a-449e-8376-72c825c87bcf', 'b3d999a0-5470-4d61-976f-f1fb2f65e49c', '8105bb5b-b80d-495e-a4a8-01958f18694c', 1, 5500);
INSERT INTO "OrderItem" ("id", "order_id", "menu_item_id", "quantity", "unit_price") VALUES ('615adf31-b3ff-4a78-a953-3702c8179825', '47576397-bddc-4897-8b6f-db14b092a9e6', '8105bb5b-b80d-495e-a4a8-01958f18694c', 1, 4500);
INSERT INTO "OrderItem" ("id", "order_id", "menu_item_id", "quantity", "unit_price") VALUES ('0f4a42e4-8915-452b-961c-85a50d8aa633', 'ef6082cf-f660-4da9-aad2-e02ea06e946c', '1f69823d-0d32-4665-8c5e-cd4307fff4f0', 1, 4500);
INSERT INTO "OrderItem" ("id", "order_id", "menu_item_id", "quantity", "unit_price") VALUES ('3604b01b-a0da-42ae-816b-680628799164', 'ef6082cf-f660-4da9-aad2-e02ea06e946c', '4f670355-c659-4523-83ef-43ee8084e651', 1, 5000);
INSERT INTO "OrderItem" ("id", "order_id", "menu_item_id", "quantity", "unit_price") VALUES ('a4c471d2-411e-41fd-bc5c-58385a96583c', 'ef6082cf-f660-4da9-aad2-e02ea06e946c', '5f8bd1a4-bccb-4d15-89a5-d808e74927a3', 1, 4000);
INSERT INTO "OrderItem" ("id", "order_id", "menu_item_id", "quantity", "unit_price") VALUES ('dad4b128-2d45-42a1-b4d4-22a6fa13d6b6', '7956d2eb-38e3-4fa9-8ef2-886ecf426d5e', '83826401-f891-45ec-801c-2c9499d195de', 2, 7000);
INSERT INTO "OrderItem" ("id", "order_id", "menu_item_id", "quantity", "unit_price") VALUES ('27535a37-ea12-44b5-996b-d5ec7538ab36', '33957651-968a-497c-8e47-c673aa271516', '07b695d9-a7f8-45e7-943a-c4e64ed50fb9', 1, 3000);
INSERT INTO "OrderItem" ("id", "order_id", "menu_item_id", "quantity", "unit_price") VALUES ('fd84e143-fa41-42f5-850e-716fd03f8019', 'd47b6163-cec3-4cf7-939b-f92160e4cfdb', '1f69823d-0d32-4665-8c5e-cd4307fff4f0', 3, 4500);
INSERT INTO "OrderItem" ("id", "order_id", "menu_item_id", "quantity", "unit_price") VALUES ('ef4a2064-f6ac-4388-a10f-93762cf1e8df', '5063ee73-5fcf-47c4-97f8-0f6bcd765300', '1f69823d-0d32-4665-8c5e-cd4307fff4f0', 1, 4500);
INSERT INTO "OrderItem" ("id", "order_id", "menu_item_id", "quantity", "unit_price") VALUES ('79c9f33a-5313-4559-bb12-49356c6d9f18', 'a67bd161-164b-414f-999a-571dfa8b099e', '1f69823d-0d32-4665-8c5e-cd4307fff4f0', 1, 4500);
INSERT INTO "OrderItem" ("id", "order_id", "menu_item_id", "quantity", "unit_price") VALUES ('ea2b2789-c271-49e7-a2fc-f140d4ca0694', '473ce9b2-1550-4531-872c-e967df08d576', '1f69823d-0d32-4665-8c5e-cd4307fff4f0', 1, 4500);
INSERT INTO "OrderItem" ("id", "order_id", "menu_item_id", "quantity", "unit_price") VALUES ('f9ef5a00-2c1b-45ce-8456-ef6f8c4cecfe', '473ce9b2-1550-4531-872c-e967df08d576', '1a800221-1e86-4ed3-9c41-f7510f771e69', 1, 5500);
INSERT INTO "OrderItem" ("id", "order_id", "menu_item_id", "quantity", "unit_price") VALUES ('1d0c2d16-cc05-40f5-88f6-5def0f66e5a6', '473ce9b2-1550-4531-872c-e967df08d576', '8105bb5b-b80d-495e-a4a8-01958f18694c', 1, 4500);
INSERT INTO "OrderItem" ("id", "order_id", "menu_item_id", "quantity", "unit_price") VALUES ('1e27e5ef-0b47-4bda-8e16-06b1784b3f53', '59d4830a-74db-4d2c-8b8c-58a02333cf9a', '8105bb5b-b80d-495e-a4a8-01958f18694c', 1, 4500);
INSERT INTO "OrderItem" ("id", "order_id", "menu_item_id", "quantity", "unit_price") VALUES ('64283301-0d21-4fb0-b07e-273f74dde5fd', '8170c4f6-f8fb-4d66-aa5e-c83752c3c527', '5f8bd1a4-bccb-4d15-89a5-d808e74927a3', 1, 4000);
INSERT INTO "OrderItem" ("id", "order_id", "menu_item_id", "quantity", "unit_price") VALUES ('42a22e37-873f-40fb-abab-e93f53c48908', '40736937-b928-415a-828d-e7bbca98a728', '83826401-f891-45ec-801c-2c9499d195de', 1, 5500);
INSERT INTO "OrderItem" ("id", "order_id", "menu_item_id", "quantity", "unit_price") VALUES ('d3de846e-abc5-465c-9932-3bac68383eee', '1a1d2c1f-2b52-41db-9ddf-e71f852b80e2', 'cb2b64ed-79bc-4cd0-80a6-c42101882ed0', 1, 3500);
INSERT INTO "OrderItem" ("id", "order_id", "menu_item_id", "quantity", "unit_price") VALUES ('510904b5-9e61-443a-8923-c030240955e1', '2932282b-d617-45fe-a9fb-6c86914eb14e', '8105bb5b-b80d-495e-a4a8-01958f18694c', 1, 4500);
INSERT INTO "OrderItem" ("id", "order_id", "menu_item_id", "quantity", "unit_price") VALUES ('70c2fe5c-e166-4672-966a-bc49c30f7f6f', '72952850-f583-43ef-9f57-412a7ad0cebc', '1f69823d-0d32-4665-8c5e-cd4307fff4f0', 1, 4500);
INSERT INTO "OrderItem" ("id", "order_id", "menu_item_id", "quantity", "unit_price") VALUES ('b8fdb454-0cb2-4c51-a3df-cecc740a46f4', '107557f6-434e-42da-ae56-52b69b090f0d', '7f4998a7-51b9-4233-8570-d5252f70383c', 1, 3000);
INSERT INTO "OrderItem" ("id", "order_id", "menu_item_id", "quantity", "unit_price") VALUES ('6b9271b2-96ba-418b-a077-e82405327858', 'e341cc8b-8cc2-406c-8608-2e9c55325b73', '1f69823d-0d32-4665-8c5e-cd4307fff4f0', 1, 4500);
INSERT INTO "OrderItem" ("id", "order_id", "menu_item_id", "quantity", "unit_price") VALUES ('a8c6bfab-018b-49f5-8064-a7132ab84fbf', 'fed966f8-fa04-4813-a8b2-17d68de481e1', '83826401-f891-45ec-801c-2c9499d195de', 1, 5500);
INSERT INTO "OrderItem" ("id", "order_id", "menu_item_id", "quantity", "unit_price") VALUES ('2fc13a2e-d62f-4f0f-ba0a-f29597037747', 'a63ffb6c-a0e3-4841-9a3e-0522b95a6be3', '07b695d9-a7f8-45e7-943a-c4e64ed50fb9', 1, 3500);
INSERT INTO "OrderItem" ("id", "order_id", "menu_item_id", "quantity", "unit_price") VALUES ('1279230f-a33b-452d-9f0d-1f855abc278c', '8adc2f14-0b1a-4a01-8d19-ef89119b33d1', 'ecbb4a92-66bf-473b-9957-38702b5a3899', 1, 6500);
INSERT INTO "OrderItem" ("id", "order_id", "menu_item_id", "quantity", "unit_price") VALUES ('5dc26258-8700-4058-b5f0-bf37b05d0c11', '8adc2f14-0b1a-4a01-8d19-ef89119b33d1', '9494d8c8-9e85-4bbb-810a-0b1802adac1f', 1, 2500);
INSERT INTO "OrderItem" ("id", "order_id", "menu_item_id", "quantity", "unit_price") VALUES ('e0d9dbb1-bec0-447d-af55-feaec61246d7', '8adc2f14-0b1a-4a01-8d19-ef89119b33d1', '07b695d9-a7f8-45e7-943a-c4e64ed50fb9', 1, 4000);
INSERT INTO "OrderItem" ("id", "order_id", "menu_item_id", "quantity", "unit_price") VALUES ('ee582a5e-5209-4be9-814c-db56e065f366', 'c20f9225-ad09-4a8c-8162-5da3451ee60e', '1a800221-1e86-4ed3-9c41-f7510f771e69', 1, 5500);
INSERT INTO "OrderItem" ("id", "order_id", "menu_item_id", "quantity", "unit_price") VALUES ('73caf05f-8907-4405-ad38-9834d1070213', 'c20f9225-ad09-4a8c-8162-5da3451ee60e', '7f4998a7-51b9-4233-8570-d5252f70383c', 1, 3000);
INSERT INTO "OrderItem" ("id", "order_id", "menu_item_id", "quantity", "unit_price") VALUES ('811eba22-7b9e-476a-a086-87648eca396e', '23145eb3-9d5e-4f38-b1aa-e0f66b60ae5d', 'cb2b64ed-79bc-4cd0-80a6-c42101882ed0', 1, 3500);
INSERT INTO "OrderItem" ("id", "order_id", "menu_item_id", "quantity", "unit_price") VALUES ('20d41daf-6b1a-4295-849a-8f52acd220a7', '23145eb3-9d5e-4f38-b1aa-e0f66b60ae5d', '07b695d9-a7f8-45e7-943a-c4e64ed50fb9', 1, 3500);
INSERT INTO "OrderItem" ("id", "order_id", "menu_item_id", "quantity", "unit_price") VALUES ('1eae9391-a917-4c55-a2c5-e8705c9834e1', '3dead2b5-5c0d-460d-ad7f-b9181eb5f775', '4ed47eb8-3ff3-4069-9c41-ab4029bfd529', 1, 2500);
INSERT INTO "OrderItem" ("id", "order_id", "menu_item_id", "quantity", "unit_price") VALUES ('ffa49516-1584-4478-ba6c-f78078d4db65', '69476f8f-e696-4668-9db9-7384ed771b2f', '168b06f4-b6e1-4e5a-b8b6-9891e7bc83ed', 1, 6000);
INSERT INTO "OrderItem" ("id", "order_id", "menu_item_id", "quantity", "unit_price") VALUES ('7dab1a81-8425-4695-9740-1d720bd70b91', '2a663984-e510-4bb2-9c5c-807fc967f28f', '83826401-f891-45ec-801c-2c9499d195de', 3, 5500);
INSERT INTO "OrderItem" ("id", "order_id", "menu_item_id", "quantity", "unit_price") VALUES ('8d1c81ec-d141-4696-9ce9-6355a2613e25', '2903502f-f8e1-4830-8479-774582be4ef0', '83826401-f891-45ec-801c-2c9499d195de', 2, 7000);
INSERT INTO "OrderItem" ("id", "order_id", "menu_item_id", "quantity", "unit_price") VALUES ('cc05e351-13d2-4179-8a4e-9db1a04392a0', 'fe0dbae6-e5c3-4cb9-a157-4bcee0bc030b', '1f69823d-0d32-4665-8c5e-cd4307fff4f0', 1, 4500);
INSERT INTO "OrderItem" ("id", "order_id", "menu_item_id", "quantity", "unit_price") VALUES ('3fc3d2ae-fc90-439f-a0dd-a6121d68780f', '129a3e2f-1274-43a6-a767-84e7d6406062', 'cb2b64ed-79bc-4cd0-80a6-c42101882ed0', 1, 3000);
INSERT INTO "OrderItem" ("id", "order_id", "menu_item_id", "quantity", "unit_price") VALUES ('983a05f4-7086-4a0b-a82d-f59fcdf1a42c', '129a3e2f-1274-43a6-a767-84e7d6406062', '1f69823d-0d32-4665-8c5e-cd4307fff4f0', 1, 4500);
INSERT INTO "OrderItem" ("id", "order_id", "menu_item_id", "quantity", "unit_price") VALUES ('5283b60b-7bf0-4979-95a6-d5360790d58f', '229193c4-a6cd-4dd0-9ce4-39c2631a6cd9', '83826401-f891-45ec-801c-2c9499d195de', 2, 7000);
INSERT INTO "OrderItem" ("id", "order_id", "menu_item_id", "quantity", "unit_price") VALUES ('91b9c3eb-b9b7-4bc4-b7d1-04e930dd5d6c', '3e47b209-4bba-47cb-b690-279f6cc63943', '4f150684-2d4c-4d72-b49b-0725f44ff2cd', 1, 7500);
INSERT INTO "OrderItem" ("id", "order_id", "menu_item_id", "quantity", "unit_price") VALUES ('82f8e59c-3264-487b-8a21-37a9787f2ce7', '3e47b209-4bba-47cb-b690-279f6cc63943', '7f4998a7-51b9-4233-8570-d5252f70383c', 2, 3000);
INSERT INTO "OrderItem" ("id", "order_id", "menu_item_id", "quantity", "unit_price") VALUES ('02a0a7bd-ab29-490e-a552-87298bf3885d', '7d708e4b-0644-4e24-bfca-89b227046ca0', '2c488e89-70c0-4f86-bd99-9bc5107fae70', 1, 5000);
INSERT INTO "OrderItem" ("id", "order_id", "menu_item_id", "quantity", "unit_price") VALUES ('60413e8d-bd9f-45f1-95a6-ca0bc1b0b8aa', 'b7b27730-df11-4a85-abad-1aa412bdc9be', '83826401-f891-45ec-801c-2c9499d195de', 1, 5500);
INSERT INTO "OrderItem" ("id", "order_id", "menu_item_id", "quantity", "unit_price") VALUES ('103f1d94-efe8-4750-9d7a-8c6728ece027', '1e0189db-a0ab-414e-8226-ca65316bd439', '17de86ff-b0f2-411c-bdac-515c7d797316', 1, 6500);
INSERT INTO "OrderItem" ("id", "order_id", "menu_item_id", "quantity", "unit_price") VALUES ('c391cc0a-4705-4dc1-9c59-0f4f79b540d1', '1e0189db-a0ab-414e-8226-ca65316bd439', '4f670355-c659-4523-83ef-43ee8084e651', 3, 5000);
INSERT INTO "OrderItem" ("id", "order_id", "menu_item_id", "quantity", "unit_price") VALUES ('4a547763-0d35-4b22-b14b-08fa02a03002', '2c1dbd2c-9b42-4437-991e-9c6c23e0cd90', '83826401-f891-45ec-801c-2c9499d195de', 1, 7000);
INSERT INTO "OrderItem" ("id", "order_id", "menu_item_id", "quantity", "unit_price") VALUES ('f8270b5b-a88b-429c-913d-3d493d0c7a4f', 'cc467079-cd8e-4f63-96cf-4492c238de9f', '83826401-f891-45ec-801c-2c9499d195de', 1, 5500);
INSERT INTO "OrderItem" ("id", "order_id", "menu_item_id", "quantity", "unit_price") VALUES ('3bc616b2-dc70-498a-90ae-6d3313501932', 'b72d8d25-63b7-4db0-a28f-4e4677f47ea2', '7f4998a7-51b9-4233-8570-d5252f70383c', 1, 3500);
INSERT INTO "OrderItem" ("id", "order_id", "menu_item_id", "quantity", "unit_price") VALUES ('27db8520-27c0-4a5d-b677-7e3f378677a7', 'b72d8d25-63b7-4db0-a28f-4e4677f47ea2', '07b695d9-a7f8-45e7-943a-c4e64ed50fb9', 2, 3500);
INSERT INTO "OrderItem" ("id", "order_id", "menu_item_id", "quantity", "unit_price") VALUES ('759eeffc-fff3-4c78-a9c7-5f68246fc77d', '20a9d9b4-f269-4d73-9e5a-8feb6bfa4a1d', 'b0683c48-5dd5-4c7e-968b-8d879417c92c', 1, 3000);
INSERT INTO "OrderItem" ("id", "order_id", "menu_item_id", "quantity", "unit_price") VALUES ('169cb3ea-9ccd-4523-9fa9-d6c4823f663e', 'bfb287ec-3035-4485-aac0-a8c075b866b9', '83826401-f891-45ec-801c-2c9499d195de', 1, 5500);
INSERT INTO "OrderItem" ("id", "order_id", "menu_item_id", "quantity", "unit_price") VALUES ('42905ce8-0d1a-4c3c-8319-9c59388a15d1', 'c3f13ae7-5e1b-4c69-a79b-bbfa9e0545ba', '259b0ab5-5773-4e5d-94ac-9477ea12dd0c', 1, 4500);
INSERT INTO "OrderItem" ("id", "order_id", "menu_item_id", "quantity", "unit_price") VALUES ('5876519f-75bf-4eaf-8d2c-1a13cc8ff582', 'f4809c73-0b85-4b83-9ed1-62d67c05bdc7', '80fd3c8f-afdc-4381-8384-377bda132154', 1, 3500);
INSERT INTO "OrderItem" ("id", "order_id", "menu_item_id", "quantity", "unit_price") VALUES ('20a53231-439f-416b-bc78-b789c38b362f', '59c6dc53-503c-4b8a-aa9c-4d7872963eff', '07b695d9-a7f8-45e7-943a-c4e64ed50fb9', 2, 3500);
INSERT INTO "OrderItem" ("id", "order_id", "menu_item_id", "quantity", "unit_price") VALUES ('4515a342-4ec0-4b27-aaf2-6187572ffed3', 'bdea0841-b3b7-478b-9820-0f9c628fe75a', '07b695d9-a7f8-45e7-943a-c4e64ed50fb9', 1, 3000);
INSERT INTO "OrderItem" ("id", "order_id", "menu_item_id", "quantity", "unit_price") VALUES ('8a1b2263-f041-4a61-ac8a-f89e84cfc3f7', '2016c235-078c-410b-b4ac-a92d3ef02a4a', '83826401-f891-45ec-801c-2c9499d195de', 1, 5500);
INSERT INTO "OrderItem" ("id", "order_id", "menu_item_id", "quantity", "unit_price") VALUES ('7f4932c4-edf7-4512-bb5f-24baadc57662', '8fd3308e-13e1-4c90-b8b5-ac9dce6bf831', '8105bb5b-b80d-495e-a4a8-01958f18694c', 1, 5500);
INSERT INTO "OrderItem" ("id", "order_id", "menu_item_id", "quantity", "unit_price") VALUES ('b431a92d-990a-4e9a-8205-8d9afe4379aa', '73ac9b7a-56cc-4607-a9e2-9f473e3d1f6e', '4ed47eb8-3ff3-4069-9c41-ab4029bfd529', 1, 2500);
INSERT INTO "OrderItem" ("id", "order_id", "menu_item_id", "quantity", "unit_price") VALUES ('03121184-fc76-46cf-9f6d-1ec34d7f5dd0', '9a95c3c5-3b5c-4574-a77c-628ebb6dd53a', '1f275ef8-afaf-42c7-a768-bf79074896db', 1, 5000);
INSERT INTO "OrderItem" ("id", "order_id", "menu_item_id", "quantity", "unit_price") VALUES ('a8856343-5c89-4d5f-8747-59822b05348c', '7c73c287-e475-490e-9582-ad219f478c6b', '209a86c3-6553-409a-b958-0b39094eb7ae', 1, 5500);
INSERT INTO "OrderItem" ("id", "order_id", "menu_item_id", "quantity", "unit_price") VALUES ('edb77f5c-4dd0-4579-9742-b33e508bc2e6', 'a9c65131-9618-4153-b0ee-47704d5e88f0', 'cb2b64ed-79bc-4cd0-80a6-c42101882ed0', 1, 3000);
INSERT INTO "OrderItem" ("id", "order_id", "menu_item_id", "quantity", "unit_price") VALUES ('00d13e5d-e4b8-4b6e-a3ea-5b2120322051', '9b141fc7-1014-4f21-beaa-b18d61f44d45', '5f8bd1a4-bccb-4d15-89a5-d808e74927a3', 1, 10000);
INSERT INTO "OrderItem" ("id", "order_id", "menu_item_id", "quantity", "unit_price") VALUES ('cafb673a-1055-4586-8583-880c74053b69', '9b141fc7-1014-4f21-beaa-b18d61f44d45', '5f8bd1a4-bccb-4d15-89a5-d808e74927a3', 1, 6000);
INSERT INTO "OrderItem" ("id", "order_id", "menu_item_id", "quantity", "unit_price") VALUES ('810600c3-53ef-4bbb-829d-154081f9bf9b', '9b141fc7-1014-4f21-beaa-b18d61f44d45', '5f8bd1a4-bccb-4d15-89a5-d808e74927a3', 1, 4000);
INSERT INTO "OrderItem" ("id", "order_id", "menu_item_id", "quantity", "unit_price") VALUES ('82e5a823-e8a8-494d-a136-90c07ee2e00f', '7cecb153-34b6-4abc-9bd3-fb70a9da9a94', '4e9e9270-588f-40a4-bf44-24f3c836685f', 1, 9000);
INSERT INTO "OrderItem" ("id", "order_id", "menu_item_id", "quantity", "unit_price") VALUES ('3df4cafd-de55-444b-8559-6a1867555daf', '7cecb153-34b6-4abc-9bd3-fb70a9da9a94', '4e9e9270-588f-40a4-bf44-24f3c836685f', 1, 5000);
INSERT INTO "OrderItem" ("id", "order_id", "menu_item_id", "quantity", "unit_price") VALUES ('51cc8cf4-fbb2-42ea-b5f1-39109066aef0', 'e990a7ca-7148-4766-b61c-1968162c5585', '5f8bd1a4-bccb-4d15-89a5-d808e74927a3', 1, 8000);
INSERT INTO "OrderItem" ("id", "order_id", "menu_item_id", "quantity", "unit_price") VALUES ('98ddc688-a605-4eaf-9975-1173007013f2', 'e990a7ca-7148-4766-b61c-1968162c5585', '5f8bd1a4-bccb-4d15-89a5-d808e74927a3', 1, 4000);
INSERT INTO "OrderItem" ("id", "order_id", "menu_item_id", "quantity", "unit_price") VALUES ('8a1f7cef-2e06-4bbe-b471-3385abcb1f2a', 'e990a7ca-7148-4766-b61c-1968162c5585', '4f670355-c659-4523-83ef-43ee8084e651', 1, 7000);
INSERT INTO "OrderItem" ("id", "order_id", "menu_item_id", "quantity", "unit_price") VALUES ('9ef6bb2b-c5ae-4d46-af2e-02557e0a88e7', 'c9f80732-c99f-4703-abe4-678df40bfb51', '4e9e9270-588f-40a4-bf44-24f3c836685f', 1, 9000);
INSERT INTO "OrderItem" ("id", "order_id", "menu_item_id", "quantity", "unit_price") VALUES ('ca41a8b7-77d7-4a39-8ccf-bf97f3c3e33b', 'c9f80732-c99f-4703-abe4-678df40bfb51', '4e9e9270-588f-40a4-bf44-24f3c836685f', 1, 6500);
INSERT INTO "OrderItem" ("id", "order_id", "menu_item_id", "quantity", "unit_price") VALUES ('8335ca94-13fe-4c1a-8e41-c5fe12b73b7e', 'f22315e5-1b6b-4c6c-8223-7d6ecc085df2', '4e9e9270-588f-40a4-bf44-24f3c836685f', 1, 9000);
INSERT INTO "OrderItem" ("id", "order_id", "menu_item_id", "quantity", "unit_price") VALUES ('b74e2dec-e70e-42d0-8e97-1c0f1f40a031', 'f22315e5-1b6b-4c6c-8223-7d6ecc085df2', '4e9e9270-588f-40a4-bf44-24f3c836685f', 1, 6500);
INSERT INTO "OrderItem" ("id", "order_id", "menu_item_id", "quantity", "unit_price") VALUES ('e9cbbcb3-cf89-423f-8fcf-b9166424f2fc', 'f22315e5-1b6b-4c6c-8223-7d6ecc085df2', '4e9e9270-588f-40a4-bf44-24f3c836685f', 1, 6500);
INSERT INTO "OrderItem" ("id", "order_id", "menu_item_id", "quantity", "unit_price") VALUES ('534b50d6-124c-4cdd-859a-59fe01fa6e00', 'f22315e5-1b6b-4c6c-8223-7d6ecc085df2', '634d4ad0-7bbc-4d6e-8571-5aa2ebd1a57b', 1, 4000);
INSERT INTO "OrderItem" ("id", "order_id", "menu_item_id", "quantity", "unit_price") VALUES ('62d9bf94-ed5d-4956-a0ad-64a3b46037d9', '4cb83dfa-3c73-476f-8459-92642d52b470', '4f670355-c659-4523-83ef-43ee8084e651', 3, 10000);
INSERT INTO "OrderItem" ("id", "order_id", "menu_item_id", "quantity", "unit_price") VALUES ('a9ad5a43-5470-40e3-b449-9de3c4f176a5', '4cb83dfa-3c73-476f-8459-92642d52b470', '4f670355-c659-4523-83ef-43ee8084e651', 1, 5000);
INSERT INTO "OrderItem" ("id", "order_id", "menu_item_id", "quantity", "unit_price") VALUES ('0ac8b431-cb9b-43d8-a2a8-88c44d29d999', '4cb83dfa-3c73-476f-8459-92642d52b470', '1a800221-1e86-4ed3-9c41-f7510f771e69', 2, 7500);
INSERT INTO "OrderCustomization" ("id", "order_item_id", "name", "option_type", "value", "price") VALUES ('2040397e-9ee5-4d0f-9881-58b2fbae4537', '931022a4-406e-4a5b-b39f-98a851d60da3', 'កម្ដៅ', NULL, 'ត្រជាក់', 0);
INSERT INTO "OrderCustomization" ("id", "order_item_id", "name", "option_type", "value", "price") VALUES ('84dc65bb-9f9c-45ca-ae5b-ce3eeb1ac997', '931022a4-406e-4a5b-b39f-98a851d60da3', 'ស្ក', NULL, '50%', 0);
INSERT INTO "OrderCustomization" ("id", "order_item_id", "name", "option_type", "value", "price") VALUES ('fc3d3c59-8673-4a6a-946c-a9dd937bd48d', '1e9339b7-6269-41f8-b786-c126c022843e', 'កម្ដៅ', NULL, 'ត្រជាក់', 0);
INSERT INTO "OrderCustomization" ("id", "order_item_id", "name", "option_type", "value", "price") VALUES ('4c4b96c4-5c74-4b0e-8423-3a0242d2713a', '1e9339b7-6269-41f8-b786-c126c022843e', 'ស្ក', NULL, '100%', 0);
INSERT INTO "OrderCustomization" ("id", "order_item_id", "name", "option_type", "value", "price") VALUES ('4242c223-ee9a-4837-826d-03948b0d201e', '1593d4b5-fbed-44a3-90d1-86d7ed114347', 'កម្ដៅ', NULL, 'ត្រជាក់', 0);
INSERT INTO "OrderCustomization" ("id", "order_item_id", "name", "option_type", "value", "price") VALUES ('9bc92362-b0da-42eb-be6f-641da887d7be', '1593d4b5-fbed-44a3-90d1-86d7ed114347', 'ស្ក', NULL, '50%', 0);
INSERT INTO "OrderCustomization" ("id", "order_item_id", "name", "option_type", "value", "price") VALUES ('05c97733-96ec-48f8-9c95-4b770f91e420', '116393f3-7bc4-4011-94b4-1ded469afe84', 'កម្ដៅ', NULL, 'ក្ដៅ', 0);
INSERT INTO "OrderCustomization" ("id", "order_item_id", "name", "option_type", "value", "price") VALUES ('0960ca8e-1c65-441c-bc35-ab5a5a37c627', '116393f3-7bc4-4011-94b4-1ded469afe84', 'ស្ក', NULL, '0%', 0);
INSERT INTO "OrderCustomization" ("id", "order_item_id", "name", "option_type", "value", "price") VALUES ('db41b198-3602-440c-ad4f-96188a4a1284', '27609227-b2a2-46ee-a8d0-41480f95b090', 'កម្ដៅ', NULL, 'ត្រជាក់', 0);
INSERT INTO "OrderCustomization" ("id", "order_item_id", "name", "option_type", "value", "price") VALUES ('26dd3d60-0c6e-45d0-a717-8749dcb14776', '27609227-b2a2-46ee-a8d0-41480f95b090', 'ស្ក', NULL, '0%', 0);
INSERT INTO "OrderCustomization" ("id", "order_item_id", "name", "option_type", "value", "price") VALUES ('40299c3e-be1f-4b6d-aec1-c75d8c2f9dde', '3754c9d7-416b-4e2c-9172-70908b261ce7', 'កម្ដៅ', NULL, 'ត្រជាក់', 0);
INSERT INTO "OrderCustomization" ("id", "order_item_id", "name", "option_type", "value", "price") VALUES ('b825f9b0-9aa0-47a5-903e-4ba940b8d665', '3754c9d7-416b-4e2c-9172-70908b261ce7', 'ស្ក', NULL, '0%', 0);
INSERT INTO "OrderCustomization" ("id", "order_item_id", "name", "option_type", "value", "price") VALUES ('f25df530-853e-4f21-859f-d838017d39b6', '3051b4f6-809c-46c5-84a8-9e2559d37b56', 'កម្ដៅ', NULL, 'ត្រជាក់', 0);
INSERT INTO "OrderCustomization" ("id", "order_item_id", "name", "option_type", "value", "price") VALUES ('c47c9216-4551-4734-94aa-9edbb2c1a0f5', '3051b4f6-809c-46c5-84a8-9e2559d37b56', 'ស្ក', NULL, '0%', 0);
INSERT INTO "OrderCustomization" ("id", "order_item_id", "name", "option_type", "value", "price") VALUES ('957a5b73-ce46-4f20-99d7-48f592a5cb3a', '37261e69-17f1-42a2-aa2e-343dff7f4da5', 'កម្ដៅ', NULL, 'ត្រជាក់', 0);
INSERT INTO "OrderCustomization" ("id", "order_item_id", "name", "option_type", "value", "price") VALUES ('b6ab6420-0a71-4143-aa15-0a4782e03a56', '37261e69-17f1-42a2-aa2e-343dff7f4da5', 'ស្ក', NULL, '0%', 0);
INSERT INTO "OrderCustomization" ("id", "order_item_id", "name", "option_type", "value", "price") VALUES ('d170a7b9-451d-4d0b-acf8-6d177b198380', 'b71cc8fe-250e-4843-8a3a-3faa5bad3bd8', 'កម្ដៅ', NULL, 'ក្ដៅ', 0);
INSERT INTO "OrderCustomization" ("id", "order_item_id", "name", "option_type", "value", "price") VALUES ('48e437b4-214a-4d79-9403-64b13dc14918', 'b71cc8fe-250e-4843-8a3a-3faa5bad3bd8', 'ស្ក', NULL, '0%', 0);
INSERT INTO "OrderCustomization" ("id", "order_item_id", "name", "option_type", "value", "price") VALUES ('da3ea800-b35c-4ecb-9ca2-39edd72de546', 'e96d262a-9adc-4aad-bfa8-d42caeb3001d', 'កម្ដៅ', NULL, 'ត្រជាក់', 0);
INSERT INTO "OrderCustomization" ("id", "order_item_id", "name", "option_type", "value", "price") VALUES ('e6f49fb2-15dd-472a-8388-c5141388cfa9', 'e96d262a-9adc-4aad-bfa8-d42caeb3001d', 'ស្ក', NULL, '0%', 0);
INSERT INTO "OrderCustomization" ("id", "order_item_id", "name", "option_type", "value", "price") VALUES ('d6f02c85-a418-4d1e-8e94-e8b0813a8564', 'ebfd7258-7dc2-4ccc-bdcd-88ddeb902b8b', 'កម្ដៅ', NULL, 'ត្រជាក់', 0);
INSERT INTO "OrderCustomization" ("id", "order_item_id", "name", "option_type", "value", "price") VALUES ('325f4876-1b48-47a5-a88f-ca75b165273f', 'ebfd7258-7dc2-4ccc-bdcd-88ddeb902b8b', 'ស្ក', NULL, '0%', 0);
INSERT INTO "OrderCustomization" ("id", "order_item_id", "name", "option_type", "value", "price") VALUES ('076022d0-8195-4584-960d-7997f8fe9c05', 'a08e40c8-c9ba-43dd-b23e-7e98cd43c6ce', 'កម្ដៅ', NULL, 'ត្រជាក់', 0);
INSERT INTO "OrderCustomization" ("id", "order_item_id", "name", "option_type", "value", "price") VALUES ('80bae5ab-b999-4f08-aa4b-550c1387a0d8', 'a08e40c8-c9ba-43dd-b23e-7e98cd43c6ce', 'ស្ក', NULL, '0%', 0);
INSERT INTO "OrderCustomization" ("id", "order_item_id", "name", "option_type", "value", "price") VALUES ('924bdc0f-727e-4d7b-9080-f56be67b4e13', '42587844-10f7-4da0-8e9a-08468aa0a5fc', 'កម្ដៅ', NULL, 'ក្ដៅ', 0);
INSERT INTO "OrderCustomization" ("id", "order_item_id", "name", "option_type", "value", "price") VALUES ('80e28fc6-8a2e-4a6b-81eb-ba3335e77fb1', '42587844-10f7-4da0-8e9a-08468aa0a5fc', 'ស្ក', NULL, '0%', 0);
INSERT INTO "OrderCustomization" ("id", "order_item_id", "name", "option_type", "value", "price") VALUES ('640e1476-5ba5-4c82-b3b0-6ad8bdb2d386', '15fc9bf8-9ff4-4215-914e-ff48db143d01', 'កម្ដៅ', NULL, 'ត្រជាក់', 0);
INSERT INTO "OrderCustomization" ("id", "order_item_id", "name", "option_type", "value", "price") VALUES ('5d24847f-77d9-46c9-9304-e67ff3d8b0b3', '15fc9bf8-9ff4-4215-914e-ff48db143d01', 'ស្ក', NULL, '0%', 0);
INSERT INTO "OrderCustomization" ("id", "order_item_id", "name", "option_type", "value", "price") VALUES ('c01764c5-ccac-473a-ab51-b95ae410acf2', '46db3e2e-2263-43d6-b35f-cc8e1c3c95b4', 'កម្ដៅ', NULL, 'ត្រជាក់', 0);
INSERT INTO "OrderCustomization" ("id", "order_item_id", "name", "option_type", "value", "price") VALUES ('8309b372-5ac5-45b7-8ca1-bf5590be9e0a', '46db3e2e-2263-43d6-b35f-cc8e1c3c95b4', 'ស្ក', NULL, '0%', 0);
INSERT INTO "OrderCustomization" ("id", "order_item_id", "name", "option_type", "value", "price") VALUES ('b338cc03-6333-4932-9070-49c854004fe1', 'b7f7990a-f357-4a35-b05e-b92172997c4f', 'កម្ដៅ', NULL, 'ត្រជាក់', 0);
INSERT INTO "OrderCustomization" ("id", "order_item_id", "name", "option_type", "value", "price") VALUES ('7f4591ef-76ce-493c-9744-e5299d3f6ab0', 'b7f7990a-f357-4a35-b05e-b92172997c4f', 'ស្ក', NULL, '0%', 0);
INSERT INTO "OrderCustomization" ("id", "order_item_id", "name", "option_type", "value", "price") VALUES ('b756a01b-f00d-4485-98cb-276befa21331', '7d34d302-c726-4dc6-9274-97298c04e20c', 'កម្ដៅ', NULL, 'ត្រជាក់', 0);
INSERT INTO "OrderCustomization" ("id", "order_item_id", "name", "option_type", "value", "price") VALUES ('01c9905f-25e4-4ab1-ba42-2b0fcaf93497', '7d34d302-c726-4dc6-9274-97298c04e20c', 'ស្ក', NULL, '50%', 0);
INSERT INTO "OrderCustomization" ("id", "order_item_id", "name", "option_type", "value", "price") VALUES ('cf9da422-f1fc-4949-a417-3d3985035832', '15eb6573-4ad6-40a5-a5d2-b2b2e7fd1218', 'ស្ក', NULL, '0%', 0);
INSERT INTO "OrderCustomization" ("id", "order_item_id", "name", "option_type", "value", "price") VALUES ('eddb75a1-8cff-4220-b740-da0ad5ba7aeb', '15eb6573-4ad6-40a5-a5d2-b2b2e7fd1218', 'កម្ដៅ', NULL, 'ត្រជាក់', 0);
INSERT INTO "OrderCustomization" ("id", "order_item_id", "name", "option_type", "value", "price") VALUES ('415aeb8d-4087-465d-a94c-ff18915bf9e1', '10c3b46f-3baf-4220-901e-69e886fce760', 'កម្ដៅ', NULL, 'ក្ដៅ', 0);
INSERT INTO "OrderCustomization" ("id", "order_item_id", "name", "option_type", "value", "price") VALUES ('9972c6f6-c7a8-412e-b508-e666c721d8c1', '10c3b46f-3baf-4220-901e-69e886fce760', 'ស្ក', NULL, '0%', 0);
INSERT INTO "OrderCustomization" ("id", "order_item_id", "name", "option_type", "value", "price") VALUES ('93e41d88-6120-478d-84c5-57b96ec25db2', '991fb8f0-5f62-428b-95e1-ab7ad38e068a', 'កម្ដៅ', NULL, 'ត្រជាក់', 0);
INSERT INTO "OrderCustomization" ("id", "order_item_id", "name", "option_type", "value", "price") VALUES ('70011768-bf3e-4a5a-b5a8-376b04982499', '991fb8f0-5f62-428b-95e1-ab7ad38e068a', 'ស្ក', NULL, '50%', 0);
INSERT INTO "OrderCustomization" ("id", "order_item_id", "name", "option_type", "value", "price") VALUES ('98154ca2-59ee-491f-a863-e3c9dc52edc7', 'e996e543-bb94-4179-89eb-2759ba2d7f54', 'ស្ក', NULL, '50%', 0);
INSERT INTO "OrderCustomization" ("id", "order_item_id", "name", "option_type", "value", "price") VALUES ('0d9fb8e0-9f64-4985-966f-1cba09eab02e', 'e996e543-bb94-4179-89eb-2759ba2d7f54', 'កម្ដៅ', NULL, 'ក្ដៅ', 0);
INSERT INTO "OrderCustomization" ("id", "order_item_id", "name", "option_type", "value", "price") VALUES ('b5af6624-c050-4b4a-ad62-3467e241653b', '67f01a70-445e-4ddd-8b9d-aa36b4b07630', '500+ size up', NULL, 'កែវធំ', 500);
INSERT INTO "OrderCustomization" ("id", "order_item_id", "name", "option_type", "value", "price") VALUES ('458ad080-b1ae-478b-af17-35fca10cfce9', '67f01a70-445e-4ddd-8b9d-aa36b4b07630', 'ស្ក', NULL, '20%', 0);
INSERT INTO "OrderCustomization" ("id", "order_item_id", "name", "option_type", "value", "price") VALUES ('f3ffc899-0611-425f-bfa4-2788963e4aea', 'aefe6545-3db4-4914-b400-cbc168c0ad4f', 'ស្ក', NULL, '100%', 0);
INSERT INTO "OrderCustomization" ("id", "order_item_id", "name", "option_type", "value", "price") VALUES ('4b646095-a6b5-41f0-86fd-ad34b6d987b4', '3fcafe5f-34dd-41c0-9647-57c9c6a4e707', 'ស្ក', NULL, '10%', 0);
INSERT INTO "OrderCustomization" ("id", "order_item_id", "name", "option_type", "value", "price") VALUES ('4e8bcdb1-8de3-475b-9ba4-8b969ca0e245', 'a4edf94d-950f-4c15-ab7d-2a94ea4092e7', 'ស្ក', NULL, '50%', 0);
INSERT INTO "OrderCustomization" ("id", "order_item_id", "name", "option_type", "value", "price") VALUES ('dd6bceff-c8d1-4e00-b8de-3ad4978a9d60', 'a605db29-a37c-42f9-a240-db8d0ecb5667', 'ស្ក', NULL, '70%', 0);
INSERT INTO "OrderCustomization" ("id", "order_item_id", "name", "option_type", "value", "price") VALUES ('a6dc1b3a-7c6b-4e11-920e-383f59d32a6d', '2a2d70c0-210c-4651-a1e4-2e9395f674db', 'ស្ក', NULL, '50%', 0);
INSERT INTO "OrderCustomization" ("id", "order_item_id", "name", "option_type", "value", "price") VALUES ('84d2ecfc-4e38-4753-94b9-f7a26acedb46', '10d88be8-bf4f-4b74-91c3-865800595d2e', '500+ size up', NULL, 'កែវតូច', 0);
INSERT INTO "OrderCustomization" ("id", "order_item_id", "name", "option_type", "value", "price") VALUES ('0ea91224-d3ae-49e5-9b61-08d34be47298', '10d88be8-bf4f-4b74-91c3-865800595d2e', 'ស្ក', NULL, '20%', 0);
INSERT INTO "OrderCustomization" ("id", "order_item_id", "name", "option_type", "value", "price") VALUES ('30ba50df-e12f-4a40-a356-53e5023a4847', '0be4c339-52ee-485e-b1af-5274c59d317e', 'ស្ក', NULL, '10%', 0);
INSERT INTO "OrderCustomization" ("id", "order_item_id", "name", "option_type", "value", "price") VALUES ('938032ec-f2a2-4a23-8c9b-b6da3d98fc85', '0be4c339-52ee-485e-b1af-5274c59d317e', 'កម្ដៅ', NULL, 'ត្រជាក់', 0);
INSERT INTO "OrderCustomization" ("id", "order_item_id", "name", "option_type", "value", "price") VALUES ('d4c95d07-b947-4a59-9aad-99e0a9d0dbec', 'f850d42f-69b5-4f3b-a072-2f10bf97ed09', 'ស្ក', NULL, '30%', 0);
INSERT INTO "OrderCustomization" ("id", "order_item_id", "name", "option_type", "value", "price") VALUES ('796793a6-08c2-4ccc-bb9c-670af8f1ba8d', 'd112dbf2-fb19-449a-81d8-6e18429d58ae', 'កម្ដៅ', NULL, 'ត្រជាក់', 0);
INSERT INTO "OrderCustomization" ("id", "order_item_id", "name", "option_type", "value", "price") VALUES ('c3d53248-90d8-42ba-8589-bb10d35be3f0', 'd112dbf2-fb19-449a-81d8-6e18429d58ae', 'ស្ក', NULL, '50%', 0);
INSERT INTO "OrderCustomization" ("id", "order_item_id", "name", "option_type", "value", "price") VALUES ('7c883021-ea69-49cf-b30d-e6f59c723373', '6e2cab76-fae4-42d5-a2fd-08e27c8fcd63', '500+ size up', NULL, 'កែវតូច', 0);
INSERT INTO "OrderCustomization" ("id", "order_item_id", "name", "option_type", "value", "price") VALUES ('5499cc5e-3398-440e-ab5c-e8636781ba17', '6e2cab76-fae4-42d5-a2fd-08e27c8fcd63', 'ស្ក', NULL, '50%', 0);
INSERT INTO "OrderCustomization" ("id", "order_item_id", "name", "option_type", "value", "price") VALUES ('eeaa9d81-2780-45ea-a32a-60d1b661c53c', '98aac474-c1d3-4837-b329-b405b1cceae1', '1500+ size up', NULL, 'កែវធំ', 1500);
INSERT INTO "OrderCustomization" ("id", "order_item_id", "name", "option_type", "value", "price") VALUES ('74638619-cdda-4ddc-be2a-d52a57e87ec3', '98aac474-c1d3-4837-b329-b405b1cceae1', 'ស្ក', NULL, '50%', 0);
INSERT INTO "OrderCustomization" ("id", "order_item_id", "name", "option_type", "value", "price") VALUES ('852894d5-39a2-4854-98c3-1fe076e36d50', '322ded2d-9ac9-4685-b7f8-f193a2fab773', '1500+ size up', NULL, 'កែវធំ', 1500);
INSERT INTO "OrderCustomization" ("id", "order_item_id", "name", "option_type", "value", "price") VALUES ('2c7837c3-b6ca-4c0c-ae1b-c40b14dbfe57', '322ded2d-9ac9-4685-b7f8-f193a2fab773', 'ស្ក', NULL, '40%', 0);
INSERT INTO "OrderCustomization" ("id", "order_item_id", "name", "option_type", "value", "price") VALUES ('e91fba8d-bff7-4bf7-86de-8577725992ae', '75dfdab5-8e6c-4868-b639-6b8501dff093', 'ស្ក', NULL, '50%', 0);
INSERT INTO "OrderCustomization" ("id", "order_item_id", "name", "option_type", "value", "price") VALUES ('18475799-78ee-402a-b939-4f2909d5e91f', '7de6c3b3-35df-4842-a8fe-c182d4855331', '1000+ size up', NULL, 'កែវតូច', 0);
INSERT INTO "OrderCustomization" ("id", "order_item_id", "name", "option_type", "value", "price") VALUES ('def2c481-6293-4e88-a7c3-47d562e83b80', '7de6c3b3-35df-4842-a8fe-c182d4855331', 'ស្ក', NULL, '50%', 0);
INSERT INTO "OrderCustomization" ("id", "order_item_id", "name", "option_type", "value", "price") VALUES ('532dc04f-171e-4f13-be12-f0477ec73e49', '50394267-8ffb-4deb-b44f-ab3f660ae3ec', 'ស្ក', NULL, '60%', 0);
INSERT INTO "OrderCustomization" ("id", "order_item_id", "name", "option_type", "value", "price") VALUES ('81ad54c3-26d2-4dde-8ceb-095eb33266b9', '50394267-8ffb-4deb-b44f-ab3f660ae3ec', 'កម្ដៅ', NULL, 'ត្រជាក់', 0);
INSERT INTO "OrderCustomization" ("id", "order_item_id", "name", "option_type", "value", "price") VALUES ('baade785-e35b-478a-a58c-ac25262ba371', '2ffdcedd-2da8-412a-879d-95e6835b4da2', 'ស្ក', NULL, '40%', 0);
INSERT INTO "OrderCustomization" ("id", "order_item_id", "name", "option_type", "value", "price") VALUES ('b4aceabe-66ee-41c9-842e-af7ac110e169', 'd08ca8db-71a8-49e0-b8b6-ac767e8907cb', '1000+ size up', NULL, 'កែវធំ', 1000);
INSERT INTO "OrderCustomization" ("id", "order_item_id", "name", "option_type", "value", "price") VALUES ('c4645417-11cc-4d1d-9dcb-9d3554353eb4', 'd08ca8db-71a8-49e0-b8b6-ac767e8907cb', 'ស្ក', NULL, '30%', 0);
INSERT INTO "OrderCustomization" ("id", "order_item_id", "name", "option_type", "value", "price") VALUES ('bb51063b-3622-4548-b5e4-11c76ed0fdde', '5130df62-2f15-40f3-8443-87a17fa974b9', '1000+ size up', NULL, 'កែវធំ', 1000);
INSERT INTO "OrderCustomization" ("id", "order_item_id", "name", "option_type", "value", "price") VALUES ('275eaf1e-8d1b-453a-8bd0-fd72394ece51', '5130df62-2f15-40f3-8443-87a17fa974b9', 'ស្ក', NULL, '50%', 0);
INSERT INTO "OrderCustomization" ("id", "order_item_id", "name", "option_type", "value", "price") VALUES ('17d38e58-1c4e-476f-aa4b-52ed74d5aa90', 'fe6c0474-d45f-427c-b405-8a2302e9afe4', '500+ size up', NULL, 'កែវធំ', 500);
INSERT INTO "OrderCustomization" ("id", "order_item_id", "name", "option_type", "value", "price") VALUES ('8c478bd6-fda7-4c6f-9f26-fc11994e22d1', 'fe6c0474-d45f-427c-b405-8a2302e9afe4', 'ស្ក', NULL, '50%', 0);
INSERT INTO "OrderCustomization" ("id", "order_item_id", "name", "option_type", "value", "price") VALUES ('3d63c031-0fd8-4072-a45d-dc5958e41273', 'e61367ba-caa2-478b-a9dc-8bd2aa1ee6f1', '1500+ size up', NULL, 'កែវធំ', 1500);
INSERT INTO "OrderCustomization" ("id", "order_item_id", "name", "option_type", "value", "price") VALUES ('cb8adf63-3225-4584-a227-a6d3345e5905', 'e61367ba-caa2-478b-a9dc-8bd2aa1ee6f1', 'ស្ក', NULL, '100%', 0);
INSERT INTO "OrderCustomization" ("id", "order_item_id", "name", "option_type", "value", "price") VALUES ('6bd15524-ae77-4ed5-8f3c-65285b4d54a0', '5c862f2c-ceee-4a11-b8a4-d573debfb11c', 'កម្ដៅ', NULL, 'ត្រជាក់', 0);
INSERT INTO "OrderCustomization" ("id", "order_item_id", "name", "option_type", "value", "price") VALUES ('4e393fa6-a331-464a-a091-7755cd8b0ebc', '5c862f2c-ceee-4a11-b8a4-d573debfb11c', 'ស្ក', NULL, '80%', 0);
INSERT INTO "OrderCustomization" ("id", "order_item_id", "name", "option_type", "value", "price") VALUES ('06f79e88-fc27-41a3-878c-6e323ca4629b', 'ec77b7c6-5aea-4fdb-9043-99ea24c5edd3', 'កម្ដៅ', NULL, 'ត្រជាក់', 0);
INSERT INTO "OrderCustomization" ("id", "order_item_id", "name", "option_type", "value", "price") VALUES ('9dd2047d-5bf6-4754-b1fd-b4ee4b6886b1', 'ec77b7c6-5aea-4fdb-9043-99ea24c5edd3', 'ស្ក', NULL, '50%', 0);
INSERT INTO "OrderCustomization" ("id", "order_item_id", "name", "option_type", "value", "price") VALUES ('482dae5a-fc65-4f24-8b8e-e98c84cc718d', '7c5fe219-c957-4d0d-9bd4-a7986d27470e', 'កម្ដៅ', NULL, 'ត្រជាក់', 0);
INSERT INTO "OrderCustomization" ("id", "order_item_id", "name", "option_type", "value", "price") VALUES ('2f2bc9dc-759e-4e1b-8abb-e6d023c21022', '7c5fe219-c957-4d0d-9bd4-a7986d27470e', 'ស្ក', NULL, '70%', 0);
INSERT INTO "OrderCustomization" ("id", "order_item_id", "name", "option_type", "value", "price") VALUES ('c6baea01-612e-4cf2-9d60-3710e9688613', '54493983-f40b-4395-9d97-72242aa623e9', 'កម្ដៅ', NULL, 'ត្រជាក់', 0);
INSERT INTO "OrderCustomization" ("id", "order_item_id", "name", "option_type", "value", "price") VALUES ('182aa2b1-334c-4e9e-9d82-91d9a72fa249', '54493983-f40b-4395-9d97-72242aa623e9', 'ស្ក', NULL, '50%', 0);
INSERT INTO "OrderCustomization" ("id", "order_item_id", "name", "option_type", "value", "price") VALUES ('1fcaeecd-348b-451a-b605-f286cd817ecb', '1a4ee9ae-d052-4acf-9f75-1afbcd4f541d', '500+ size up', NULL, 'កែវតូច', 0);
INSERT INTO "OrderCustomization" ("id", "order_item_id", "name", "option_type", "value", "price") VALUES ('131ec128-afa8-4b04-af27-a867e0722f1c', '1a4ee9ae-d052-4acf-9f75-1afbcd4f541d', 'ស្ក', NULL, '50%', 0);
INSERT INTO "OrderCustomization" ("id", "order_item_id", "name", "option_type", "value", "price") VALUES ('67d6eaa5-a060-4126-b8c8-264ef0462230', 'ecd066bd-e854-4e82-9f6f-606d4eb8bfd6', '500+ size up', NULL, 'កែវធំ', 500);
INSERT INTO "OrderCustomization" ("id", "order_item_id", "name", "option_type", "value", "price") VALUES ('5d6644bc-0ce8-45dc-ad50-d91919469d30', 'ecd066bd-e854-4e82-9f6f-606d4eb8bfd6', 'ស្ក', NULL, '30%', 0);
INSERT INTO "OrderCustomization" ("id", "order_item_id", "name", "option_type", "value", "price") VALUES ('062098fb-9a55-41cc-9c4a-f8b2fa40f9de', 'c9f528c2-c567-4f1b-b44a-c7aea458a0ba', '500+ size up', NULL, 'កែវធំ', 500);
INSERT INTO "OrderCustomization" ("id", "order_item_id", "name", "option_type", "value", "price") VALUES ('daac2a61-3c46-4630-99a0-f5d2826c6674', 'c9f528c2-c567-4f1b-b44a-c7aea458a0ba', 'ស្ក', NULL, '50%', 0);
INSERT INTO "OrderCustomization" ("id", "order_item_id", "name", "option_type", "value", "price") VALUES ('f9ee6a88-e0a7-47f1-8487-20a5e07104cd', '2fbda433-f54b-45db-9867-724fe5921822', 'ស្ក', NULL, '0%', 0);
INSERT INTO "OrderCustomization" ("id", "order_item_id", "name", "option_type", "value", "price") VALUES ('2f1733b2-ea9e-4adc-b004-5727283c0da5', '2fbda433-f54b-45db-9867-724fe5921822', 'កម្ដៅ', NULL, 'ត្រជាក់', 0);
INSERT INTO "OrderCustomization" ("id", "order_item_id", "name", "option_type", "value", "price") VALUES ('a434890b-f220-45a3-a220-c994dca0371e', '3b056595-73ac-45ea-8925-5c9c0f6b3eba', '1000+ size up', NULL, 'កែវធំ', 1000);
INSERT INTO "OrderCustomization" ("id", "order_item_id", "name", "option_type", "value", "price") VALUES ('8ad3145f-c157-49c9-99e2-514fb48d80ea', '3b056595-73ac-45ea-8925-5c9c0f6b3eba', 'ស្ក', NULL, '50%', 0);
INSERT INTO "OrderCustomization" ("id", "order_item_id", "name", "option_type", "value", "price") VALUES ('f27822c6-6e82-4c9c-9990-02e4db457ce1', '3e807f15-5a3a-47b1-8f7b-953fb9c8e3dd', '500+ size up', NULL, 'កែវធំ', 500);
INSERT INTO "OrderCustomization" ("id", "order_item_id", "name", "option_type", "value", "price") VALUES ('7dd1a10a-4e00-491c-95c7-a62b4676a3bc', '3e807f15-5a3a-47b1-8f7b-953fb9c8e3dd', 'ស្ក', NULL, '50%', 0);
INSERT INTO "OrderCustomization" ("id", "order_item_id", "name", "option_type", "value", "price") VALUES ('07df0402-5dbe-4d65-965a-d79d26a4c99e', '35703afe-485f-41f5-961e-03877a37fdbc', 'កម្ដៅ', NULL, 'ត្រជាក់', 0);
INSERT INTO "OrderCustomization" ("id", "order_item_id", "name", "option_type", "value", "price") VALUES ('f6d897a8-14e8-4d7c-84e7-4033525b8ef3', '35703afe-485f-41f5-961e-03877a37fdbc', 'ស្ក', NULL, '50%', 0);
INSERT INTO "OrderCustomization" ("id", "order_item_id", "name", "option_type", "value", "price") VALUES ('bd2dc1a3-16ff-4ad3-adab-e570086068a4', '33b590f3-7f15-46f7-a723-65976e25b339', 'ស្ក', NULL, '0%', 0);
INSERT INTO "OrderCustomization" ("id", "order_item_id", "name", "option_type", "value", "price") VALUES ('739a7aa9-8c0c-40a4-a366-a050cd6aec62', '33b590f3-7f15-46f7-a723-65976e25b339', 'កម្ដៅ', NULL, 'ត្រជាក់', 0);
INSERT INTO "OrderCustomization" ("id", "order_item_id", "name", "option_type", "value", "price") VALUES ('09e301c6-28cf-4234-81c1-0d7d9efb6078', 'e9d5a2de-a846-493e-8617-05eada1b5a35', 'កម្ដៅ', NULL, 'ត្រជាក់', 0);
INSERT INTO "OrderCustomization" ("id", "order_item_id", "name", "option_type", "value", "price") VALUES ('0bce67b4-4292-4e38-bcae-89d8b2ed7600', 'e9d5a2de-a846-493e-8617-05eada1b5a35', 'ស្ក', NULL, '100%', 0);
INSERT INTO "OrderCustomization" ("id", "order_item_id", "name", "option_type", "value", "price") VALUES ('bec497c4-ca4e-4256-8a8b-3f396eb1e321', '695c3459-6555-4acb-b4f8-2d7b7b7142ca', '1500+ size up', NULL, 'កែវតូច', 0);
INSERT INTO "OrderCustomization" ("id", "order_item_id", "name", "option_type", "value", "price") VALUES ('62d60a52-336e-413b-ad02-1c7c32455c7c', '695c3459-6555-4acb-b4f8-2d7b7b7142ca', 'ស្ក', NULL, '50%', 0);
INSERT INTO "OrderCustomization" ("id", "order_item_id", "name", "option_type", "value", "price") VALUES ('34a75b2c-3616-4537-9be8-def593fb22c9', '62ef3fec-7aed-4dd3-b222-5bfab058a7e0', 'ស្ក', NULL, '60%', 0);
INSERT INTO "OrderCustomization" ("id", "order_item_id", "name", "option_type", "value", "price") VALUES ('6de7f41e-8097-4903-858a-a2708755d921', '62ef3fec-7aed-4dd3-b222-5bfab058a7e0', 'កម្ដៅ', NULL, 'ត្រជាក់', 0);
INSERT INTO "OrderCustomization" ("id", "order_item_id", "name", "option_type", "value", "price") VALUES ('cca8d796-7254-4ef7-808f-b314dcf60d8a', '8e8925f3-f8fa-49a3-8e1a-288695497f6a', 'កម្ដៅ', NULL, 'ត្រជាក់', 0);
INSERT INTO "OrderCustomization" ("id", "order_item_id", "name", "option_type", "value", "price") VALUES ('2399c969-979b-48a4-9837-bb3932e5bf5f', '8e8925f3-f8fa-49a3-8e1a-288695497f6a', 'ស្ក', NULL, '30%', 0);
INSERT INTO "OrderCustomization" ("id", "order_item_id", "name", "option_type", "value", "price") VALUES ('9b273633-b99c-4502-b319-e748412b8b1c', '27a90ba3-5a67-4264-a317-b16d1b842948', '1000+ size up', NULL, 'កែវតូច', 0);
INSERT INTO "OrderCustomization" ("id", "order_item_id", "name", "option_type", "value", "price") VALUES ('efdf4af4-4735-47c6-bfa9-5e69d0d87856', '27a90ba3-5a67-4264-a317-b16d1b842948', 'ស្ក', NULL, '50%', 0);
INSERT INTO "OrderCustomization" ("id", "order_item_id", "name", "option_type", "value", "price") VALUES ('a08efa9e-a2c2-4743-a18a-b6260627346f', 'fb8d9a3f-b864-45a8-b065-c157555fc4b6', '1000+ size up', NULL, 'កែវធំ', 1000);
INSERT INTO "OrderCustomization" ("id", "order_item_id", "name", "option_type", "value", "price") VALUES ('caeb9571-1656-491a-ac07-ce394fbeec07', 'fb8d9a3f-b864-45a8-b065-c157555fc4b6', 'ស្ក', NULL, '50%', 0);
INSERT INTO "OrderCustomization" ("id", "order_item_id", "name", "option_type", "value", "price") VALUES ('c1ee6671-ee02-43f0-93e4-586392496a38', '8b34fda2-2e14-4aea-a603-a9fc8dfbf7bb', '1000+ size up', NULL, 'កែវតូច', 0);
INSERT INTO "OrderCustomization" ("id", "order_item_id", "name", "option_type", "value", "price") VALUES ('38a60cf4-b75c-425a-8503-c0a5a30109fd', '8b34fda2-2e14-4aea-a603-a9fc8dfbf7bb', 'ស្ក', NULL, '50%', 0);
INSERT INTO "OrderCustomization" ("id", "order_item_id", "name", "option_type", "value", "price") VALUES ('98807995-6003-4a1c-b4d6-3ae9692f3b95', 'bbaf4876-dc0b-4356-b21f-630859641c72', '500+ size up', NULL, 'កែវតូច', 0);
INSERT INTO "OrderCustomization" ("id", "order_item_id", "name", "option_type", "value", "price") VALUES ('0d8beaa3-026e-45f2-bfb8-9db774f144c7', 'bbaf4876-dc0b-4356-b21f-630859641c72', 'ស្ក', NULL, '40%', 0);
INSERT INTO "OrderCustomization" ("id", "order_item_id", "name", "option_type", "value", "price") VALUES ('97c3da08-072c-4de3-9b9f-f990dd8f7ef1', '575ea7db-8482-4a78-8ab4-e382bf467003', 'កម្ដៅ', NULL, 'ត្រជាក់', 0);
INSERT INTO "OrderCustomization" ("id", "order_item_id", "name", "option_type", "value", "price") VALUES ('247457ab-f8d2-47b0-8ec1-9da565b9d1c4', '575ea7db-8482-4a78-8ab4-e382bf467003', 'ស្ក', NULL, '50%', 0);
INSERT INTO "OrderCustomization" ("id", "order_item_id", "name", "option_type", "value", "price") VALUES ('7305b19b-926e-420c-ab33-bc97db018c72', '2b5d2c39-332d-4cbc-b69e-ce537bfb216a', 'កម្ដៅ', NULL, 'ត្រជាក់', 0);
INSERT INTO "OrderCustomization" ("id", "order_item_id", "name", "option_type", "value", "price") VALUES ('bc0127da-2167-466a-8041-256d376d477f', '2b5d2c39-332d-4cbc-b69e-ce537bfb216a', 'ស្ក', NULL, '40%', 0);
INSERT INTO "OrderCustomization" ("id", "order_item_id", "name", "option_type", "value", "price") VALUES ('ab054279-cd07-4b4c-ba45-8a55a609c86d', 'ba5313c8-e281-42df-ba51-61a686f41096', '500+ size up', NULL, 'កែវតូច', 0);
INSERT INTO "OrderCustomization" ("id", "order_item_id", "name", "option_type", "value", "price") VALUES ('17399410-972d-4c26-a659-4e050458cef3', 'ba5313c8-e281-42df-ba51-61a686f41096', 'ស្ក', NULL, '20%', 0);
INSERT INTO "OrderCustomization" ("id", "order_item_id", "name", "option_type", "value", "price") VALUES ('76e0737a-a711-4663-a07d-399df23750a5', '103f8638-4439-469d-97e2-72f0b9ace3af', '500+ size up', NULL, 'កែវធំ', 500);
INSERT INTO "OrderCustomization" ("id", "order_item_id", "name", "option_type", "value", "price") VALUES ('70b42fc3-c615-4dfd-825d-182866c6c0e3', '103f8638-4439-469d-97e2-72f0b9ace3af', 'ស្ក', NULL, '50%', 0);
INSERT INTO "OrderCustomization" ("id", "order_item_id", "name", "option_type", "value", "price") VALUES ('2ffcdf82-ee5c-4928-853c-05d62045f301', '6f10dad3-7d3f-4b7f-b751-7a677a6b4e6c', '500+ size up', NULL, 'កែវធំ', 500);
INSERT INTO "OrderCustomization" ("id", "order_item_id", "name", "option_type", "value", "price") VALUES ('153501fb-653c-4ac6-aa9d-282473555d59', '6f10dad3-7d3f-4b7f-b751-7a677a6b4e6c', 'ស្ក', NULL, '50%', 0);
INSERT INTO "OrderCustomization" ("id", "order_item_id", "name", "option_type", "value", "price") VALUES ('681924a1-1fbe-4fad-9c74-f0f494dce2c5', '6a653198-e687-4cbe-8dde-b1ececc8b32d', 'ស្ក', NULL, '60%', 0);
INSERT INTO "OrderCustomization" ("id", "order_item_id", "name", "option_type", "value", "price") VALUES ('700ff96a-fc81-4806-9a75-eaca23671c48', '6a653198-e687-4cbe-8dde-b1ececc8b32d', 'កម្ដៅ', NULL, 'ត្រជាក់', 0);
INSERT INTO "OrderCustomization" ("id", "order_item_id", "name", "option_type", "value", "price") VALUES ('caef137c-7cac-4534-947f-3f2d71249732', 'f71f6bd6-1c76-4436-b729-3a8b99dab88e', 'កម្ដៅ', NULL, 'ត្រជាក់', 0);
INSERT INTO "OrderCustomization" ("id", "order_item_id", "name", "option_type", "value", "price") VALUES ('71e52454-72ab-4fa1-b4d7-09c2b31e23e5', 'f71f6bd6-1c76-4436-b729-3a8b99dab88e', 'ស្ក', NULL, '10%', 0);
INSERT INTO "OrderCustomization" ("id", "order_item_id", "name", "option_type", "value", "price") VALUES ('b223a52a-9e9b-4d92-baa4-680101a3a4d3', '90c355c7-dd07-456a-9acb-b9aa2532673e', 'ស្ក', NULL, '80%', 0);
INSERT INTO "OrderCustomization" ("id", "order_item_id", "name", "option_type", "value", "price") VALUES ('a8971e05-b03a-4cbb-84f8-ee4e21d85858', '90c355c7-dd07-456a-9acb-b9aa2532673e', 'កម្ដៅ', NULL, 'ត្រជាក់', 0);
INSERT INTO "OrderCustomization" ("id", "order_item_id", "name", "option_type", "value", "price") VALUES ('e368654b-d455-45ce-82b7-3cd3702717e5', '66ed4047-a2da-4cb0-9a5a-6c5f369a4376', 'កម្ដៅ', NULL, 'ត្រជាក់', 0);
INSERT INTO "OrderCustomization" ("id", "order_item_id", "name", "option_type", "value", "price") VALUES ('7d051410-4293-42e4-b511-f04869c098b9', '66ed4047-a2da-4cb0-9a5a-6c5f369a4376', 'ស្ក', NULL, '20%', 0);
INSERT INTO "OrderCustomization" ("id", "order_item_id", "name", "option_type", "value", "price") VALUES ('cc679509-d861-4e2c-8978-99573d11e3f2', 'b81aeb80-075c-4326-a790-2eeaf03db1f5', '1500+ size up', NULL, 'កែវតូច', 0);
INSERT INTO "OrderCustomization" ("id", "order_item_id", "name", "option_type", "value", "price") VALUES ('bebee298-c71a-4296-9626-eeda9194fe0e', 'b81aeb80-075c-4326-a790-2eeaf03db1f5', 'ស្ក', NULL, '60%', 0);
INSERT INTO "OrderCustomization" ("id", "order_item_id", "name", "option_type", "value", "price") VALUES ('5fe8fe67-6314-4ff7-b9bb-b3a4456fec81', 'fddf1674-79e9-4403-9964-6ebb071234f4', '500+ size up', NULL, 'កែវធំ', 500);
INSERT INTO "OrderCustomization" ("id", "order_item_id", "name", "option_type", "value", "price") VALUES ('c4f1d17a-98e7-4e2f-abe4-ce50b4210303', 'fddf1674-79e9-4403-9964-6ebb071234f4', 'ស្ក', NULL, '100%', 0);
INSERT INTO "OrderCustomization" ("id", "order_item_id", "name", "option_type", "value", "price") VALUES ('c3d32927-d0fb-4382-8d33-96e59bcae238', 'acacb923-7bcc-4344-a010-c0d8048d8877', '1000+ size up', NULL, 'កែវតូច', 0);
INSERT INTO "OrderCustomization" ("id", "order_item_id", "name", "option_type", "value", "price") VALUES ('a11bb048-73cd-4e95-8f08-e55fb2de363b', 'acacb923-7bcc-4344-a010-c0d8048d8877', 'ស្ក', NULL, '100%', 0);
INSERT INTO "OrderCustomization" ("id", "order_item_id", "name", "option_type", "value", "price") VALUES ('0e311819-a7b6-4f06-b393-af5e61639b7b', '075f6a29-b5d3-4b56-8e0b-0197bac59428', '1500+ size up', NULL, 'កែវតូច', 0);
INSERT INTO "OrderCustomization" ("id", "order_item_id", "name", "option_type", "value", "price") VALUES ('ca5e3772-240c-48b8-b588-b83ae1026202', '075f6a29-b5d3-4b56-8e0b-0197bac59428', 'ស្ក', NULL, '30%', 0);
INSERT INTO "OrderCustomization" ("id", "order_item_id", "name", "option_type", "value", "price") VALUES ('92c3173c-9c25-4d0c-ab59-c99489bbb023', '2582aabb-5fc2-4508-bfc7-d21c95851406', '500+ size up', NULL, 'កែវតូច', 0);
INSERT INTO "OrderCustomization" ("id", "order_item_id", "name", "option_type", "value", "price") VALUES ('40f6391f-d95f-4a72-8bca-bdaca9a9b1ec', '2582aabb-5fc2-4508-bfc7-d21c95851406', 'ស្ក', NULL, '100%', 0);
INSERT INTO "OrderCustomization" ("id", "order_item_id", "name", "option_type", "value", "price") VALUES ('3ba185ae-088f-4b88-b8a0-7f5531adb3ed', 'b2f0200d-48cd-448e-80d8-45f1e04cde99', 'ស្ក', NULL, '120%', 0);
INSERT INTO "OrderCustomization" ("id", "order_item_id", "name", "option_type", "value", "price") VALUES ('41e6491d-662a-4f1d-b0d7-e793710d1c4f', 'b2f0200d-48cd-448e-80d8-45f1e04cde99', 'កម្ដៅ', NULL, 'ត្រជាក់', 0);
INSERT INTO "OrderCustomization" ("id", "order_item_id", "name", "option_type", "value", "price") VALUES ('6e40a566-c716-4164-a17c-b8d7aea51e9d', 'f8d38f61-bb36-47b4-bc23-65644d0a688d', 'កម្ដៅ', NULL, 'ត្រជាក់', 0);
INSERT INTO "OrderCustomization" ("id", "order_item_id", "name", "option_type", "value", "price") VALUES ('aa00422f-1c1d-4b6f-8452-102fa7053f34', 'f8d38f61-bb36-47b4-bc23-65644d0a688d', 'ស្ក', NULL, '70%', 0);
INSERT INTO "OrderCustomization" ("id", "order_item_id", "name", "option_type", "value", "price") VALUES ('857303fc-bbe8-4605-82b3-213ab39edf32', '17420c31-3c3c-4211-b5ad-064546c9a044', 'កម្ដៅ', NULL, 'ត្រជាក់', 0);
INSERT INTO "OrderCustomization" ("id", "order_item_id", "name", "option_type", "value", "price") VALUES ('c968a047-39cf-40e4-b362-40232d51cb4f', '17420c31-3c3c-4211-b5ad-064546c9a044', 'ស្ក', NULL, '20%', 0);
INSERT INTO "OrderCustomization" ("id", "order_item_id", "name", "option_type", "value", "price") VALUES ('d0a12fe9-6dba-4075-9f1e-67e23e664674', 'd8bb200e-6951-4863-96b4-77c597b37a66', '1500+ size up', NULL, 'កែវតូច', 0);
INSERT INTO "OrderCustomization" ("id", "order_item_id", "name", "option_type", "value", "price") VALUES ('7e67a73e-fff9-410f-9a98-24a93a0838b7', 'd8bb200e-6951-4863-96b4-77c597b37a66', 'ស្ក', NULL, '50%', 0);
INSERT INTO "OrderCustomization" ("id", "order_item_id", "name", "option_type", "value", "price") VALUES ('5827166c-311e-45b9-a22c-c61d7894d13d', '08fbb5e6-5b74-4d00-b5a2-722efeea1644', '1000+ size up', NULL, 'កែវតូច', 0);
INSERT INTO "OrderCustomization" ("id", "order_item_id", "name", "option_type", "value", "price") VALUES ('6353ef82-8541-4b8c-a3a5-ed6df7bfcb5e', '08fbb5e6-5b74-4d00-b5a2-722efeea1644', 'ស្ក', NULL, '20%', 0);
INSERT INTO "OrderCustomization" ("id", "order_item_id", "name", "option_type", "value", "price") VALUES ('13fd09e6-1c6e-4275-b689-048703038cb0', '972e8ef5-0910-4ec6-92df-95ea26f72ea9', '500+ size up', NULL, 'កែវតូច', 0);
INSERT INTO "OrderCustomization" ("id", "order_item_id", "name", "option_type", "value", "price") VALUES ('6f0c1749-9046-4a2b-a21e-83bd258fc035', '972e8ef5-0910-4ec6-92df-95ea26f72ea9', 'ស្ក', NULL, '50%', 0);
INSERT INTO "OrderCustomization" ("id", "order_item_id", "name", "option_type", "value", "price") VALUES ('52b1e5aa-e5ff-4d5f-b2e5-98903f1fd6e0', '3d18f5db-a933-4dcb-8287-8e84c15b2144', '1000+ size up', NULL, 'កែវធំ', 1000);
INSERT INTO "OrderCustomization" ("id", "order_item_id", "name", "option_type", "value", "price") VALUES ('41c7d323-9c3e-4a51-a8e9-f4a385cce628', '3d18f5db-a933-4dcb-8287-8e84c15b2144', 'ស្ក', NULL, '70%', 0);
INSERT INTO "OrderCustomization" ("id", "order_item_id", "name", "option_type", "value", "price") VALUES ('70a3bd06-0f14-4a18-a4b0-19cb506986be', '882e8a09-d562-4390-91fd-1b185d96e7e4', 'កម្ដៅ', NULL, 'ត្រជាក់', 0);
INSERT INTO "OrderCustomization" ("id", "order_item_id", "name", "option_type", "value", "price") VALUES ('3f699bdf-dba7-49f0-842b-b44485aa4597', '882e8a09-d562-4390-91fd-1b185d96e7e4', 'ស្ក', NULL, '50%', 0);
INSERT INTO "OrderCustomization" ("id", "order_item_id", "name", "option_type", "value", "price") VALUES ('59f096b5-4099-4f63-b4a7-50394bf8dce6', 'cf3f401d-9b83-456e-a343-9c8adfb439fe', '500+ size up', NULL, 'កែវធំ', 500);
INSERT INTO "OrderCustomization" ("id", "order_item_id", "name", "option_type", "value", "price") VALUES ('c3649356-a32f-45a9-81b2-63b3d38a1e73', 'cf3f401d-9b83-456e-a343-9c8adfb439fe', 'ស្ក', NULL, '30%', 0);
INSERT INTO "OrderCustomization" ("id", "order_item_id", "name", "option_type", "value", "price") VALUES ('0c2446d2-7973-4116-8411-b46425dc6193', 'bea31b45-4cf3-480f-a347-fad303809e75', '500+ size up', NULL, 'កែវធំ', 500);
INSERT INTO "OrderCustomization" ("id", "order_item_id", "name", "option_type", "value", "price") VALUES ('78a18286-b65e-45c7-bf3a-f286aaeb66c3', 'bea31b45-4cf3-480f-a347-fad303809e75', 'ស្ក', NULL, '100%', 0);
INSERT INTO "OrderCustomization" ("id", "order_item_id", "name", "option_type", "value", "price") VALUES ('16c130ed-c86f-48bc-826f-d41145d91d07', 'ccd225d9-bc65-4ef1-be3d-1a5a2de4c1d6', '500+ size up', NULL, 'កែវតូច', 0);
INSERT INTO "OrderCustomization" ("id", "order_item_id", "name", "option_type", "value", "price") VALUES ('fec734e9-1276-407c-9069-e394556d38bd', 'ccd225d9-bc65-4ef1-be3d-1a5a2de4c1d6', 'ស្ក', NULL, '20%', 0);
INSERT INTO "OrderCustomization" ("id", "order_item_id", "name", "option_type", "value", "price") VALUES ('d787e7ea-067e-4b8a-ad1d-d0802769204d', 'f49117aa-19dd-43ae-94cf-a93a0f7d2b8c', '500+ size up', NULL, 'កែវធំ', 500);
INSERT INTO "OrderCustomization" ("id", "order_item_id", "name", "option_type", "value", "price") VALUES ('cce91dd8-d7cf-47a0-a3c4-403f7b597dd1', 'f49117aa-19dd-43ae-94cf-a93a0f7d2b8c', 'ស្ក', NULL, '70%', 0);
INSERT INTO "OrderCustomization" ("id", "order_item_id", "name", "option_type", "value", "price") VALUES ('1a169002-db65-4a3a-b99d-3b00e588cc02', '1e5d3252-b7af-4ce6-8f50-ad5bbb722427', '500+ size up', NULL, 'កែវធំ', 500);
INSERT INTO "OrderCustomization" ("id", "order_item_id", "name", "option_type", "value", "price") VALUES ('b564c2d1-bf1d-40ae-9879-641cf46585d1', '1e5d3252-b7af-4ce6-8f50-ad5bbb722427', 'ស្ក', NULL, '70%', 0);
INSERT INTO "OrderCustomization" ("id", "order_item_id", "name", "option_type", "value", "price") VALUES ('b8c776e7-566c-4b96-ba91-ae6b5642234f', '7f0e5e69-916b-4f3e-94c4-45e1cd5dd07c', '500+ size up', NULL, 'កែវតូច', 0);
INSERT INTO "OrderCustomization" ("id", "order_item_id", "name", "option_type", "value", "price") VALUES ('694baa26-09a2-403b-a513-3d720d6ba851', '7f0e5e69-916b-4f3e-94c4-45e1cd5dd07c', 'ស្ក', NULL, '70%', 0);
INSERT INTO "OrderCustomization" ("id", "order_item_id", "name", "option_type", "value", "price") VALUES ('762b8c91-8690-44fa-9d7d-e1e35999980a', 'f8288829-70f4-4622-8f44-3fa1d84f0ee1', '1000+ size up', NULL, 'កែវតូច', 0);
INSERT INTO "OrderCustomization" ("id", "order_item_id", "name", "option_type", "value", "price") VALUES ('e020db9a-4469-40bb-a622-0152088999cc', 'f8288829-70f4-4622-8f44-3fa1d84f0ee1', 'ស្ក', NULL, '100%', 0);
INSERT INTO "OrderCustomization" ("id", "order_item_id", "name", "option_type", "value", "price") VALUES ('37802d09-28c9-4787-b12f-47a66788ccfd', '71e8823e-1c2f-4ec6-9828-a55a3921dc3a', '500+ size up', NULL, 'កែវតូច', 0);
INSERT INTO "OrderCustomization" ("id", "order_item_id", "name", "option_type", "value", "price") VALUES ('a4a5043a-db3c-4c88-9c41-9fbb2875d102', '71e8823e-1c2f-4ec6-9828-a55a3921dc3a', 'ស្ក', NULL, '70%', 0);
INSERT INTO "OrderCustomization" ("id", "order_item_id", "name", "option_type", "value", "price") VALUES ('87ff643b-123e-4f2b-8a39-7fba938ec589', '729a6e55-1184-4014-9d06-9609f97792d8', '1000+ size up', NULL, 'កែវធំ', 1000);
INSERT INTO "OrderCustomization" ("id", "order_item_id", "name", "option_type", "value", "price") VALUES ('0d490b8a-7159-4e5b-8b80-538253ae5b5c', '729a6e55-1184-4014-9d06-9609f97792d8', 'ស្ក', NULL, '50%', 0);
INSERT INTO "OrderCustomization" ("id", "order_item_id", "name", "option_type", "value", "price") VALUES ('1e55e3fb-b075-47b2-9517-a5d35e69d519', '2195518f-061b-4ea6-8801-edd1617d4eb3', '500+ size up', NULL, 'កែវតូច', 0);
INSERT INTO "OrderCustomization" ("id", "order_item_id", "name", "option_type", "value", "price") VALUES ('2fd86982-54aa-45dd-ad4f-6477cdef97bb', '2195518f-061b-4ea6-8801-edd1617d4eb3', 'ស្ក', NULL, '40%', 0);
INSERT INTO "OrderCustomization" ("id", "order_item_id", "name", "option_type", "value", "price") VALUES ('88e9fcf8-8511-4977-a9e6-11f0a51ec57b', '0db6a916-b2c2-42b2-9ffc-c959d5c9b329', 'កម្ដៅ', NULL, 'ត្រជាក់', 0);
INSERT INTO "OrderCustomization" ("id", "order_item_id", "name", "option_type", "value", "price") VALUES ('e31740c7-69a2-4b48-81d6-b3c2132aea5a', '0db6a916-b2c2-42b2-9ffc-c959d5c9b329', 'ស្ក', NULL, '50%', 0);
INSERT INTO "OrderCustomization" ("id", "order_item_id", "name", "option_type", "value", "price") VALUES ('fdae227f-8aac-4b77-96f4-39d7da20c98b', 'b4945827-2388-4c50-868b-baa65708e702', '1000+ size up', NULL, 'កែវតូច', 0);
INSERT INTO "OrderCustomization" ("id", "order_item_id", "name", "option_type", "value", "price") VALUES ('6ea31988-e5b4-4f07-8e4e-583ea6a968ce', 'b4945827-2388-4c50-868b-baa65708e702', 'ស្ក', NULL, '50%', 0);
INSERT INTO "OrderCustomization" ("id", "order_item_id", "name", "option_type", "value", "price") VALUES ('a2848391-6138-4534-942c-83c64b3101ca', '6d0de74e-472d-4624-9d7a-958f43c3c733', 'កម្ដៅ', NULL, 'ត្រជាក់', 0);
INSERT INTO "OrderCustomization" ("id", "order_item_id", "name", "option_type", "value", "price") VALUES ('e4faf2df-91cf-4cdf-b6b6-508780539b5c', '6d0de74e-472d-4624-9d7a-958f43c3c733', 'ស្ក', NULL, '50%', 0);
INSERT INTO "OrderCustomization" ("id", "order_item_id", "name", "option_type", "value", "price") VALUES ('db35734b-cd37-4dfd-b632-8e24f843a933', 'ca0d83a9-327d-4560-8bdd-f8bc04d0789c', '1000+ size up', NULL, 'កែវធំ', 1000);
INSERT INTO "OrderCustomization" ("id", "order_item_id", "name", "option_type", "value", "price") VALUES ('b903650e-92e0-4797-bdae-5683e1760bfd', 'ca0d83a9-327d-4560-8bdd-f8bc04d0789c', 'ស្ក', NULL, '100%', 0);
INSERT INTO "OrderCustomization" ("id", "order_item_id", "name", "option_type", "value", "price") VALUES ('9c1760b5-9f2c-4977-b64f-54769a72c045', '2b8feec4-e38f-4f92-8724-934b0a631aa6', '1000+ size up', NULL, 'កែវតូច', 0);
INSERT INTO "OrderCustomization" ("id", "order_item_id", "name", "option_type", "value", "price") VALUES ('c8f912af-1df3-4e0e-b9e6-251dfbc861e0', '2b8feec4-e38f-4f92-8724-934b0a631aa6', 'ស្ក', NULL, '50%', 0);
INSERT INTO "OrderCustomization" ("id", "order_item_id", "name", "option_type", "value", "price") VALUES ('e7eac4f7-50b9-45bd-b682-070808c77887', '56a9c536-f946-4d8f-bb16-5a8a1c6f6bb2', '500+ size up', NULL, 'កែវតូច', 0);
INSERT INTO "OrderCustomization" ("id", "order_item_id", "name", "option_type", "value", "price") VALUES ('e4ee9abf-5a6c-4f26-99ba-f492def9071d', '56a9c536-f946-4d8f-bb16-5a8a1c6f6bb2', 'ស្ក', NULL, '50%', 0);
INSERT INTO "OrderCustomization" ("id", "order_item_id", "name", "option_type", "value", "price") VALUES ('d2182d2e-a3d8-4e8e-992b-0af42f0d0b0e', 'eb3f135b-0717-427a-99c1-4f6b0c0177e8', '1500+ size up', NULL, 'កែវតូច', 0);
INSERT INTO "OrderCustomization" ("id", "order_item_id", "name", "option_type", "value", "price") VALUES ('850033cd-b001-4666-b559-263e80ff9ed0', 'eb3f135b-0717-427a-99c1-4f6b0c0177e8', 'ស្ក', NULL, '70%', 0);
INSERT INTO "OrderCustomization" ("id", "order_item_id", "name", "option_type", "value", "price") VALUES ('c4cd4da2-2562-4a0b-900b-b9e0ee34c05e', '36adbf5d-2282-4c87-8f3c-ee7af5e9c241', '1000+ size up', NULL, 'កែវធំ', 1000);
INSERT INTO "OrderCustomization" ("id", "order_item_id", "name", "option_type", "value", "price") VALUES ('394401f4-43fa-40d5-bcc8-d3ff50232698', '36adbf5d-2282-4c87-8f3c-ee7af5e9c241', 'ស្ក', NULL, '30%', 0);
INSERT INTO "OrderCustomization" ("id", "order_item_id", "name", "option_type", "value", "price") VALUES ('1a54a849-99ee-428d-b22e-f8476b1b998f', '3855788c-59b6-4a6d-9ef2-72eec525de50', '1000+ size up', NULL, 'កែវតូច', 0);
INSERT INTO "OrderCustomization" ("id", "order_item_id", "name", "option_type", "value", "price") VALUES ('acdbe093-3bf1-41cc-9848-8ecfce85805d', '3855788c-59b6-4a6d-9ef2-72eec525de50', 'ស្ក', NULL, '20%', 0);
INSERT INTO "OrderCustomization" ("id", "order_item_id", "name", "option_type", "value", "price") VALUES ('4f131a33-a7bf-4bf3-9715-403d0a549e7e', 'e05f735a-f054-485a-a65e-f05be8cbce84', 'កម្ដៅ', NULL, 'ត្រជាក់', 0);
INSERT INTO "OrderCustomization" ("id", "order_item_id", "name", "option_type", "value", "price") VALUES ('0c58de91-0699-444d-b928-c5b4d29b5e3e', 'e05f735a-f054-485a-a65e-f05be8cbce84', 'ស្ក', NULL, '50%', 0);
INSERT INTO "OrderCustomization" ("id", "order_item_id", "name", "option_type", "value", "price") VALUES ('2165b05a-efec-41b2-9760-473ed9c8680d', 'b1bce3e7-52c1-440b-835d-7c72a0d47b6a', '1000+ size up', NULL, 'កែវធំ', 1000);
INSERT INTO "OrderCustomization" ("id", "order_item_id", "name", "option_type", "value", "price") VALUES ('debd073d-852b-431a-8999-81a607a86d32', 'b1bce3e7-52c1-440b-835d-7c72a0d47b6a', 'ស្ក', NULL, '50%', 0);
INSERT INTO "OrderCustomization" ("id", "order_item_id", "name", "option_type", "value", "price") VALUES ('67875f76-a755-4d99-a11b-585c28312721', 'd2eb39c0-429b-40d9-afa8-8447a11ab06c', '1000+ size up', NULL, 'កែវធំ', 1000);
INSERT INTO "OrderCustomization" ("id", "order_item_id", "name", "option_type", "value", "price") VALUES ('d379b08a-0e94-49e1-a1a3-c5646718c6c5', 'd2eb39c0-429b-40d9-afa8-8447a11ab06c', 'ស្ក', NULL, '50%', 0);
INSERT INTO "OrderCustomization" ("id", "order_item_id", "name", "option_type", "value", "price") VALUES ('1ae470cd-885d-4930-a65e-8a7108ddaf17', '9de0978a-aa44-4f89-94c8-a78026c6722e', 'កម្ដៅ', NULL, 'ត្រជាក់', 0);
INSERT INTO "OrderCustomization" ("id", "order_item_id", "name", "option_type", "value", "price") VALUES ('06587003-c311-4fa3-b46b-552f51dcdb56', '9de0978a-aa44-4f89-94c8-a78026c6722e', 'ស្ក', NULL, '50%', 0);
INSERT INTO "OrderCustomization" ("id", "order_item_id", "name", "option_type", "value", "price") VALUES ('d97e0d13-b01a-493f-b995-f19d21b2e532', 'd41520c3-28b4-4015-be65-b90be45aea30', 'ស្ក', NULL, '100%', 0);
INSERT INTO "OrderCustomization" ("id", "order_item_id", "name", "option_type", "value", "price") VALUES ('dfc1ba03-166e-4d6c-8c0c-88241f6547ea', '759fb4a0-b8f0-4192-a326-4f82146d0a07', '500+ size up', NULL, 'កែវធំ', 500);
INSERT INTO "OrderCustomization" ("id", "order_item_id", "name", "option_type", "value", "price") VALUES ('ee0b07d9-d31a-4b51-9aeb-f02f26105930', '759fb4a0-b8f0-4192-a326-4f82146d0a07', 'ស្ក', NULL, '50%', 0);
INSERT INTO "OrderCustomization" ("id", "order_item_id", "name", "option_type", "value", "price") VALUES ('acd4dc2b-9218-4206-ae25-c6c5ad26dfc2', '5c855da3-025a-445a-b28b-24adc399c03c', '1000+ size up', NULL, 'កែវតូច', 0);
INSERT INTO "OrderCustomization" ("id", "order_item_id", "name", "option_type", "value", "price") VALUES ('1367e24c-f35f-4ac0-8f32-6bb8556ac7c7', '5c855da3-025a-445a-b28b-24adc399c03c', 'ស្ក', NULL, '30%', 0);
INSERT INTO "OrderCustomization" ("id", "order_item_id", "name", "option_type", "value", "price") VALUES ('d0d1299c-3b70-4553-9f99-62e601d13620', 'fcef4bc2-d88d-4d69-bea1-22ed643f1360', '1000+ size up', NULL, 'កែវធំ', 1000);
INSERT INTO "OrderCustomization" ("id", "order_item_id", "name", "option_type", "value", "price") VALUES ('eac6ef07-bba5-4fa5-80f1-fe4ff6f65e6c', 'fcef4bc2-d88d-4d69-bea1-22ed643f1360', 'ស្ក', NULL, '50%', 0);
INSERT INTO "OrderCustomization" ("id", "order_item_id", "name", "option_type", "value", "price") VALUES ('d061ea20-fee2-46c5-9e63-e928523404a2', 'abff0713-85b8-4565-a2c8-cdf43ec6091c', '1000+ size up', NULL, 'កែវធំ', 1000);
INSERT INTO "OrderCustomization" ("id", "order_item_id", "name", "option_type", "value", "price") VALUES ('1663360f-e9b2-4330-8cbd-829d889223f2', 'abff0713-85b8-4565-a2c8-cdf43ec6091c', 'ស្ក', NULL, '100%', 0);
INSERT INTO "OrderCustomization" ("id", "order_item_id", "name", "option_type", "value", "price") VALUES ('43f47329-1c60-4ea5-869b-47a4f8d1c0df', 'bb400475-61b6-4c3f-b1ba-232a1104d9e4', 'កម្ដៅ', NULL, 'ក្ដៅ', 0);
INSERT INTO "OrderCustomization" ("id", "order_item_id", "name", "option_type", "value", "price") VALUES ('40c394a9-e23a-4732-a3bb-7112c4b94817', 'bb400475-61b6-4c3f-b1ba-232a1104d9e4', 'ស្ក', NULL, '50%', 0);
INSERT INTO "OrderCustomization" ("id", "order_item_id", "name", "option_type", "value", "price") VALUES ('2bbc8e3f-873d-476c-9778-5e31def2a7a4', '9be1ad43-87c1-4ff2-9b21-9cf551b29eb4', '1000+ size up', NULL, 'កែវតូច', 0);
INSERT INTO "OrderCustomization" ("id", "order_item_id", "name", "option_type", "value", "price") VALUES ('e0e4e9e5-e75d-4307-afa6-a02b36723e5d', '9be1ad43-87c1-4ff2-9b21-9cf551b29eb4', 'ស្ក', NULL, '70%', 0);
INSERT INTO "OrderCustomization" ("id", "order_item_id", "name", "option_type", "value", "price") VALUES ('9df966e2-617c-4a7c-b5b3-187112503847', '55a58048-efd8-45b7-90fa-640751d6d3ea', '500+ size up', NULL, 'កែវធំ', 500);
INSERT INTO "OrderCustomization" ("id", "order_item_id", "name", "option_type", "value", "price") VALUES ('1cbab39a-f24b-49f8-acb9-86d4e938aaff', '55a58048-efd8-45b7-90fa-640751d6d3ea', 'ស្ក', NULL, '50%', 0);
INSERT INTO "OrderCustomization" ("id", "order_item_id", "name", "option_type", "value", "price") VALUES ('e71485d5-8fd0-433e-ba94-41101aaa44bb', '89817c77-daa5-4853-a16b-4b799404e9f7', '500+ size up', NULL, 'កែវតូច', 0);
INSERT INTO "OrderCustomization" ("id", "order_item_id", "name", "option_type", "value", "price") VALUES ('379a63e1-ff5d-4360-9c1c-ead5532e6bbc', '89817c77-daa5-4853-a16b-4b799404e9f7', 'ស្ក', NULL, '20%', 0);
INSERT INTO "OrderCustomization" ("id", "order_item_id", "name", "option_type", "value", "price") VALUES ('60a20834-a357-4844-bc04-db7da249d4c3', '979589d5-dd56-4d6e-bb82-7e6922d63d69', '500+ size up', NULL, 'កែវតូច', 0);
INSERT INTO "OrderCustomization" ("id", "order_item_id", "name", "option_type", "value", "price") VALUES ('b0a1b582-c53e-4483-ab64-c5c717fd0b9b', '979589d5-dd56-4d6e-bb82-7e6922d63d69', 'ស្ក', NULL, '70%', 0);
INSERT INTO "OrderCustomization" ("id", "order_item_id", "name", "option_type", "value", "price") VALUES ('a59f7168-21b9-4e4d-8092-fa787e5812ad', '8ee0c9c9-d67a-42d6-8216-6df249916731', '1000+ size up', NULL, 'កែវធំ', 1000);
INSERT INTO "OrderCustomization" ("id", "order_item_id", "name", "option_type", "value", "price") VALUES ('334ca137-3520-4f90-9b72-2b55447ad864', '8ee0c9c9-d67a-42d6-8216-6df249916731', 'ស្ក', NULL, '40%', 0);
INSERT INTO "OrderCustomization" ("id", "order_item_id", "name", "option_type", "value", "price") VALUES ('34e1e38e-b2d2-4938-96f9-cdbcdd222ead', '92838a2f-c8f8-4a16-b6b7-1380aa45a50e', '1000+ size up', NULL, 'កែវតូច', 0);
INSERT INTO "OrderCustomization" ("id", "order_item_id", "name", "option_type", "value", "price") VALUES ('feb09c2a-8df7-4da7-9741-1215e8790447', '92838a2f-c8f8-4a16-b6b7-1380aa45a50e', 'ស្ក', NULL, '30%', 0);
INSERT INTO "OrderCustomization" ("id", "order_item_id", "name", "option_type", "value", "price") VALUES ('a821d03d-317b-4525-bde6-7989b41241f8', 'e64cd8b7-1b27-4f62-9e33-bba9a6071919', '1500+ size up', NULL, 'កែវធំ', 1500);
INSERT INTO "OrderCustomization" ("id", "order_item_id", "name", "option_type", "value", "price") VALUES ('88a1de9a-8805-4014-b8af-9c9cef6bfd40', 'e64cd8b7-1b27-4f62-9e33-bba9a6071919', 'ស្ក', NULL, '50%', 0);
INSERT INTO "OrderCustomization" ("id", "order_item_id", "name", "option_type", "value", "price") VALUES ('a0ecd6c9-bf50-4179-b711-39aab188f47e', '370f8c47-0a94-4807-8a0c-100ad10db874', 'កម្ដៅ', NULL, 'ត្រជាក់', 0);
INSERT INTO "OrderCustomization" ("id", "order_item_id", "name", "option_type", "value", "price") VALUES ('00a14463-e572-4f7d-89e9-9a244e087d32', '370f8c47-0a94-4807-8a0c-100ad10db874', 'ស្ក', NULL, '70%', 0);
INSERT INTO "OrderCustomization" ("id", "order_item_id", "name", "option_type", "value", "price") VALUES ('c52bc89d-6e31-4dea-9f55-efffedc40392', '428bddd3-69f8-4989-a2a1-e844d2d7cca8', 'ស្ក', NULL, '100%', 0);
INSERT INTO "OrderCustomization" ("id", "order_item_id", "name", "option_type", "value", "price") VALUES ('ce9a62a7-0af7-46d3-8f41-dd4efe244e66', '89881447-53cf-44cf-a3d6-4b5f2054c164', '1000+ size up', NULL, 'កែវធំ', 1000);
INSERT INTO "OrderCustomization" ("id", "order_item_id", "name", "option_type", "value", "price") VALUES ('0cbd904d-ea17-417a-b91a-36ae613b7671', '89881447-53cf-44cf-a3d6-4b5f2054c164', 'ស្ក', NULL, '100%', 0);
INSERT INTO "OrderCustomization" ("id", "order_item_id", "name", "option_type", "value", "price") VALUES ('80f767f4-1fd5-4893-b52a-e83dd3b3a7d6', '1a851078-efd3-4400-ae8c-937527b63bac', '1000+ size up', NULL, 'កែវធំ', 1000);
INSERT INTO "OrderCustomization" ("id", "order_item_id", "name", "option_type", "value", "price") VALUES ('3dc7fcf1-7f7d-4e50-85d7-789a8005a26e', '1a851078-efd3-4400-ae8c-937527b63bac', 'ស្ក', NULL, '100%', 0);
INSERT INTO "OrderCustomization" ("id", "order_item_id", "name", "option_type", "value", "price") VALUES ('efe62530-bb81-4288-951f-d3b6dcf03f8e', '81a96b55-eb06-48ff-9003-a7ba343c2a65', '1000+ size up', NULL, 'កែវតូច', 0);
INSERT INTO "OrderCustomization" ("id", "order_item_id", "name", "option_type", "value", "price") VALUES ('d964c30a-68ad-4533-86d5-9fbe3304c2d1', '81a96b55-eb06-48ff-9003-a7ba343c2a65', 'ស្ក', NULL, '40%', 0);
INSERT INTO "OrderCustomization" ("id", "order_item_id", "name", "option_type", "value", "price") VALUES ('11261a7e-62f0-4757-abdc-b60cebf1b711', '1adc7b96-9280-469f-8d6e-3925a1e6d48b', '500+ size up', NULL, 'កែវតូច', 0);
INSERT INTO "OrderCustomization" ("id", "order_item_id", "name", "option_type", "value", "price") VALUES ('ffc6b859-1f55-4a04-979f-3a368d54b982', '1adc7b96-9280-469f-8d6e-3925a1e6d48b', 'ស្ក', NULL, '20%', 0);
INSERT INTO "OrderCustomization" ("id", "order_item_id", "name", "option_type", "value", "price") VALUES ('8e99df6c-343d-4657-85fc-a67e9255b1e0', '8e3051da-aa7d-4adb-bdbf-43672c718758', 'ស្ក', NULL, '60%', 0);
INSERT INTO "OrderCustomization" ("id", "order_item_id", "name", "option_type", "value", "price") VALUES ('554b7048-207e-4182-b10b-8b3355370827', '9cad4e0c-094f-4dbc-822e-239de87a509a', '1500+ size up', NULL, 'កែវតូច', 0);
INSERT INTO "OrderCustomization" ("id", "order_item_id", "name", "option_type", "value", "price") VALUES ('54b08bc4-04cc-4ca5-a100-82260a0f2984', '9cad4e0c-094f-4dbc-822e-239de87a509a', 'ស្ក', NULL, '40%', 0);
INSERT INTO "OrderCustomization" ("id", "order_item_id", "name", "option_type", "value", "price") VALUES ('0391e150-fb00-45ec-8ed3-860c7199d80b', '997bce47-045c-4a2b-854d-66d3606bcf1d', '1500+ size up', NULL, 'កែវធំ', 1500);
INSERT INTO "OrderCustomization" ("id", "order_item_id", "name", "option_type", "value", "price") VALUES ('501e51d6-bca8-4611-b7c2-4df75f8e0845', '997bce47-045c-4a2b-854d-66d3606bcf1d', 'ស្ក', NULL, '30%', 0);
INSERT INTO "OrderCustomization" ("id", "order_item_id", "name", "option_type", "value", "price") VALUES ('d9b43298-1f6b-4843-b4c3-aff08ed2b417', '88d0f470-63df-45f6-82db-b032fff3a34b', 'កម្ដៅ', NULL, 'ត្រជាក់', 0);
INSERT INTO "OrderCustomization" ("id", "order_item_id", "name", "option_type", "value", "price") VALUES ('edd75306-9bed-4dc2-80b3-6462985ded4e', '88d0f470-63df-45f6-82db-b032fff3a34b', 'ស្ក', NULL, '50%', 0);
INSERT INTO "OrderCustomization" ("id", "order_item_id", "name", "option_type", "value", "price") VALUES ('95bfcecc-61a1-4256-93f9-24244775d69c', 'cc3e7061-049e-42eb-9675-91c324554bbc', 'ស្ក', NULL, '100%', 0);
INSERT INTO "OrderCustomization" ("id", "order_item_id", "name", "option_type", "value", "price") VALUES ('3926d407-b4d8-4a29-8858-7687252d1dcf', 'd88b1c96-48c8-4c38-97c7-397fb518200c', 'ស្ក', NULL, '40%', 0);
INSERT INTO "OrderCustomization" ("id", "order_item_id", "name", "option_type", "value", "price") VALUES ('b0722b4b-c069-46e1-be6c-db5d32911b02', '41f5ed82-88d4-413f-94d9-14e491c14971', '1500+ size up', NULL, 'កែវតូច', 0);
INSERT INTO "OrderCustomization" ("id", "order_item_id", "name", "option_type", "value", "price") VALUES ('0de4c847-2999-40ae-afd7-d1c82b399b0e', '41f5ed82-88d4-413f-94d9-14e491c14971', 'ស្ក', NULL, '40%', 0);
INSERT INTO "OrderCustomization" ("id", "order_item_id", "name", "option_type", "value", "price") VALUES ('3bf9be40-b1d4-4317-b70c-14830354aaa8', 'f8623e31-50cb-4210-be8e-255b8d50436e', '1500+ size up', NULL, 'កែវធំ', 1500);
INSERT INTO "OrderCustomization" ("id", "order_item_id", "name", "option_type", "value", "price") VALUES ('b0883b12-2e8d-4b01-ba46-b3dc3f9744df', 'f8623e31-50cb-4210-be8e-255b8d50436e', 'ស្ក', NULL, '40%', 0);
INSERT INTO "OrderCustomization" ("id", "order_item_id", "name", "option_type", "value", "price") VALUES ('0d93db30-c1d1-4603-b455-58e0fdbe5d10', '28e39989-fe7d-4319-a550-bbc840758a8b', '1000+ size up', NULL, 'កែវតូច', 0);
INSERT INTO "OrderCustomization" ("id", "order_item_id", "name", "option_type", "value", "price") VALUES ('b2c3c86a-c506-4677-914d-aa926ae9f569', '28e39989-fe7d-4319-a550-bbc840758a8b', 'ស្ក', NULL, '20%', 0);
INSERT INTO "OrderCustomization" ("id", "order_item_id", "name", "option_type", "value", "price") VALUES ('9a8f4127-e837-405f-9c58-3ae2538cd36e', '241c4fb3-35d0-4346-8686-650dbe360d60', '500+ size up', NULL, 'កែវធំ', 500);
INSERT INTO "OrderCustomization" ("id", "order_item_id", "name", "option_type", "value", "price") VALUES ('04c4010e-49af-48ab-8955-3d19fe519522', '241c4fb3-35d0-4346-8686-650dbe360d60', 'ស្ក', NULL, '50%', 0);
INSERT INTO "OrderCustomization" ("id", "order_item_id", "name", "option_type", "value", "price") VALUES ('f8619cc5-3101-48d0-8845-6fa7ec575439', 'a1d32ee4-cbe1-403b-b977-61b72f5659e5', '1500+ size up', NULL, 'កែវតូច', 0);
INSERT INTO "OrderCustomization" ("id", "order_item_id", "name", "option_type", "value", "price") VALUES ('c60566fb-ccbb-4686-923f-799d40996353', 'a1d32ee4-cbe1-403b-b977-61b72f5659e5', 'ស្ក', NULL, '50%', 0);
INSERT INTO "OrderCustomization" ("id", "order_item_id", "name", "option_type", "value", "price") VALUES ('b5583332-675d-4536-a76f-9cd693b14aaa', '1b992e19-e0d9-4fa1-a336-b7320e86da63', '500+ size up', NULL, 'កែវតូច', 0);
INSERT INTO "OrderCustomization" ("id", "order_item_id", "name", "option_type", "value", "price") VALUES ('e027cc4b-8823-4fae-9168-04f79f197241', '1b992e19-e0d9-4fa1-a336-b7320e86da63', 'ស្ក', NULL, '40%', 0);
INSERT INTO "OrderCustomization" ("id", "order_item_id", "name", "option_type", "value", "price") VALUES ('3dc38d96-e293-421c-9e0e-390d8ad54607', '52703a52-9889-4880-86e5-d7c4280c0743', 'កម្ដៅ', NULL, 'ត្រជាក់', 0);
INSERT INTO "OrderCustomization" ("id", "order_item_id", "name", "option_type", "value", "price") VALUES ('80884900-07e2-49b4-9dbe-97e43731142f', '52703a52-9889-4880-86e5-d7c4280c0743', 'ស្ក', NULL, '70%', 0);
INSERT INTO "OrderCustomization" ("id", "order_item_id", "name", "option_type", "value", "price") VALUES ('278b7809-7ae4-403b-8c5d-891cae38a41e', 'dcb15727-2e31-4443-becb-a32f76983c3c', '1000+ size up', NULL, 'កែវតូច', 0);
INSERT INTO "OrderCustomization" ("id", "order_item_id", "name", "option_type", "value", "price") VALUES ('42debee6-d183-420b-a00d-ad8f32984efc', 'dcb15727-2e31-4443-becb-a32f76983c3c', 'ស្ក', NULL, '100%', 0);
INSERT INTO "OrderCustomization" ("id", "order_item_id", "name", "option_type", "value", "price") VALUES ('0e408141-066c-476a-a8bf-812f92ac3337', 'd3441783-61f3-4f70-9851-408c90c35202', '1500+ size up', NULL, 'កែវតូច', 0);
INSERT INTO "OrderCustomization" ("id", "order_item_id", "name", "option_type", "value", "price") VALUES ('c97c749c-0cba-4a3f-9ef2-2d68c45a6d3d', 'd3441783-61f3-4f70-9851-408c90c35202', 'ស្ក', NULL, '100%', 0);
INSERT INTO "OrderCustomization" ("id", "order_item_id", "name", "option_type", "value", "price") VALUES ('3982e7b7-2c1d-4c4a-9164-3a2931b83e12', 'a448b83d-96f6-4e15-86fd-d1e4cd9a20f3', 'កម្ដៅ', NULL, 'ត្រជាក់', 0);
INSERT INTO "OrderCustomization" ("id", "order_item_id", "name", "option_type", "value", "price") VALUES ('2ff47efd-cf14-40b4-b248-35cc072a4485', 'a448b83d-96f6-4e15-86fd-d1e4cd9a20f3', 'ស្ក', NULL, '30%', 0);
INSERT INTO "OrderCustomization" ("id", "order_item_id", "name", "option_type", "value", "price") VALUES ('a8e73203-2662-49a2-96b5-3c0f100f8c69', '3e8d6d55-74d7-4705-9f00-1e31da010a40', '500+ size up', NULL, 'កែវធំ', 500);
INSERT INTO "OrderCustomization" ("id", "order_item_id", "name", "option_type", "value", "price") VALUES ('b9e215f0-7859-4232-ba12-0e0c17dd9d29', '3e8d6d55-74d7-4705-9f00-1e31da010a40', 'ស្ក', NULL, '50%', 0);
INSERT INTO "OrderCustomization" ("id", "order_item_id", "name", "option_type", "value", "price") VALUES ('1df4feca-2ef0-4d48-b892-f0f1d694843c', '35972f9e-eb1b-4b32-9316-b2025830f4ff', '1500+ size up', NULL, 'កែវធំ', 1500);
INSERT INTO "OrderCustomization" ("id", "order_item_id", "name", "option_type", "value", "price") VALUES ('5966b58d-defe-4543-b4d0-2ee651c4d75e', '35972f9e-eb1b-4b32-9316-b2025830f4ff', 'ស្ក', NULL, '50%', 0);
INSERT INTO "OrderCustomization" ("id", "order_item_id", "name", "option_type", "value", "price") VALUES ('2cb5beef-b4ca-44dd-8cd9-e44eca8ecd06', 'e00ed54e-aa6f-47b0-a6fd-46101f90ea15', '1500+ size up', NULL, 'កែវតូច', 0);
INSERT INTO "OrderCustomization" ("id", "order_item_id", "name", "option_type", "value", "price") VALUES ('1d59e543-715b-481a-a562-30f22fc85fe1', 'e00ed54e-aa6f-47b0-a6fd-46101f90ea15', 'ស្ក', NULL, '20%', 0);
INSERT INTO "OrderCustomization" ("id", "order_item_id", "name", "option_type", "value", "price") VALUES ('459e33fd-d1af-4d22-9205-7ddda24983ca', 'c63d6ad9-6f5e-49e3-b490-9730550216d0', '1000+ size up', NULL, 'កែវតូច', 0);
INSERT INTO "OrderCustomization" ("id", "order_item_id", "name", "option_type", "value", "price") VALUES ('0614f60c-a942-46fd-8636-409113d27871', 'c63d6ad9-6f5e-49e3-b490-9730550216d0', 'ស្ក', NULL, '100%', 0);
INSERT INTO "OrderCustomization" ("id", "order_item_id", "name", "option_type", "value", "price") VALUES ('19b02d60-1ae1-4a06-8c02-dbaf4078b506', '2ff9853b-e302-4cb5-902e-08f18183dcc4', 'ស្ក', NULL, '20%', 0);
INSERT INTO "OrderCustomization" ("id", "order_item_id", "name", "option_type", "value", "price") VALUES ('56d6a0d5-8f4b-4c36-92e9-3e5d48e3232b', '93b984a6-f090-4b21-9650-73e24cf919cd', 'ស្ក', NULL, '50%', 0);
INSERT INTO "OrderCustomization" ("id", "order_item_id", "name", "option_type", "value", "price") VALUES ('8490f4b3-7ca7-41b8-bf9b-8f8e99959669', '0fa3d73b-0341-4b99-b8d7-169b64f659f4', 'ស្ក', NULL, '100%', 0);
INSERT INTO "OrderCustomization" ("id", "order_item_id", "name", "option_type", "value", "price") VALUES ('20cecd8d-06c9-4f9c-8497-c0ee20bf2277', '47ef974b-f28e-46c6-af5e-dabcf0337388', 'ស្ក', NULL, '50%', 0);
INSERT INTO "OrderCustomization" ("id", "order_item_id", "name", "option_type", "value", "price") VALUES ('6b0739a5-30a3-4fd2-8212-ae84d5fee32e', '96ddca02-c39f-4696-9297-fa8bee1c9607', 'ស្ក', NULL, '100%', 0);
INSERT INTO "OrderCustomization" ("id", "order_item_id", "name", "option_type", "value", "price") VALUES ('1f5ec71d-4987-4035-9f3a-cd50a0a40675', 'd5584e2b-2c2c-4bac-bc26-a1cd09afdcc3', '1500+ size up', NULL, 'កែវតូច', 0);
INSERT INTO "OrderCustomization" ("id", "order_item_id", "name", "option_type", "value", "price") VALUES ('548a909c-3f6e-40cc-a0b2-3dc58135fe3e', 'd5584e2b-2c2c-4bac-bc26-a1cd09afdcc3', 'ស្ក', NULL, '50%', 0);
INSERT INTO "OrderCustomization" ("id", "order_item_id", "name", "option_type", "value", "price") VALUES ('b2d5c718-b241-4ce5-bae7-274a30066439', 'de82d087-763c-4f51-bb71-96f964f3632b', '500+ size up', NULL, 'កែវធំ', 500);
INSERT INTO "OrderCustomization" ("id", "order_item_id", "name", "option_type", "value", "price") VALUES ('71ee1680-5641-4ec1-b773-492c92df30ca', 'de82d087-763c-4f51-bb71-96f964f3632b', 'ស្ក', NULL, '100%', 0);
INSERT INTO "OrderCustomization" ("id", "order_item_id", "name", "option_type", "value", "price") VALUES ('770575a9-c50d-4763-9dcf-ca9821e5d7a7', 'e309a847-22fe-4cbf-bb35-b4fef23ec737', 'កម្ដៅ', NULL, 'ត្រជាក់', 0);
INSERT INTO "OrderCustomization" ("id", "order_item_id", "name", "option_type", "value", "price") VALUES ('950ac0e4-3753-4280-a2c5-4977fc604461', 'e309a847-22fe-4cbf-bb35-b4fef23ec737', 'ស្ក', NULL, '30%', 0);
INSERT INTO "OrderCustomization" ("id", "order_item_id", "name", "option_type", "value", "price") VALUES ('45d86d7b-9914-4338-8b5b-1ca9ceefaa14', 'b3d273ff-8862-4fe7-b768-15281cd27f5d', 'កម្ដៅ', NULL, 'ត្រជាក់', 0);
INSERT INTO "OrderCustomization" ("id", "order_item_id", "name", "option_type", "value", "price") VALUES ('53f19fad-5713-4133-ad1a-596be60bf414', 'b3d273ff-8862-4fe7-b768-15281cd27f5d', 'ស្ក', NULL, '50%', 0);
INSERT INTO "OrderCustomization" ("id", "order_item_id", "name", "option_type", "value", "price") VALUES ('48f1d43c-467a-4b65-a972-75efdb2d9128', '7e9964ed-1c48-484d-934a-48eb00c92941', 'កម្ដៅ', NULL, 'ត្រជាក់', 0);
INSERT INTO "OrderCustomization" ("id", "order_item_id", "name", "option_type", "value", "price") VALUES ('aeec91cf-8a2a-412f-8fcf-64f96dbd0142', '7e9964ed-1c48-484d-934a-48eb00c92941', 'ស្ក', NULL, '110%', 0);
INSERT INTO "OrderCustomization" ("id", "order_item_id", "name", "option_type", "value", "price") VALUES ('66d2518d-7c3d-4ac1-a3df-3f0aeceaebe7', '25ac16e8-3033-4496-9f80-ad388b9cac4c', '1000+ size up', NULL, 'កែវធំ', 1000);
INSERT INTO "OrderCustomization" ("id", "order_item_id", "name", "option_type", "value", "price") VALUES ('aa467173-f481-4eba-8000-8dfaade424f9', '25ac16e8-3033-4496-9f80-ad388b9cac4c', 'ស្ក', NULL, '100%', 0);
INSERT INTO "OrderCustomization" ("id", "order_item_id", "name", "option_type", "value", "price") VALUES ('2ab739e8-6dc1-429b-a348-ea0b862db725', '3daedfdb-a06b-47fd-bcef-39f72c78b328', '500+ size up', NULL, 'កែវតូច', 0);
INSERT INTO "OrderCustomization" ("id", "order_item_id", "name", "option_type", "value", "price") VALUES ('a66b4ecb-cf67-437a-9d5a-2022bd17d060', '3daedfdb-a06b-47fd-bcef-39f72c78b328', 'ស្ក', NULL, '40%', 0);
INSERT INTO "OrderCustomization" ("id", "order_item_id", "name", "option_type", "value", "price") VALUES ('cdf202c0-5fb1-48d8-b790-8f70d796cbdc', 'c9d206f7-4e4f-415c-bc3b-c8adc29bebfa', 'កម្ដៅ', NULL, 'ត្រជាក់', 0);
INSERT INTO "OrderCustomization" ("id", "order_item_id", "name", "option_type", "value", "price") VALUES ('35c39bba-0b4e-4e30-9ef7-ec5dbd341613', 'c9d206f7-4e4f-415c-bc3b-c8adc29bebfa', 'ស្ក', NULL, '50%', 0);
INSERT INTO "OrderCustomization" ("id", "order_item_id", "name", "option_type", "value", "price") VALUES ('c4e8d673-ef6f-4d09-beaf-c15420c5995c', '914f3006-d239-4f0f-a732-00eadb71ffb2', 'ស្ក', NULL, '100%', 0);
INSERT INTO "OrderCustomization" ("id", "order_item_id", "name", "option_type", "value", "price") VALUES ('e3e66c7f-a4d2-4c39-a11c-c96a6ab0e47e', '914f3006-d239-4f0f-a732-00eadb71ffb2', 'កម្ដៅ', NULL, 'ត្រជាក់', 0);
INSERT INTO "OrderCustomization" ("id", "order_item_id", "name", "option_type", "value", "price") VALUES ('e1b4c556-ea3b-4b25-9be6-548b7ebaddaf', 'd4904b4c-361b-49cc-8d22-fc51c4817e35', 'កម្ដៅ', NULL, 'ត្រជាក់', 0);
INSERT INTO "OrderCustomization" ("id", "order_item_id", "name", "option_type", "value", "price") VALUES ('4f001c2c-8a57-4665-a627-fa476c503683', 'd4904b4c-361b-49cc-8d22-fc51c4817e35', 'ស្ក', NULL, '80%', 0);
INSERT INTO "OrderCustomization" ("id", "order_item_id", "name", "option_type", "value", "price") VALUES ('9c64dd26-1745-4c20-8a4f-686e63ae14da', '9b389760-72a5-497f-9ea9-413b4775f436', 'កម្ដៅ', NULL, 'ត្រជាក់', 0);
INSERT INTO "OrderCustomization" ("id", "order_item_id", "name", "option_type", "value", "price") VALUES ('15d9ac1d-dd18-4aef-82f8-5532f8c9a9af', '9b389760-72a5-497f-9ea9-413b4775f436', 'ស្ក', NULL, '30%', 0);
INSERT INTO "OrderCustomization" ("id", "order_item_id", "name", "option_type", "value", "price") VALUES ('a5991395-13c6-4b90-8a07-ed18f72a0616', 'c4f2a370-0fc4-4e3a-8efa-a6aae185334d', '1500+ size up', NULL, 'កែវតូច', 0);
INSERT INTO "OrderCustomization" ("id", "order_item_id", "name", "option_type", "value", "price") VALUES ('7fe9892a-ae41-494d-af18-e382fade97d3', 'c4f2a370-0fc4-4e3a-8efa-a6aae185334d', 'ស្ក', NULL, '0%', 0);
INSERT INTO "OrderCustomization" ("id", "order_item_id", "name", "option_type", "value", "price") VALUES ('a1f96ba6-fea3-407b-a9d8-fe09b58440a0', '0aaeda74-24d1-4f2b-b6d9-b9eb2ae168d0', 'កម្ដៅ', NULL, 'ត្រជាក់', 0);
INSERT INTO "OrderCustomization" ("id", "order_item_id", "name", "option_type", "value", "price") VALUES ('473acc55-06e6-4133-a4cd-197f3a783934', '0aaeda74-24d1-4f2b-b6d9-b9eb2ae168d0', 'ស្ក', NULL, '80%', 0);
INSERT INTO "OrderCustomization" ("id", "order_item_id", "name", "option_type", "value", "price") VALUES ('4815a655-052f-4066-9e60-0d7757b39eb9', '88014eaf-32d2-4fa6-97a9-786ad03175bb', 'កម្ដៅ', NULL, 'ត្រជាក់', 0);
INSERT INTO "OrderCustomization" ("id", "order_item_id", "name", "option_type", "value", "price") VALUES ('1bc1b7fe-99e0-4b9a-bb61-c34a7eaf0fa9', '88014eaf-32d2-4fa6-97a9-786ad03175bb', 'ស្ក', NULL, '50%', 0);
INSERT INTO "OrderCustomization" ("id", "order_item_id", "name", "option_type", "value", "price") VALUES ('8eb752e5-e9ac-4b09-991d-4912f7cf0635', '52e958cb-763f-472a-87f1-5d055a4aac09', 'កម្ដៅ', NULL, 'ត្រជាក់', 0);
INSERT INTO "OrderCustomization" ("id", "order_item_id", "name", "option_type", "value", "price") VALUES ('a50bd8a4-87b0-4fd2-aa01-bff74fd94f59', '52e958cb-763f-472a-87f1-5d055a4aac09', 'ស្ក', NULL, '50%', 0);
INSERT INTO "OrderCustomization" ("id", "order_item_id", "name", "option_type", "value", "price") VALUES ('8a7e2f58-1e4d-40d2-9f90-8a1d4c2393c2', '324ca43a-bef0-4a60-a2b7-fdedec9b7570', '500+ size up', NULL, 'កែវធំ', 500);
INSERT INTO "OrderCustomization" ("id", "order_item_id", "name", "option_type", "value", "price") VALUES ('e331b262-443d-452f-a82d-87b5b61678d3', '324ca43a-bef0-4a60-a2b7-fdedec9b7570', 'ស្ក', NULL, '30%', 0);
INSERT INTO "OrderCustomization" ("id", "order_item_id", "name", "option_type", "value", "price") VALUES ('bd987622-3e0f-44ba-af5b-0c19567853b9', '06d3cbdf-2489-4853-a8c3-a040cdf6a4e3', '500+ size up', NULL, 'កែវធំ', 500);
INSERT INTO "OrderCustomization" ("id", "order_item_id", "name", "option_type", "value", "price") VALUES ('0b526671-1170-496f-a834-314bd1794e37', '06d3cbdf-2489-4853-a8c3-a040cdf6a4e3', 'ស្ក', NULL, '0%', 0);
INSERT INTO "OrderCustomization" ("id", "order_item_id", "name", "option_type", "value", "price") VALUES ('7a9ec6a6-64a6-430f-a78d-6e7771d68250', '9bbb7d98-9441-405e-ae63-ac2644971a4a', '1000+ size up', NULL, 'កែវធំ', 1000);
INSERT INTO "OrderCustomization" ("id", "order_item_id", "name", "option_type", "value", "price") VALUES ('a5cdb9b5-bae0-4c0f-a4ff-40d287500c19', '9bbb7d98-9441-405e-ae63-ac2644971a4a', 'ស្ក', NULL, '50%', 0);
INSERT INTO "OrderCustomization" ("id", "order_item_id", "name", "option_type", "value", "price") VALUES ('119f7b89-4618-4f8c-8575-91d36d5190e5', '6da6bfde-16e3-454d-bc2d-b0eabba5f883', '500+ size up', NULL, 'កែវតូច', 0);
INSERT INTO "OrderCustomization" ("id", "order_item_id", "name", "option_type", "value", "price") VALUES ('caf4e63c-38c8-419e-8a05-3596d21390bd', '6da6bfde-16e3-454d-bc2d-b0eabba5f883', 'ស្ក', NULL, '50%', 0);
INSERT INTO "OrderCustomization" ("id", "order_item_id", "name", "option_type", "value", "price") VALUES ('18b79212-a770-4d74-a4b5-2240cf6f08c1', 'd31d7ae6-63ab-4d70-afd1-5e438c274e3c', '500+ size up', NULL, 'កែវតូច', 0);
INSERT INTO "OrderCustomization" ("id", "order_item_id", "name", "option_type", "value", "price") VALUES ('0443304a-f13a-4bd2-952f-39bdc7d5a163', 'd31d7ae6-63ab-4d70-afd1-5e438c274e3c', 'ស្ក', NULL, '100%', 0);
INSERT INTO "OrderCustomization" ("id", "order_item_id", "name", "option_type", "value", "price") VALUES ('0e70dc97-9c7a-4494-9f67-947ecd4b24db', '6adfd128-c101-465a-a698-945003fd3561', 'កម្ដៅ', NULL, 'ត្រជាក់', 0);
INSERT INTO "OrderCustomization" ("id", "order_item_id", "name", "option_type", "value", "price") VALUES ('fa58529e-4e0f-43d9-97da-5cf235c28c48', '6adfd128-c101-465a-a698-945003fd3561', 'ស្ក', NULL, '50%', 0);
INSERT INTO "OrderCustomization" ("id", "order_item_id", "name", "option_type", "value", "price") VALUES ('270b0893-b7dc-45f3-bf8c-48d982fbef57', 'db5587ea-2515-440a-9cea-838e8c9093a1', 'ស្ក', NULL, '0%', 0);
INSERT INTO "OrderCustomization" ("id", "order_item_id", "name", "option_type", "value", "price") VALUES ('95315f7a-1b2a-412d-a5df-d44efebaec49', 'db5587ea-2515-440a-9cea-838e8c9093a1', 'កម្ដៅ', NULL, 'ត្រជាក់', 0);
INSERT INTO "OrderCustomization" ("id", "order_item_id", "name", "option_type", "value", "price") VALUES ('fa4a0494-e957-49a5-b924-6580ac009040', 'e603ab7d-da87-44fe-b603-e296e5cd852b', 'កម្ដៅ', NULL, 'ត្រជាក់', 0);
INSERT INTO "OrderCustomization" ("id", "order_item_id", "name", "option_type", "value", "price") VALUES ('b02034b1-2583-491b-9bc8-40cb6d57ae99', 'e603ab7d-da87-44fe-b603-e296e5cd852b', 'ស្ក', NULL, '50%', 0);
INSERT INTO "OrderCustomization" ("id", "order_item_id", "name", "option_type", "value", "price") VALUES ('63816057-1896-4237-a944-bd1f13eca933', '4ad076f9-57e8-4f4a-9a9a-30b7adbf8ac9', 'កម្ដៅ', NULL, 'ត្រជាក់', 0);
INSERT INTO "OrderCustomization" ("id", "order_item_id", "name", "option_type", "value", "price") VALUES ('6f7deb82-0c73-4445-8c89-48b1982f04c8', '4ad076f9-57e8-4f4a-9a9a-30b7adbf8ac9', 'ស្ក', NULL, '50%', 0);
INSERT INTO "OrderCustomization" ("id", "order_item_id", "name", "option_type", "value", "price") VALUES ('fd71e1ce-9aa4-4c32-ae58-9846c9b44657', '361bece0-028f-4fee-bccc-f123abfca1f6', 'កម្ដៅ', NULL, 'ក្ដៅ', 0);
INSERT INTO "OrderCustomization" ("id", "order_item_id", "name", "option_type", "value", "price") VALUES ('a1734c59-68e6-4358-9091-f6bdd8e2c592', '361bece0-028f-4fee-bccc-f123abfca1f6', 'ស្ក', NULL, '0%', 0);
INSERT INTO "OrderCustomization" ("id", "order_item_id", "name", "option_type", "value", "price") VALUES ('cc842109-71d9-4963-aeb9-dee21f6367d2', '361bece0-028f-4fee-bccc-f123abfca1f6', 'Topping', NULL, 'កាហ្វេម៉ាសុីន', 2000);
INSERT INTO "OrderCustomization" ("id", "order_item_id", "name", "option_type", "value", "price") VALUES ('82062dc9-0fcd-42e2-9720-d31964ba5b25', 'c3182e86-5a22-4635-97d5-834db3989d56', '500+ size up', NULL, 'កែវតូច', 0);
INSERT INTO "OrderCustomization" ("id", "order_item_id", "name", "option_type", "value", "price") VALUES ('27ea4c23-fe47-468c-9392-c0f826cd4388', 'c3182e86-5a22-4635-97d5-834db3989d56', 'ស្ក', NULL, '50%', 0);
INSERT INTO "OrderCustomization" ("id", "order_item_id", "name", "option_type", "value", "price") VALUES ('c19d0adb-a798-4166-a007-deb135c3f8eb', 'efd4213a-e4da-4dab-aa0b-9a56342845b3', 'កម្ដៅ', NULL, 'ត្រជាក់', 0);
INSERT INTO "OrderCustomization" ("id", "order_item_id", "name", "option_type", "value", "price") VALUES ('e66d4e0f-9be3-4088-aca0-88b311d476ae', 'efd4213a-e4da-4dab-aa0b-9a56342845b3', 'ស្ក', NULL, '50%', 0);
INSERT INTO "OrderCustomization" ("id", "order_item_id", "name", "option_type", "value", "price") VALUES ('d0fc3659-a918-4ccc-8ae4-dcd15d4fe5e6', '6f742f07-5e42-4b97-aabf-60424d506f7a', '1000+ size up', NULL, 'កែវតូច', 0);
INSERT INTO "OrderCustomization" ("id", "order_item_id", "name", "option_type", "value", "price") VALUES ('3df3bcc4-0170-4180-b8f7-fee179173953', '6f742f07-5e42-4b97-aabf-60424d506f7a', 'ស្ក', NULL, '100%', 0);
INSERT INTO "OrderCustomization" ("id", "order_item_id", "name", "option_type", "value", "price") VALUES ('dc9ff4c0-7131-4764-b8fb-caafcf30a701', 'cf4ace05-a490-43e6-b4e6-bf2eb2fa19cd', '1000+ size up', NULL, 'កែវតូច', 0);
INSERT INTO "OrderCustomization" ("id", "order_item_id", "name", "option_type", "value", "price") VALUES ('7346244f-59af-4d85-bdae-44fb0e3083cc', 'cf4ace05-a490-43e6-b4e6-bf2eb2fa19cd', 'ស្ក', NULL, '50%', 0);
INSERT INTO "OrderCustomization" ("id", "order_item_id", "name", "option_type", "value", "price") VALUES ('ca6be892-cf21-4f40-bc00-f2898b76857d', '67ae4df1-1975-40f9-8be4-b7d08ce15e71', 'ស្ក', NULL, '100%', 0);
INSERT INTO "OrderCustomization" ("id", "order_item_id", "name", "option_type", "value", "price") VALUES ('66e61176-5d94-4edc-916d-b2354ea91546', '67ae4df1-1975-40f9-8be4-b7d08ce15e71', 'កម្ដៅ', NULL, 'ត្រជាក់', 0);
INSERT INTO "OrderCustomization" ("id", "order_item_id", "name", "option_type", "value", "price") VALUES ('876547af-f735-4a4e-8c41-37c8eb5f7fd0', 'ccf14293-2e4b-4c28-83d2-2a9502bf84ef', '1500+ size up', NULL, 'កែវតូច', 0);
INSERT INTO "OrderCustomization" ("id", "order_item_id", "name", "option_type", "value", "price") VALUES ('93771e55-d95f-4e17-80c4-39e15154e12f', 'ccf14293-2e4b-4c28-83d2-2a9502bf84ef', 'ស្ក', NULL, '50%', 0);
INSERT INTO "OrderCustomization" ("id", "order_item_id", "name", "option_type", "value", "price") VALUES ('eb229858-3922-48ab-b0ed-198888e7d88c', '23f64fb4-eb3b-4a3b-b1dd-3218511fc4c2', 'ស្ក', NULL, '120%', 0);
INSERT INTO "OrderCustomization" ("id", "order_item_id", "name", "option_type", "value", "price") VALUES ('5ee68cef-3879-4fc1-b9ef-0423442f015d', '23f64fb4-eb3b-4a3b-b1dd-3218511fc4c2', 'កម្ដៅ', NULL, 'ត្រជាក់', 0);
INSERT INTO "OrderCustomization" ("id", "order_item_id", "name", "option_type", "value", "price") VALUES ('959cba53-b880-4318-8f74-dd63ab40757d', '6bc8d951-6138-4d0b-aea5-11a453da7689', '500+ size up', NULL, 'កែវតូច', 0);
INSERT INTO "OrderCustomization" ("id", "order_item_id", "name", "option_type", "value", "price") VALUES ('e59da5e4-022a-4cc7-a0b3-5129b0e7be6d', '6bc8d951-6138-4d0b-aea5-11a453da7689', 'ស្ក', NULL, '100%', 0);
INSERT INTO "OrderCustomization" ("id", "order_item_id", "name", "option_type", "value", "price") VALUES ('355f527c-4391-433c-badd-481edabe7660', '05e60163-de63-471f-bb9a-11181820674a', 'កម្ដៅ', NULL, 'ត្រជាក់', 0);
INSERT INTO "OrderCustomization" ("id", "order_item_id", "name", "option_type", "value", "price") VALUES ('270e1037-13b5-44fb-bb46-b987035d0bdd', '05e60163-de63-471f-bb9a-11181820674a', 'ស្ក', NULL, '100%', 0);
INSERT INTO "OrderCustomization" ("id", "order_item_id", "name", "option_type", "value", "price") VALUES ('848c6e18-9977-48c5-8cbc-3f9c3a3a4191', 'db83f04a-b7b3-4737-bd9f-145b7a6a8365', '1000+ size up', NULL, 'កែវធំ', 1000);
INSERT INTO "OrderCustomization" ("id", "order_item_id", "name", "option_type", "value", "price") VALUES ('30f959e6-e8d9-462f-bd09-ea87603e1635', 'db83f04a-b7b3-4737-bd9f-145b7a6a8365', 'ស្ក', NULL, '100%', 0);
INSERT INTO "OrderCustomization" ("id", "order_item_id", "name", "option_type", "value", "price") VALUES ('7711d921-2d20-4034-82d5-c0137583f955', 'ad533206-e242-4c61-9b2f-a6a3104f2318', '1500+ size up', NULL, 'កែវតូច', 0);
INSERT INTO "OrderCustomization" ("id", "order_item_id", "name", "option_type", "value", "price") VALUES ('df300301-71cc-47a8-84ad-d911ce00b0cc', 'ad533206-e242-4c61-9b2f-a6a3104f2318', 'ស្ក', NULL, '20%', 0);
INSERT INTO "OrderCustomization" ("id", "order_item_id", "name", "option_type", "value", "price") VALUES ('b68bd64e-c10e-48e1-91bc-f43f2811095e', 'ca201a1d-4eb9-4065-b61c-855078111712', '500+ size up', NULL, 'កែវតូច', 0);
INSERT INTO "OrderCustomization" ("id", "order_item_id", "name", "option_type", "value", "price") VALUES ('85788af2-478b-4b45-848b-4adc0a28ecae', 'ca201a1d-4eb9-4065-b61c-855078111712', 'ស្ក', NULL, '110%', 0);
INSERT INTO "OrderCustomization" ("id", "order_item_id", "name", "option_type", "value", "price") VALUES ('2313a2f9-ed2c-4be5-b2e8-3ba804548653', '6935b3cc-6a89-4b94-9c19-ad63632e7f01', '1000+ size up', NULL, 'កែវតូច', 0);
INSERT INTO "OrderCustomization" ("id", "order_item_id", "name", "option_type", "value", "price") VALUES ('b0a363a5-395b-4e60-91ec-38871d63a2e6', '6935b3cc-6a89-4b94-9c19-ad63632e7f01', 'ស្ក', NULL, '50%', 0);
INSERT INTO "OrderCustomization" ("id", "order_item_id", "name", "option_type", "value", "price") VALUES ('e690efd4-5e2b-4d2a-a445-fad462854b7b', 'c2785f37-21c0-432f-8353-0213332b18f8', '1000+ size up', NULL, 'កែវតូច', 0);
INSERT INTO "OrderCustomization" ("id", "order_item_id", "name", "option_type", "value", "price") VALUES ('9f36d344-5f29-4b49-8412-794accadf4f8', '66920371-2415-4bbf-b14a-2bc44afb8efb', '1500+ size up', NULL, 'កែវតូច', 0);
INSERT INTO "OrderCustomization" ("id", "order_item_id", "name", "option_type", "value", "price") VALUES ('732f3045-7a19-4bd6-9410-8855329042ef', '66920371-2415-4bbf-b14a-2bc44afb8efb', 'ស្ក', NULL, '100%', 0);
INSERT INTO "OrderCustomization" ("id", "order_item_id", "name", "option_type", "value", "price") VALUES ('129480ac-5a5c-416b-ae43-008336a2fc39', 'd7626f0d-0f21-44cc-ade9-1d98d419f3e1', 'កម្ដៅ', NULL, 'ត្រជាក់', 0);
INSERT INTO "OrderCustomization" ("id", "order_item_id", "name", "option_type", "value", "price") VALUES ('49ca82e4-5c86-40d7-a192-b9e08139ed20', 'd7626f0d-0f21-44cc-ade9-1d98d419f3e1', 'ស្ក', NULL, '70%', 0);
INSERT INTO "OrderCustomization" ("id", "order_item_id", "name", "option_type", "value", "price") VALUES ('6618c31f-e46d-4516-833c-e514b59e9820', '56f60813-0996-4a6a-82be-ae69355aa2c8', '1000+ size up', NULL, 'កែវធំ', 1000);
INSERT INTO "OrderCustomization" ("id", "order_item_id", "name", "option_type", "value", "price") VALUES ('99944049-8c3f-4687-8124-f9928a7342e6', '56f60813-0996-4a6a-82be-ae69355aa2c8', 'ស្ក', NULL, '70%', 0);
INSERT INTO "OrderCustomization" ("id", "order_item_id", "name", "option_type", "value", "price") VALUES ('957e1701-c5a2-4ae5-b597-ff0b9cd7eddf', 'dcd1d303-d7e9-44d1-816f-bcacb026667f', 'ស្ក', NULL, '100%', 0);
INSERT INTO "OrderCustomization" ("id", "order_item_id", "name", "option_type", "value", "price") VALUES ('1ac46df1-e2a7-4453-9b22-9f0b82e00a7e', 'a1c3be37-d2cc-4bc0-8c89-16bbb23d94f4', 'ស្ក', NULL, '70%', 0);
INSERT INTO "OrderCustomization" ("id", "order_item_id", "name", "option_type", "value", "price") VALUES ('646091dd-6379-440a-9779-f335dd3e61a7', '0c5d1119-f75f-42de-9e3c-e4c272fa14aa', 'ស្ក', NULL, '70%', 0);
INSERT INTO "OrderCustomization" ("id", "order_item_id", "name", "option_type", "value", "price") VALUES ('c589ad56-7e88-421d-b060-85b884d56845', '4f618a18-ed73-4f46-9260-1ce105cfcadd', '500+ size up', NULL, 'កែវតូច', 0);
INSERT INTO "OrderCustomization" ("id", "order_item_id", "name", "option_type", "value", "price") VALUES ('ed94a59d-6c43-4f79-b893-b4d7f689db1b', '4f618a18-ed73-4f46-9260-1ce105cfcadd', 'ស្ក', NULL, '50%', 0);
INSERT INTO "OrderCustomization" ("id", "order_item_id", "name", "option_type", "value", "price") VALUES ('1d853295-5cbb-41e0-af9b-983dc74f7c18', '17969653-017f-4c55-9e9f-a38fcdaac980', '1500+ size up', NULL, 'កែវធំ', 1500);
INSERT INTO "OrderCustomization" ("id", "order_item_id", "name", "option_type", "value", "price") VALUES ('ff2b270d-f2f2-4043-a8ba-612a05b1a227', '17969653-017f-4c55-9e9f-a38fcdaac980', 'ស្ក', NULL, '30%', 0);
INSERT INTO "OrderCustomization" ("id", "order_item_id", "name", "option_type", "value", "price") VALUES ('f2abe875-5773-4a4e-a72b-5af6be27fa8b', '1706710a-7e47-41e7-876f-2c0eb8b54bcc', '1500+ size up', NULL, 'កែវធំ', 1500);
INSERT INTO "OrderCustomization" ("id", "order_item_id", "name", "option_type", "value", "price") VALUES ('51e417bf-ec9c-4a03-a900-3bd3a58b9358', '1706710a-7e47-41e7-876f-2c0eb8b54bcc', 'ស្ក', NULL, '30%', 0);
INSERT INTO "OrderCustomization" ("id", "order_item_id", "name", "option_type", "value", "price") VALUES ('b3ef978f-b470-4a9a-b9c3-ef20db04f156', '50dde742-476d-4e6b-bdff-ad31322f519b', 'ស្ក', NULL, '70%', 0);
INSERT INTO "OrderCustomization" ("id", "order_item_id", "name", "option_type", "value", "price") VALUES ('5b9224ea-92fd-4def-b118-33ec5610ea6e', '50dde742-476d-4e6b-bdff-ad31322f519b', 'កម្ដៅ', NULL, 'ត្រជាក់', 0);
INSERT INTO "OrderCustomization" ("id", "order_item_id", "name", "option_type", "value", "price") VALUES ('a8f0b948-59c2-4b09-b926-e98de6f41d2d', '7880f0d1-9ea0-4e9c-92f2-1c22b6c64617', '500+ size up', NULL, 'កែវធំ', 500);
INSERT INTO "OrderCustomization" ("id", "order_item_id", "name", "option_type", "value", "price") VALUES ('549d0a17-5662-4ff1-8703-546051381f96', '7880f0d1-9ea0-4e9c-92f2-1c22b6c64617', 'ស្ក', NULL, '50%', 0);
INSERT INTO "OrderCustomization" ("id", "order_item_id", "name", "option_type", "value", "price") VALUES ('a96a3d71-a879-44b1-8890-84d728f565b5', '0c380207-9f57-4321-b474-3ce6a87544c3', 'ស្ក', NULL, '70%', 0);
INSERT INTO "OrderCustomization" ("id", "order_item_id", "name", "option_type", "value", "price") VALUES ('e253fd92-3d23-4bd1-9296-a078a5b81a51', '0c380207-9f57-4321-b474-3ce6a87544c3', 'កម្ដៅ', NULL, 'ត្រជាក់', 0);
INSERT INTO "OrderCustomization" ("id", "order_item_id", "name", "option_type", "value", "price") VALUES ('dd1fb21e-d811-4e13-b542-03aea1f7c2d5', 'f99ab0c8-4ed6-49f7-80bc-af2f187b10c0', '1500+ size up', NULL, 'កែវតូច', 0);
INSERT INTO "OrderCustomization" ("id", "order_item_id", "name", "option_type", "value", "price") VALUES ('2044b0be-0eaf-4d4d-b244-bbc302d70c1b', 'f99ab0c8-4ed6-49f7-80bc-af2f187b10c0', 'ស្ក', NULL, '100%', 0);
INSERT INTO "OrderCustomization" ("id", "order_item_id", "name", "option_type", "value", "price") VALUES ('a5ccf90a-c079-4ad2-a947-e122b2e7b3e0', 'e65e73df-528e-4b1f-b7ff-e4adcb25493d', 'ស្ក', NULL, '70%', 0);
INSERT INTO "OrderCustomization" ("id", "order_item_id", "name", "option_type", "value", "price") VALUES ('7c531930-bcf7-46fa-898c-474c0d036466', 'e65e73df-528e-4b1f-b7ff-e4adcb25493d', 'កម្ដៅ', NULL, 'ត្រជាក់', 0);
INSERT INTO "OrderCustomization" ("id", "order_item_id", "name", "option_type", "value", "price") VALUES ('dc47a0f1-3ba8-4e8d-b41a-4816997c9a83', '69497e6d-1d2b-4b89-be57-003034583f2b', '500+ size up', NULL, 'កែវធំ', 500);
INSERT INTO "OrderCustomization" ("id", "order_item_id", "name", "option_type", "value", "price") VALUES ('d0ff169b-482b-42cf-bfd5-158108150e66', '69497e6d-1d2b-4b89-be57-003034583f2b', 'ស្ក', NULL, '50%', 0);
INSERT INTO "OrderCustomization" ("id", "order_item_id", "name", "option_type", "value", "price") VALUES ('973a1d27-88b7-4094-ab91-4647046c3099', '0660def7-dc11-4f33-9a0f-60b8415c5375', 'កម្ដៅ', NULL, 'ត្រជាក់', 0);
INSERT INTO "OrderCustomization" ("id", "order_item_id", "name", "option_type", "value", "price") VALUES ('1d3d20d6-4908-446d-824c-3d37bdde9d20', '0660def7-dc11-4f33-9a0f-60b8415c5375', 'ស្ក', NULL, '50%', 0);
INSERT INTO "OrderCustomization" ("id", "order_item_id", "name", "option_type", "value", "price") VALUES ('55fbe9db-f00d-45d7-9edf-83967957549e', '2a4d9a17-1cc5-42a9-b894-d7c0499d4ae3', '500+ size up', NULL, 'កែវតូច', 0);
INSERT INTO "OrderCustomization" ("id", "order_item_id", "name", "option_type", "value", "price") VALUES ('5efd5a2f-5d3a-486b-8525-b9198c8fe04b', '2a4d9a17-1cc5-42a9-b894-d7c0499d4ae3', 'ស្ក', NULL, '30%', 0);
INSERT INTO "OrderCustomization" ("id", "order_item_id", "name", "option_type", "value", "price") VALUES ('161eae02-4fde-4520-b32d-3bb0d32a1d53', 'dd1f9f53-6375-4da8-953a-13b73adcd3f7', '1500+ size up', NULL, 'កែវធំ', 1500);
INSERT INTO "OrderCustomization" ("id", "order_item_id", "name", "option_type", "value", "price") VALUES ('dd67d452-9382-49ce-b813-25d0e5196562', 'dd1f9f53-6375-4da8-953a-13b73adcd3f7', 'ស្ក', NULL, '30%', 0);
INSERT INTO "OrderCustomization" ("id", "order_item_id", "name", "option_type", "value", "price") VALUES ('5f2addfe-58ea-4e1c-aed6-121ad2244ea1', 'e10ad238-be64-45ad-8eac-73b2b97ca8b9', '1500+ size up', NULL, 'កែវធំ', 1500);
INSERT INTO "OrderCustomization" ("id", "order_item_id", "name", "option_type", "value", "price") VALUES ('450ced67-e802-45c3-869f-c2007e22fe2f', 'e10ad238-be64-45ad-8eac-73b2b97ca8b9', 'ស្ក', NULL, '50%', 0);
INSERT INTO "OrderCustomization" ("id", "order_item_id", "name", "option_type", "value", "price") VALUES ('df9e5c49-31d0-40a3-865f-5c0234fc7f68', '49d19bf0-dd6c-435e-bd40-2590c77daf21', '1500+ size up', NULL, 'កែវធំ', 1500);
INSERT INTO "OrderCustomization" ("id", "order_item_id", "name", "option_type", "value", "price") VALUES ('f78ead59-e924-46f7-aab2-9bb05309bef8', '49d19bf0-dd6c-435e-bd40-2590c77daf21', 'ស្ក', NULL, '20%', 0);
INSERT INTO "OrderCustomization" ("id", "order_item_id", "name", "option_type", "value", "price") VALUES ('f0d93399-69a6-41c5-aee0-907284c53a53', 'd34bcecd-2fd8-403f-b115-8331af41e984', 'ស្ក', NULL, '20%', 0);
INSERT INTO "OrderCustomization" ("id", "order_item_id", "name", "option_type", "value", "price") VALUES ('d64373e0-ffe3-455b-a303-733c5d6bfe0d', '795c5b21-b85d-4121-9761-73cdc68c9da6', '1500+ size up', NULL, 'កែវតូច', 0);
INSERT INTO "OrderCustomization" ("id", "order_item_id", "name", "option_type", "value", "price") VALUES ('872f1e15-8f5b-4c56-aab8-f0eda0b07084', '795c5b21-b85d-4121-9761-73cdc68c9da6', 'ស្ក', NULL, '50%', 0);
INSERT INTO "OrderCustomization" ("id", "order_item_id", "name", "option_type", "value", "price") VALUES ('5a457567-2f5f-4af8-ba50-0141ec4be286', '5da20154-a9a5-4702-874b-cf430177aa7c', '1500+ size up', NULL, 'កែវធំ', 1500);
INSERT INTO "OrderCustomization" ("id", "order_item_id", "name", "option_type", "value", "price") VALUES ('18d50aa6-3b21-4eac-95c3-5bc1505c3081', '5da20154-a9a5-4702-874b-cf430177aa7c', 'ស្ក', NULL, '50%', 0);
INSERT INTO "OrderCustomization" ("id", "order_item_id", "name", "option_type", "value", "price") VALUES ('57461940-19e2-440d-897f-d0ec944a2e9e', '40c01234-1cd4-49e6-a774-7e3b15a24914', '500+ size up', NULL, 'កែវធំ', 500);
INSERT INTO "OrderCustomization" ("id", "order_item_id", "name", "option_type", "value", "price") VALUES ('e9a16ff7-20b4-43fe-ae12-db3ce54147ab', '40c01234-1cd4-49e6-a774-7e3b15a24914', 'ស្ក', NULL, '30%', 0);
INSERT INTO "OrderCustomization" ("id", "order_item_id", "name", "option_type", "value", "price") VALUES ('76ce377a-4277-4c92-94b0-00f0784a457e', 'c86d1365-1b91-474b-93be-8c66b1abe94f', '500+ size up', NULL, 'កែវធំ', 500);
INSERT INTO "OrderCustomization" ("id", "order_item_id", "name", "option_type", "value", "price") VALUES ('ffde2ff2-6318-426a-9d32-53fd40f7403d', 'c86d1365-1b91-474b-93be-8c66b1abe94f', 'ស្ក', NULL, '50%', 0);
INSERT INTO "OrderCustomization" ("id", "order_item_id", "name", "option_type", "value", "price") VALUES ('4ef7d9ad-713d-484c-8e14-e84f93142cbd', 'b10eb6f2-5156-4fa3-8685-ab3dc9e5054f', '1000+ size up', NULL, 'កែវតូច', 0);
INSERT INTO "OrderCustomization" ("id", "order_item_id", "name", "option_type", "value", "price") VALUES ('b8ccadfc-f385-4fc6-b9e5-0d792ae64677', 'b10eb6f2-5156-4fa3-8685-ab3dc9e5054f', 'ស្ក', NULL, '30%', 0);
INSERT INTO "OrderCustomization" ("id", "order_item_id", "name", "option_type", "value", "price") VALUES ('688ea110-782a-491a-8fb1-80c1c60461b3', '11886113-19be-4a0b-bda8-d8986f849c3d', '500+ size up', NULL, 'កែវធំ', 500);
INSERT INTO "OrderCustomization" ("id", "order_item_id", "name", "option_type", "value", "price") VALUES ('4fee4001-d4a1-4971-a335-739c89ab117c', '11886113-19be-4a0b-bda8-d8986f849c3d', 'ស្ក', NULL, '50%', 0);
INSERT INTO "OrderCustomization" ("id", "order_item_id", "name", "option_type", "value", "price") VALUES ('a4c6b7a1-14bb-45b4-85b0-325505edb774', '6332d804-7d71-454c-8aa3-71b77027e7c5', '1500+ size up', NULL, 'កែវតូច', 0);
INSERT INTO "OrderCustomization" ("id", "order_item_id", "name", "option_type", "value", "price") VALUES ('0ca84075-2d9e-4a3b-a55a-9cd698d03186', '6332d804-7d71-454c-8aa3-71b77027e7c5', 'ស្ក', NULL, '70%', 0);
INSERT INTO "OrderCustomization" ("id", "order_item_id", "name", "option_type", "value", "price") VALUES ('5ed3c76b-eb27-44ba-ab45-a612c67585b4', '9164fd3b-5147-4bf3-a9d9-cc8a16906e26', '1500+ size up', NULL, 'កែវធំ', 1500);
INSERT INTO "OrderCustomization" ("id", "order_item_id", "name", "option_type", "value", "price") VALUES ('70a4bb2f-3b02-4256-926b-5253bd3743e0', '9164fd3b-5147-4bf3-a9d9-cc8a16906e26', 'ស្ក', NULL, '50%', 0);
INSERT INTO "OrderCustomization" ("id", "order_item_id", "name", "option_type", "value", "price") VALUES ('6099f372-240a-403f-9cff-a35e36784bcb', '76b7e350-6350-4708-93d3-55f5abf0f961', '1500+ size up', NULL, 'កែវធំ', 1500);
INSERT INTO "OrderCustomization" ("id", "order_item_id", "name", "option_type", "value", "price") VALUES ('61f38a8b-4850-4c78-ab1b-48ee21e2d826', '76b7e350-6350-4708-93d3-55f5abf0f961', 'ស្ក', NULL, '50%', 0);
INSERT INTO "OrderCustomization" ("id", "order_item_id", "name", "option_type", "value", "price") VALUES ('dea2c2cb-3610-47e3-a944-293fc40492be', '0e6638fb-69a3-4434-8caf-f0ca2720bd88', '500+ size up', NULL, 'កែវធំ', 500);
INSERT INTO "OrderCustomization" ("id", "order_item_id", "name", "option_type", "value", "price") VALUES ('3367a09a-06c0-46c5-a9c3-de48ada7fb98', '0e6638fb-69a3-4434-8caf-f0ca2720bd88', 'ស្ក', NULL, '50%', 0);
INSERT INTO "OrderCustomization" ("id", "order_item_id", "name", "option_type", "value", "price") VALUES ('392a77ec-857f-4096-869b-459eb5c47cfd', 'c6cdd192-5d64-470c-8fa4-ac211647839c', 'កម្ដៅ', NULL, 'ត្រជាក់', 0);
INSERT INTO "OrderCustomization" ("id", "order_item_id", "name", "option_type", "value", "price") VALUES ('c07fb111-9e9c-4ed6-a94a-7c7012503ecd', 'c6cdd192-5d64-470c-8fa4-ac211647839c', 'ស្ក', NULL, '50%', 0);
INSERT INTO "OrderCustomization" ("id", "order_item_id", "name", "option_type", "value", "price") VALUES ('80f4c53f-aa68-46d5-96ba-d8d06106b2fc', 'd114a3c1-be1d-4310-8dc0-aacef20ac618', '500+ size up', NULL, 'កែវតូច', 0);
INSERT INTO "OrderCustomization" ("id", "order_item_id", "name", "option_type", "value", "price") VALUES ('3223e00a-ee5d-41ec-ab1d-403bb50ecc47', 'd114a3c1-be1d-4310-8dc0-aacef20ac618', 'ស្ក', NULL, '90%', 0);
INSERT INTO "OrderCustomization" ("id", "order_item_id", "name", "option_type", "value", "price") VALUES ('50fbd4af-aac3-4d2c-be82-32c213f55cf4', '66d1a6d7-0c87-45fc-81ee-2b53e15e2a80', 'កម្ដៅ', NULL, 'ត្រជាក់', 0);
INSERT INTO "OrderCustomization" ("id", "order_item_id", "name", "option_type", "value", "price") VALUES ('b6dcd049-640a-47ac-9839-c408a71b71a1', '66d1a6d7-0c87-45fc-81ee-2b53e15e2a80', 'ស្ក', NULL, '50%', 0);
INSERT INTO "OrderCustomization" ("id", "order_item_id", "name", "option_type", "value", "price") VALUES ('61c0fc3a-9f27-4446-8039-5de4e25a19de', '9273ecc3-8497-4513-8a81-942343f89ef3', 'ស្ក', NULL, '90%', 0);
INSERT INTO "OrderCustomization" ("id", "order_item_id", "name", "option_type", "value", "price") VALUES ('9ecbb3c0-10f4-4b15-a041-d53654c52e3b', '9273ecc3-8497-4513-8a81-942343f89ef3', 'កម្ដៅ', NULL, 'ត្រជាក់', 0);
INSERT INTO "OrderCustomization" ("id", "order_item_id", "name", "option_type", "value", "price") VALUES ('2ff46009-9bb5-46f1-8fef-08b4ab8b9355', '32e1788a-d93e-43f6-93ed-c243bd3fa948', '500+ size up', NULL, 'កែវតូច', 0);
INSERT INTO "OrderCustomization" ("id", "order_item_id", "name", "option_type", "value", "price") VALUES ('5e367323-a35b-4320-a89f-e08c79f08d92', '32e1788a-d93e-43f6-93ed-c243bd3fa948', 'ស្ក', NULL, '50%', 0);
INSERT INTO "OrderCustomization" ("id", "order_item_id", "name", "option_type", "value", "price") VALUES ('25af29eb-ef04-4a67-9b9d-560e352bb74e', 'b5bf9214-6ede-42b4-add7-d4ce26ff95f6', 'កម្ដៅ', NULL, 'ត្រជាក់', 0);
INSERT INTO "OrderCustomization" ("id", "order_item_id", "name", "option_type", "value", "price") VALUES ('8307d491-a00e-4245-bfa6-cf5fd101dfc8', 'b5bf9214-6ede-42b4-add7-d4ce26ff95f6', 'ស្ក', NULL, '50%', 0);
INSERT INTO "OrderCustomization" ("id", "order_item_id", "name", "option_type", "value", "price") VALUES ('3c1038f9-e22a-4e0b-bd66-13def4d06ce6', '69445603-045c-4717-9820-ef50af56cacf', 'កម្ដៅ', NULL, 'ត្រជាក់', 0);
INSERT INTO "OrderCustomization" ("id", "order_item_id", "name", "option_type", "value", "price") VALUES ('4bede939-20a1-41f5-86a0-c7f3bdba7667', '69445603-045c-4717-9820-ef50af56cacf', 'ស្ក', NULL, '50%', 0);
INSERT INTO "OrderCustomization" ("id", "order_item_id", "name", "option_type", "value", "price") VALUES ('b7f08c63-bf99-4ead-9067-5c1806ed9463', 'c5b06679-7590-43e8-9da7-3fe5c42e1920', '1000+ size up', NULL, 'កែវតូច', 0);
INSERT INTO "OrderCustomization" ("id", "order_item_id", "name", "option_type", "value", "price") VALUES ('45bb59f0-b2c7-4a9e-b168-83789ac9d4e4', 'c5b06679-7590-43e8-9da7-3fe5c42e1920', 'ស្ក', NULL, '100%', 0);
INSERT INTO "OrderCustomization" ("id", "order_item_id", "name", "option_type", "value", "price") VALUES ('7654120e-8a27-462a-b36c-b4429b8f339c', 'be6485d4-b45b-4b0f-b7ba-d0b3d212fec0', '500+ size up', NULL, 'កែវធំ', 500);
INSERT INTO "OrderCustomization" ("id", "order_item_id", "name", "option_type", "value", "price") VALUES ('40bc6682-6134-4681-9f76-ad6516f62b2e', 'be6485d4-b45b-4b0f-b7ba-d0b3d212fec0', 'ស្ក', NULL, '100%', 0);
INSERT INTO "OrderCustomization" ("id", "order_item_id", "name", "option_type", "value", "price") VALUES ('77ff36b6-d509-4b93-bbdc-40570b483ae2', '35d7bfaf-555b-4a27-a338-4d7c81335484', 'កម្ដៅ', NULL, 'ត្រជាក់', 0);
INSERT INTO "OrderCustomization" ("id", "order_item_id", "name", "option_type", "value", "price") VALUES ('202ae406-61ad-4621-892a-6efc3a455d9c', '35d7bfaf-555b-4a27-a338-4d7c81335484', 'ស្ក', NULL, '30%', 0);
INSERT INTO "OrderCustomization" ("id", "order_item_id", "name", "option_type", "value", "price") VALUES ('1ddb75bc-5cc9-4e6c-8d03-93965b9cf000', 'a2a88e2f-a08e-482e-80f0-780b6f446d30', 'ស្ក', NULL, '50%', 0);
INSERT INTO "OrderCustomization" ("id", "order_item_id", "name", "option_type", "value", "price") VALUES ('2ba36ffc-0b2c-4382-bc94-ede90c3706d6', 'a2a88e2f-a08e-482e-80f0-780b6f446d30', 'កម្ដៅ', NULL, 'ត្រជាក់', 0);
INSERT INTO "OrderCustomization" ("id", "order_item_id", "name", "option_type", "value", "price") VALUES ('db8a87bb-b927-46f5-b871-40e590f67d26', '96a9029f-5793-4fb0-8099-aa954d7aee97', 'កម្ដៅ', NULL, 'ត្រជាក់', 0);
INSERT INTO "OrderCustomization" ("id", "order_item_id", "name", "option_type", "value", "price") VALUES ('e7851a66-e7a7-4302-9cf6-5ad89bb9ab4a', '96a9029f-5793-4fb0-8099-aa954d7aee97', 'ស្ក', NULL, '50%', 0);
INSERT INTO "OrderCustomization" ("id", "order_item_id", "name", "option_type", "value", "price") VALUES ('d921e341-194c-4207-98f1-e9ccdbe86d90', '37f13e0c-9fa5-46af-9d52-61b52f0e0c3a', '1000+ size up', NULL, 'កែវតូច', 0);
INSERT INTO "OrderCustomization" ("id", "order_item_id", "name", "option_type", "value", "price") VALUES ('cdced32a-dd6a-40ff-933d-754a41dc7819', '37f13e0c-9fa5-46af-9d52-61b52f0e0c3a', 'ស្ក', NULL, '100%', 0);
INSERT INTO "OrderCustomization" ("id", "order_item_id", "name", "option_type", "value", "price") VALUES ('45cc648d-8420-492f-880d-e522bf9709ba', '0ab9b6c1-d4a4-4dc9-b210-72fabe2b1b7d', 'កម្ដៅ', NULL, 'ត្រជាក់', 0);
INSERT INTO "OrderCustomization" ("id", "order_item_id", "name", "option_type", "value", "price") VALUES ('0b82e259-d46e-4e32-9a15-e21e515e2652', '0ab9b6c1-d4a4-4dc9-b210-72fabe2b1b7d', 'ស្ក', NULL, '30%', 0);
INSERT INTO "OrderCustomization" ("id", "order_item_id", "name", "option_type", "value", "price") VALUES ('c5faf989-9794-4d01-92a3-0412cc115f8d', '849d3808-448f-4207-9f7b-0504562f0ab5', 'កម្ដៅ', NULL, 'ត្រជាក់', 0);
INSERT INTO "OrderCustomization" ("id", "order_item_id", "name", "option_type", "value", "price") VALUES ('03375cbf-1a3a-4f25-b4e8-cff1c6aa740f', '849d3808-448f-4207-9f7b-0504562f0ab5', 'ស្ក', NULL, '30%', 0);
INSERT INTO "OrderCustomization" ("id", "order_item_id", "name", "option_type", "value", "price") VALUES ('da09bc68-d0c7-4529-b84e-3cfb95cf4aaf', '15c56020-4899-4e2d-ac70-69fb451910f7', 'ស្ក', NULL, '60%', 0);
INSERT INTO "OrderCustomization" ("id", "order_item_id", "name", "option_type", "value", "price") VALUES ('36f6001e-137d-406b-8345-e4ba6bc39174', '15c56020-4899-4e2d-ac70-69fb451910f7', 'កម្ដៅ', NULL, 'ត្រជាក់', 0);
INSERT INTO "OrderCustomization" ("id", "order_item_id", "name", "option_type", "value", "price") VALUES ('65c4ff92-6c36-4383-bf02-138c6f2260d7', '47fe8da8-431a-4763-8e37-886f574cd5a5', 'កម្ដៅ', NULL, 'ត្រជាក់', 0);
INSERT INTO "OrderCustomization" ("id", "order_item_id", "name", "option_type", "value", "price") VALUES ('e48b2b1a-de08-414e-8836-23c999a2b518', '47fe8da8-431a-4763-8e37-886f574cd5a5', 'ស្ក', NULL, '30%', 0);
INSERT INTO "OrderCustomization" ("id", "order_item_id", "name", "option_type", "value", "price") VALUES ('91a757e1-eeba-4e68-8d8f-044a60a5a3b3', '50044570-262a-449e-8376-72c825c87bcf', '1000+ size up', NULL, 'កែវធំ', 1000);
INSERT INTO "OrderCustomization" ("id", "order_item_id", "name", "option_type", "value", "price") VALUES ('b5312a51-3e0a-4597-81b3-6734ccaa8251', '50044570-262a-449e-8376-72c825c87bcf', 'ស្ក', NULL, '50%', 0);
INSERT INTO "OrderCustomization" ("id", "order_item_id", "name", "option_type", "value", "price") VALUES ('22a0465f-834e-4609-9ca4-bbfbe9dfd65a', '615adf31-b3ff-4a78-a953-3702c8179825', '1000+ size up', NULL, 'កែវតូច', 0);
INSERT INTO "OrderCustomization" ("id", "order_item_id", "name", "option_type", "value", "price") VALUES ('6f053647-4768-4911-a7be-6f5f43230086', '615adf31-b3ff-4a78-a953-3702c8179825', 'ស្ក', NULL, '20%', 0);
INSERT INTO "OrderCustomization" ("id", "order_item_id", "name", "option_type", "value", "price") VALUES ('cc0306a8-19ca-497d-9493-dc68b781e333', '0f4a42e4-8915-452b-961c-85a50d8aa633', 'កម្ដៅ', NULL, 'ត្រជាក់', 0);
INSERT INTO "OrderCustomization" ("id", "order_item_id", "name", "option_type", "value", "price") VALUES ('fa3e648e-c993-4354-b154-bf8c536fcc12', '0f4a42e4-8915-452b-961c-85a50d8aa633', 'ស្ក', NULL, '40%', 0);
INSERT INTO "OrderCustomization" ("id", "order_item_id", "name", "option_type", "value", "price") VALUES ('66968624-4d95-44bf-b6b2-2821f3281682', '3604b01b-a0da-42ae-816b-680628799164', 'កម្ដៅ', NULL, 'ត្រជាក់', 0);
INSERT INTO "OrderCustomization" ("id", "order_item_id", "name", "option_type", "value", "price") VALUES ('744c9bb2-e318-494d-b1e7-d81c0c6ae010', '3604b01b-a0da-42ae-816b-680628799164', 'ស្ក', NULL, '50%', 0);
INSERT INTO "OrderCustomization" ("id", "order_item_id", "name", "option_type", "value", "price") VALUES ('d70d56a9-72fd-493e-b160-89bef0bc47fc', 'a4c471d2-411e-41fd-bc5c-58385a96583c', 'ស្ក', NULL, '60%', 0);
INSERT INTO "OrderCustomization" ("id", "order_item_id", "name", "option_type", "value", "price") VALUES ('2af53c3b-ab96-47be-9b4f-b9c2f535c134', 'a4c471d2-411e-41fd-bc5c-58385a96583c', 'កម្ដៅ', NULL, 'ត្រជាក់', 0);
INSERT INTO "OrderCustomization" ("id", "order_item_id", "name", "option_type", "value", "price") VALUES ('7feb7a1a-1fc0-4f1b-915e-021dd4f5f157', 'dad4b128-2d45-42a1-b4d4-22a6fa13d6b6', '1500+ size up', NULL, 'កែវធំ', 1500);
INSERT INTO "OrderCustomization" ("id", "order_item_id", "name", "option_type", "value", "price") VALUES ('eefb8cfb-ff6a-47df-8468-9dda1619a86c', 'dad4b128-2d45-42a1-b4d4-22a6fa13d6b6', 'ស្ក', NULL, '70%', 0);
INSERT INTO "OrderCustomization" ("id", "order_item_id", "name", "option_type", "value", "price") VALUES ('7e42c7ab-af7d-4842-9035-f856e224ea59', '27535a37-ea12-44b5-996b-d5ec7538ab36', '500+ size up', NULL, 'កែវតូច', 0);
INSERT INTO "OrderCustomization" ("id", "order_item_id", "name", "option_type", "value", "price") VALUES ('0ca1cf7e-caa7-4809-9c5d-d848cd370f47', '27535a37-ea12-44b5-996b-d5ec7538ab36', 'ស្ក', NULL, '50%', 0);
INSERT INTO "OrderCustomization" ("id", "order_item_id", "name", "option_type", "value", "price") VALUES ('7a681074-f555-45ae-b9fd-06b0c4c9f22c', 'fd84e143-fa41-42f5-850e-716fd03f8019', 'កម្ដៅ', NULL, 'ត្រជាក់', 0);
INSERT INTO "OrderCustomization" ("id", "order_item_id", "name", "option_type", "value", "price") VALUES ('7acda80a-d32c-43fd-bad1-7275e5c38013', 'fd84e143-fa41-42f5-850e-716fd03f8019', 'ស្ក', NULL, '50%', 0);
INSERT INTO "OrderCustomization" ("id", "order_item_id", "name", "option_type", "value", "price") VALUES ('ecfa0c29-12e3-49cc-af9f-fe177e9ecb78', 'ef4a2064-f6ac-4388-a10f-93762cf1e8df', 'កម្ដៅ', NULL, 'ត្រជាក់', 0);
INSERT INTO "OrderCustomization" ("id", "order_item_id", "name", "option_type", "value", "price") VALUES ('486c083a-7001-40ca-83f4-0175bda6adc6', 'ef4a2064-f6ac-4388-a10f-93762cf1e8df', 'ស្ក', NULL, '50%', 0);
INSERT INTO "OrderCustomization" ("id", "order_item_id", "name", "option_type", "value", "price") VALUES ('af31b253-e9f1-4691-ac96-d481a027315c', '79c9f33a-5313-4559-bb12-49356c6d9f18', 'កម្ដៅ', NULL, 'ត្រជាក់', 0);
INSERT INTO "OrderCustomization" ("id", "order_item_id", "name", "option_type", "value", "price") VALUES ('2c425588-a1dd-4ebf-b06a-f663e1526c47', '79c9f33a-5313-4559-bb12-49356c6d9f18', 'ស្ក', NULL, '50%', 0);
INSERT INTO "OrderCustomization" ("id", "order_item_id", "name", "option_type", "value", "price") VALUES ('d6b6c26d-0905-4ccf-a9c5-c965f5e4650e', 'ea2b2789-c271-49e7-a2fc-f140d4ca0694', 'កម្ដៅ', NULL, 'ត្រជាក់', 0);
INSERT INTO "OrderCustomization" ("id", "order_item_id", "name", "option_type", "value", "price") VALUES ('3fca372e-e7ea-4164-a2a1-dcb96f81bcd3', 'ea2b2789-c271-49e7-a2fc-f140d4ca0694', 'ស្ក', NULL, '50%', 0);
INSERT INTO "OrderCustomization" ("id", "order_item_id", "name", "option_type", "value", "price") VALUES ('fb59e99d-82d7-4694-91c2-a97f4621aad2', 'f9ef5a00-2c1b-45ce-8456-ef6f8c4cecfe', 'ស្ក', NULL, '70%', 0);
INSERT INTO "OrderCustomization" ("id", "order_item_id", "name", "option_type", "value", "price") VALUES ('c90b2ac0-b783-4480-bd5d-2caea448bbf2', 'f9ef5a00-2c1b-45ce-8456-ef6f8c4cecfe', 'កម្ដៅ', NULL, 'ត្រជាក់', 0);
INSERT INTO "OrderCustomization" ("id", "order_item_id", "name", "option_type", "value", "price") VALUES ('fddfae83-7a18-40e3-b04d-7a72268c2efa', '1d0c2d16-cc05-40f5-88f6-5def0f66e5a6', '1000+ size up', NULL, 'កែវតូច', 0);
INSERT INTO "OrderCustomization" ("id", "order_item_id", "name", "option_type", "value", "price") VALUES ('6810c07c-4a81-465a-b470-fd23ecc39bde', '1d0c2d16-cc05-40f5-88f6-5def0f66e5a6', 'ស្ក', NULL, '50%', 0);
INSERT INTO "OrderCustomization" ("id", "order_item_id", "name", "option_type", "value", "price") VALUES ('65516c91-10f3-40c1-b009-7e05318b3e62', '1e27e5ef-0b47-4bda-8e16-06b1784b3f53', '1000+ size up', NULL, 'កែវតូច', 0);
INSERT INTO "OrderCustomization" ("id", "order_item_id", "name", "option_type", "value", "price") VALUES ('8a230c4c-e95f-40ae-9707-dddd1478a6a3', '1e27e5ef-0b47-4bda-8e16-06b1784b3f53', 'ស្ក', NULL, '30%', 0);
INSERT INTO "OrderCustomization" ("id", "order_item_id", "name", "option_type", "value", "price") VALUES ('3ab6affd-1b22-458a-b8cf-cb91ae66b350', '64283301-0d21-4fb0-b07e-273f74dde5fd', 'ស្ក', NULL, '0%', 0);
INSERT INTO "OrderCustomization" ("id", "order_item_id", "name", "option_type", "value", "price") VALUES ('bd4120cb-71bc-4b6d-8ae6-fd3dae211f8c', '64283301-0d21-4fb0-b07e-273f74dde5fd', 'កម្ដៅ', NULL, 'ត្រជាក់', 0);
INSERT INTO "OrderCustomization" ("id", "order_item_id", "name", "option_type", "value", "price") VALUES ('1c7fc035-5ca5-4872-9882-3633a46d4367', '42a22e37-873f-40fb-abab-e93f53c48908', '1500+ size up', NULL, 'កែវតូច', 0);
INSERT INTO "OrderCustomization" ("id", "order_item_id", "name", "option_type", "value", "price") VALUES ('0ac25cab-247d-4cea-95c3-135c7cdc75cc', '42a22e37-873f-40fb-abab-e93f53c48908', 'ស្ក', NULL, '60%', 0);
INSERT INTO "OrderCustomization" ("id", "order_item_id", "name", "option_type", "value", "price") VALUES ('0d921ead-58ef-449c-9bbc-054468b7823a', 'd3de846e-abc5-465c-9932-3bac68383eee', '500+ size up', NULL, 'កែវធំ', 500);
INSERT INTO "OrderCustomization" ("id", "order_item_id", "name", "option_type", "value", "price") VALUES ('50df0a3c-fb5b-4a63-9a17-0ec3bbad5ce0', 'd3de846e-abc5-465c-9932-3bac68383eee', 'ស្ក', NULL, '40%', 0);
INSERT INTO "OrderCustomization" ("id", "order_item_id", "name", "option_type", "value", "price") VALUES ('8a0fdfb6-b585-4bc1-8c1a-22f4d0fe0944', '510904b5-9e61-443a-8923-c030240955e1', '1000+ size up', NULL, 'កែវតូច', 0);
INSERT INTO "OrderCustomization" ("id", "order_item_id", "name", "option_type", "value", "price") VALUES ('260f65b3-fefd-4c0b-9268-a86324487252', '510904b5-9e61-443a-8923-c030240955e1', 'ស្ក', NULL, '70%', 0);
INSERT INTO "OrderCustomization" ("id", "order_item_id", "name", "option_type", "value", "price") VALUES ('1dbddc24-39a6-4253-a30f-f4a9a07a025f', '70c2fe5c-e166-4672-966a-bc49c30f7f6f', 'កម្ដៅ', NULL, 'ត្រជាក់', 0);
INSERT INTO "OrderCustomization" ("id", "order_item_id", "name", "option_type", "value", "price") VALUES ('02bda066-f038-4715-af98-1ab5fb0612d0', '70c2fe5c-e166-4672-966a-bc49c30f7f6f', 'ស្ក', NULL, '50%', 0);
INSERT INTO "OrderCustomization" ("id", "order_item_id", "name", "option_type", "value", "price") VALUES ('366133d6-6b67-4578-a7cb-ff5e6a533127', 'b8fdb454-0cb2-4c51-a3df-cecc740a46f4', '500+ size up', NULL, 'កែវតូច', 0);
INSERT INTO "OrderCustomization" ("id", "order_item_id", "name", "option_type", "value", "price") VALUES ('de6d8b8e-123a-4ad9-bb9e-4a0fe0afdd9e', 'b8fdb454-0cb2-4c51-a3df-cecc740a46f4', 'ស្ក', NULL, '50%', 0);
INSERT INTO "OrderCustomization" ("id", "order_item_id", "name", "option_type", "value", "price") VALUES ('bc5b6954-e004-471e-8ec5-9ecbdd6c8b0b', '6b9271b2-96ba-418b-a077-e82405327858', 'កម្ដៅ', NULL, 'ត្រជាក់', 0);
INSERT INTO "OrderCustomization" ("id", "order_item_id", "name", "option_type", "value", "price") VALUES ('2e0d6ed8-bdf3-4310-8f8a-655ee321a519', '6b9271b2-96ba-418b-a077-e82405327858', 'ស្ក', NULL, '50%', 0);
INSERT INTO "OrderCustomization" ("id", "order_item_id", "name", "option_type", "value", "price") VALUES ('e2e5a85e-e479-4b5f-b925-b883f936bda7', 'a8c6bfab-018b-49f5-8064-a7132ab84fbf', '1500+ size up', NULL, 'កែវតូច', 0);
INSERT INTO "OrderCustomization" ("id", "order_item_id", "name", "option_type", "value", "price") VALUES ('cfa10ca1-830d-48ae-a96a-1522c10bc5f7', 'a8c6bfab-018b-49f5-8064-a7132ab84fbf', 'ស្ក', NULL, '20%', 0);
INSERT INTO "OrderCustomization" ("id", "order_item_id", "name", "option_type", "value", "price") VALUES ('89d9b31f-fa19-406e-b475-ae870eec2c3b', '2fc13a2e-d62f-4f0f-ba0a-f29597037747', '500+ size up', NULL, 'កែវធំ', 500);
INSERT INTO "OrderCustomization" ("id", "order_item_id", "name", "option_type", "value", "price") VALUES ('179beaa1-3be1-4af9-bd0a-ecde5a3fc142', '2fc13a2e-d62f-4f0f-ba0a-f29597037747', 'ស្ក', NULL, '50%', 0);
INSERT INTO "OrderCustomization" ("id", "order_item_id", "name", "option_type", "value", "price") VALUES ('388ba3a0-3862-47f2-85bd-190502d6cc34', '1279230f-a33b-452d-9f0d-1f855abc278c', '1000+ size up', NULL, 'កែវធំ', 1000);
INSERT INTO "OrderCustomization" ("id", "order_item_id", "name", "option_type", "value", "price") VALUES ('a673a846-26c8-445a-acd8-67f8d227702b', '1279230f-a33b-452d-9f0d-1f855abc278c', 'ស្ក', NULL, '30%', 0);
INSERT INTO "OrderCustomization" ("id", "order_item_id", "name", "option_type", "value", "price") VALUES ('649060b2-a011-4254-92db-9306c91ef640', '5dc26258-8700-4058-b5f0-bf37b05d0c11', '1000+ size up', NULL, 'កែវតូច', 0);
INSERT INTO "OrderCustomization" ("id", "order_item_id", "name", "option_type", "value", "price") VALUES ('3007729b-535d-4a68-84e2-37e91012dea5', '5dc26258-8700-4058-b5f0-bf37b05d0c11', 'ស្ក', NULL, '20%', 0);
INSERT INTO "OrderCustomization" ("id", "order_item_id", "name", "option_type", "value", "price") VALUES ('005c283f-77b1-4c65-a30d-08b0ec2ab773', 'e0d9dbb1-bec0-447d-af55-feaec61246d7', '500+ size up', NULL, 'កែវតូច', 0);
INSERT INTO "OrderCustomization" ("id", "order_item_id", "name", "option_type", "value", "price") VALUES ('87d0ce3c-d73e-493b-880f-ebd736f9ecf8', 'e0d9dbb1-bec0-447d-af55-feaec61246d7', 'ស្ក', NULL, '10%', 0);
INSERT INTO "OrderCustomization" ("id", "order_item_id", "name", "option_type", "value", "price") VALUES ('2f40ce94-c777-46ff-8d1d-ca23c15f6e06', 'e0d9dbb1-bec0-447d-af55-feaec61246d7', 'Topping', NULL, 'គុជ', 1000);
INSERT INTO "OrderCustomization" ("id", "order_item_id", "name", "option_type", "value", "price") VALUES ('75be73dd-127b-4c30-95db-2a6687d709a5', 'ee582a5e-5209-4be9-814c-db56e065f366', 'ស្ក', NULL, '120%', 0);
INSERT INTO "OrderCustomization" ("id", "order_item_id", "name", "option_type", "value", "price") VALUES ('93f2b78a-e02d-4da2-8c6a-d439f1dccf9a', 'ee582a5e-5209-4be9-814c-db56e065f366', 'កម្ដៅ', NULL, 'ត្រជាក់', 0);
INSERT INTO "OrderCustomization" ("id", "order_item_id", "name", "option_type", "value", "price") VALUES ('b0bec68c-ad36-4cb8-ba06-c464c7d87f5b', '73caf05f-8907-4405-ad38-9834d1070213', '500+ size up', NULL, 'កែវតូច', 0);
INSERT INTO "OrderCustomization" ("id", "order_item_id", "name", "option_type", "value", "price") VALUES ('97b3eb62-17ea-4d53-9e84-db31eabcc353', '73caf05f-8907-4405-ad38-9834d1070213', 'ស្ក', NULL, '100%', 0);
INSERT INTO "OrderCustomization" ("id", "order_item_id", "name", "option_type", "value", "price") VALUES ('41c42f7f-1349-442c-8851-7f71efbe5ab0', '811eba22-7b9e-476a-a086-87648eca396e', '500+ size up', NULL, 'កែវធំ', 500);
INSERT INTO "OrderCustomization" ("id", "order_item_id", "name", "option_type", "value", "price") VALUES ('ab23823b-d498-474a-bf21-af3ef5a4908b', '811eba22-7b9e-476a-a086-87648eca396e', 'ស្ក', NULL, '50%', 0);
INSERT INTO "OrderCustomization" ("id", "order_item_id", "name", "option_type", "value", "price") VALUES ('bbebe3d9-9846-4682-a6fa-1a61d74d969f', '20d41daf-6b1a-4295-849a-8f52acd220a7', '500+ size up', NULL, 'កែវធំ', 500);
INSERT INTO "OrderCustomization" ("id", "order_item_id", "name", "option_type", "value", "price") VALUES ('bdf5a5d9-a215-468d-9d51-672b8770ff10', '20d41daf-6b1a-4295-849a-8f52acd220a7', 'ស្ក', NULL, '50%', 0);
INSERT INTO "OrderCustomization" ("id", "order_item_id", "name", "option_type", "value", "price") VALUES ('75791aa1-1ffd-43e2-83db-39e2fb978e92', '1eae9391-a917-4c55-a2c5-e8705c9834e1', '1000+ size up', NULL, 'កែវតូច', 0);
INSERT INTO "OrderCustomization" ("id", "order_item_id", "name", "option_type", "value", "price") VALUES ('ed871c5b-b7a8-486b-95c8-47829ace44ce', '1eae9391-a917-4c55-a2c5-e8705c9834e1', 'ស្ក', NULL, '50%', 0);
INSERT INTO "OrderCustomization" ("id", "order_item_id", "name", "option_type", "value", "price") VALUES ('2d7911e6-ced0-45b8-9cf9-1df45d6e86e7', 'ffa49516-1584-4478-ba6c-f78078d4db65', 'ស្ក', NULL, '100%', 0);
INSERT INTO "OrderCustomization" ("id", "order_item_id", "name", "option_type", "value", "price") VALUES ('94314fe5-c9f9-4867-8839-4cef60d9531d', '7dab1a81-8425-4695-9740-1d720bd70b91', '1500+ size up', NULL, 'កែវតូច', 0);
INSERT INTO "OrderCustomization" ("id", "order_item_id", "name", "option_type", "value", "price") VALUES ('118dda16-183b-458b-9cbc-fa9bc47b7fdd', '7dab1a81-8425-4695-9740-1d720bd70b91', 'ស្ក', NULL, '70%', 0);
INSERT INTO "OrderCustomization" ("id", "order_item_id", "name", "option_type", "value", "price") VALUES ('d1f028cf-364e-45dd-a474-6435c9c7c376', '8d1c81ec-d141-4696-9ce9-6355a2613e25', '1500+ size up', NULL, 'កែវធំ', 1500);
INSERT INTO "OrderCustomization" ("id", "order_item_id", "name", "option_type", "value", "price") VALUES ('ae680545-3dd8-4fdf-998b-28a0079c667f', '8d1c81ec-d141-4696-9ce9-6355a2613e25', 'ស្ក', NULL, '30%', 0);
INSERT INTO "OrderCustomization" ("id", "order_item_id", "name", "option_type", "value", "price") VALUES ('bbc8b184-0b94-457a-b198-d8f0718cc7b7', 'cc05e351-13d2-4179-8a4e-9db1a04392a0', 'កម្ដៅ', NULL, 'ត្រជាក់', 0);
INSERT INTO "OrderCustomization" ("id", "order_item_id", "name", "option_type", "value", "price") VALUES ('f7e72132-3d52-4780-b8fd-b8bc0ce2b94a', 'cc05e351-13d2-4179-8a4e-9db1a04392a0', 'ស្ក', NULL, '30%', 0);
INSERT INTO "OrderCustomization" ("id", "order_item_id", "name", "option_type", "value", "price") VALUES ('0fcca281-a5b2-460c-bbf8-f5151822f0fa', '3fc3d2ae-fc90-439f-a0dd-a6121d68780f', '500+ size up', NULL, 'កែវតូច', 0);
INSERT INTO "OrderCustomization" ("id", "order_item_id", "name", "option_type", "value", "price") VALUES ('54b5f410-a1d3-4020-943c-f2badad696e6', '3fc3d2ae-fc90-439f-a0dd-a6121d68780f', 'ស្ក', NULL, '50%', 0);
INSERT INTO "OrderCustomization" ("id", "order_item_id", "name", "option_type", "value", "price") VALUES ('3e17e70d-f36f-46a3-becf-490175227c8d', '983a05f4-7086-4a0b-a82d-f59fcdf1a42c', 'កម្ដៅ', NULL, 'ត្រជាក់', 0);
INSERT INTO "OrderCustomization" ("id", "order_item_id", "name", "option_type", "value", "price") VALUES ('93ab6062-c849-4e8f-a519-2b4e99188eef', '983a05f4-7086-4a0b-a82d-f59fcdf1a42c', 'ស្ក', NULL, '30%', 0);
INSERT INTO "OrderCustomization" ("id", "order_item_id", "name", "option_type", "value", "price") VALUES ('dc12d968-682b-457f-b4d6-d7e3063ce9fd', '5283b60b-7bf0-4979-95a6-d5360790d58f', '1500+ size up', NULL, 'កែវធំ', 1500);
INSERT INTO "OrderCustomization" ("id", "order_item_id", "name", "option_type", "value", "price") VALUES ('d0ec4455-1451-40ae-b65b-1435f71b8140', '5283b60b-7bf0-4979-95a6-d5360790d58f', 'ស្ក', NULL, '50%', 0);
INSERT INTO "OrderCustomization" ("id", "order_item_id", "name", "option_type", "value", "price") VALUES ('369eaea2-b54e-4daf-9464-7769157ace0d', '91b9c3eb-b9b7-4bc4-b7d1-04e930dd5d6c', 'ស្ក', NULL, '90%', 0);
INSERT INTO "OrderCustomization" ("id", "order_item_id", "name", "option_type", "value", "price") VALUES ('dcfb932f-e7cd-4759-81d6-2d7077e4e3cc', '82f8e59c-3264-487b-8a21-37a9787f2ce7', '500+ size up', NULL, 'កែវតូច', 0);
INSERT INTO "OrderCustomization" ("id", "order_item_id", "name", "option_type", "value", "price") VALUES ('bcc2956f-f132-481f-858a-02b8b6d0a1ff', '82f8e59c-3264-487b-8a21-37a9787f2ce7', 'ស្ក', NULL, '20%', 0);
INSERT INTO "OrderCustomization" ("id", "order_item_id", "name", "option_type", "value", "price") VALUES ('71088861-bc2a-4f5e-89d0-edb5c1e041b8', '02a0a7bd-ab29-490e-a552-87298bf3885d', '1000+ size up', NULL, 'កែវតូច', 0);
INSERT INTO "OrderCustomization" ("id", "order_item_id", "name", "option_type", "value", "price") VALUES ('6db2ef3f-f17c-47df-bec0-b612280bb01a', '02a0a7bd-ab29-490e-a552-87298bf3885d', 'ស្ក', NULL, '40%', 0);
INSERT INTO "OrderCustomization" ("id", "order_item_id", "name", "option_type", "value", "price") VALUES ('eade6dbe-ca41-49d7-8366-69c1e92f2aa6', '60413e8d-bd9f-45f1-95a6-ca0bc1b0b8aa', '1500+ size up', NULL, 'កែវតូច', 0);
INSERT INTO "OrderCustomization" ("id", "order_item_id", "name", "option_type", "value", "price") VALUES ('288b0a1c-06e5-4f9f-9478-71556aa9ef8f', '60413e8d-bd9f-45f1-95a6-ca0bc1b0b8aa', 'ស្ក', NULL, '100%', 0);
INSERT INTO "OrderCustomization" ("id", "order_item_id", "name", "option_type", "value", "price") VALUES ('836940c2-6ec1-4377-83d6-e75bfdbf77d7', '103f1d94-efe8-4750-9d7a-8c6728ece027', 'ស្ក', NULL, '60%', 0);
INSERT INTO "OrderCustomization" ("id", "order_item_id", "name", "option_type", "value", "price") VALUES ('df19647c-cd6d-44fb-a5a5-601a3d0c069e', '103f1d94-efe8-4750-9d7a-8c6728ece027', 'កម្ដៅ', NULL, 'ត្រជាក់', 0);
INSERT INTO "OrderCustomization" ("id", "order_item_id", "name", "option_type", "value", "price") VALUES ('0dc65f83-ce8e-4484-a3ed-38e0b5e3a869', 'c391cc0a-4705-4dc1-9c59-0f4f79b540d1', 'កម្ដៅ', NULL, 'ត្រជាក់', 0);
INSERT INTO "OrderCustomization" ("id", "order_item_id", "name", "option_type", "value", "price") VALUES ('abbb1592-047e-4821-ac05-61a159c1945e', 'c391cc0a-4705-4dc1-9c59-0f4f79b540d1', 'ស្ក', NULL, '50%', 0);
INSERT INTO "OrderCustomization" ("id", "order_item_id", "name", "option_type", "value", "price") VALUES ('12e28432-cec8-484a-8cb7-201e9db90894', '4a547763-0d35-4b22-b14b-08fa02a03002', '1500+ size up', NULL, 'កែវធំ', 1500);
INSERT INTO "OrderCustomization" ("id", "order_item_id", "name", "option_type", "value", "price") VALUES ('a18a6107-8671-44f5-a1b7-98a0fb85353b', '4a547763-0d35-4b22-b14b-08fa02a03002', 'ស្ក', NULL, '100%', 0);
INSERT INTO "OrderCustomization" ("id", "order_item_id", "name", "option_type", "value", "price") VALUES ('8b1c27f5-7acd-45b0-a22f-b6ee13eb3900', 'f8270b5b-a88b-429c-913d-3d493d0c7a4f', '1500+ size up', NULL, 'កែវតូច', 0);
INSERT INTO "OrderCustomization" ("id", "order_item_id", "name", "option_type", "value", "price") VALUES ('401eb0f7-72c1-41e5-87e9-a542b17c65a9', 'f8270b5b-a88b-429c-913d-3d493d0c7a4f', 'ស្ក', NULL, '20%', 0);
INSERT INTO "OrderCustomization" ("id", "order_item_id", "name", "option_type", "value", "price") VALUES ('a0e4d84b-a0f4-4eb7-a372-f8e8531d8e1e', '3bc616b2-dc70-498a-90ae-6d3313501932', '500+ size up', NULL, 'កែវធំ', 500);
INSERT INTO "OrderCustomization" ("id", "order_item_id", "name", "option_type", "value", "price") VALUES ('11f198af-315e-4bf8-bbe8-c05bdbbaba69', '3bc616b2-dc70-498a-90ae-6d3313501932', 'ស្ក', NULL, '10%', 0);
INSERT INTO "OrderCustomization" ("id", "order_item_id", "name", "option_type", "value", "price") VALUES ('bf6c616c-b92b-417e-aea7-7d4c11ec358e', '27db8520-27c0-4a5d-b677-7e3f378677a7', '500+ size up', NULL, 'កែវធំ', 500);
INSERT INTO "OrderCustomization" ("id", "order_item_id", "name", "option_type", "value", "price") VALUES ('a583d74b-d0de-492d-b7e3-c7bbb5827316', '27db8520-27c0-4a5d-b677-7e3f378677a7', 'ស្ក', NULL, '30%', 0);
INSERT INTO "OrderCustomization" ("id", "order_item_id", "name", "option_type", "value", "price") VALUES ('5e826bc5-c5db-4338-aa71-fe1f9e3337e0', '759eeffc-fff3-4c78-a9c7-5f68246fc77d', '500+ size up', NULL, 'កែវធំ', 500);
INSERT INTO "OrderCustomization" ("id", "order_item_id", "name", "option_type", "value", "price") VALUES ('c858e4b8-2ed2-45fe-8b84-314b9d678af5', '759eeffc-fff3-4c78-a9c7-5f68246fc77d', 'ស្ក', NULL, '10%', 0);
INSERT INTO "OrderCustomization" ("id", "order_item_id", "name", "option_type", "value", "price") VALUES ('ce0a3b13-83ce-4b4a-9ff9-614557a651db', '169cb3ea-9ccd-4523-9fa9-d6c4823f663e', '1500+ size up', NULL, 'កែវតូច', 0);
INSERT INTO "OrderCustomization" ("id", "order_item_id", "name", "option_type", "value", "price") VALUES ('d53a23f7-6447-469a-90fc-922bb295959a', '169cb3ea-9ccd-4523-9fa9-d6c4823f663e', 'ស្ក', NULL, '0%', 0);
INSERT INTO "OrderCustomization" ("id", "order_item_id", "name", "option_type", "value", "price") VALUES ('a53b11af-bf8b-4509-b884-bb5dde1084cb', '42905ce8-0d1a-4c3c-8319-9c59388a15d1', '1000+ size up', NULL, 'កែវតូច', 0);
INSERT INTO "OrderCustomization" ("id", "order_item_id", "name", "option_type", "value", "price") VALUES ('8f215555-f2f4-407d-8666-833ed01d5e98', '42905ce8-0d1a-4c3c-8319-9c59388a15d1', 'ស្ក', NULL, '40%', 0);
INSERT INTO "OrderCustomization" ("id", "order_item_id", "name", "option_type", "value", "price") VALUES ('7031582f-cb56-4346-9a85-71e45514b374', '5876519f-75bf-4eaf-8d2c-1a13cc8ff582', '1000+ size up', NULL, 'កែវតូច', 0);
INSERT INTO "OrderCustomization" ("id", "order_item_id", "name", "option_type", "value", "price") VALUES ('166b2a4f-78c9-4a13-82a1-d3252ac41bf5', '5876519f-75bf-4eaf-8d2c-1a13cc8ff582', 'ស្ក', NULL, '30%', 0);
INSERT INTO "OrderCustomization" ("id", "order_item_id", "name", "option_type", "value", "price") VALUES ('bf5c4209-4a09-4083-8da6-a7f32a275437', '20a53231-439f-416b-bc78-b789c38b362f', '500+ size up', NULL, 'កែវធំ', 500);
INSERT INTO "OrderCustomization" ("id", "order_item_id", "name", "option_type", "value", "price") VALUES ('a6d12b6e-9954-4878-ab82-5682bc51e8fb', '20a53231-439f-416b-bc78-b789c38b362f', 'ស្ក', NULL, '50%', 0);
INSERT INTO "OrderCustomization" ("id", "order_item_id", "name", "option_type", "value", "price") VALUES ('df2ed2fa-ddc1-4b69-9c5a-7a5aa8bc6b64', '4515a342-4ec0-4b27-aaf2-6187572ffed3', '500+ size up', NULL, 'កែវតូច', 0);
INSERT INTO "OrderCustomization" ("id", "order_item_id", "name", "option_type", "value", "price") VALUES ('7376db7f-feea-4e2d-98b4-5f72a43b2208', '4515a342-4ec0-4b27-aaf2-6187572ffed3', 'ស្ក', NULL, '60%', 0);
INSERT INTO "OrderCustomization" ("id", "order_item_id", "name", "option_type", "value", "price") VALUES ('2c4ef258-3f78-4a86-b788-70b583307021', '8a1b2263-f041-4a61-ac8a-f89e84cfc3f7', '1500+ size up', NULL, 'កែវតូច', 0);
INSERT INTO "OrderCustomization" ("id", "order_item_id", "name", "option_type", "value", "price") VALUES ('41cd0347-f9a1-4643-bb84-ea0db9397386', '8a1b2263-f041-4a61-ac8a-f89e84cfc3f7', 'ស្ក', NULL, '50%', 0);
INSERT INTO "OrderCustomization" ("id", "order_item_id", "name", "option_type", "value", "price") VALUES ('a5fd6181-3956-4cc7-8a2c-85aef350291e', '7f4932c4-edf7-4512-bb5f-24baadc57662', '1000+ size up', NULL, 'កែវធំ', 1000);
INSERT INTO "OrderCustomization" ("id", "order_item_id", "name", "option_type", "value", "price") VALUES ('cd53d4f8-1f3a-435c-8142-7bffdfb0f4a0', '7f4932c4-edf7-4512-bb5f-24baadc57662', 'ស្ក', NULL, '50%', 0);
INSERT INTO "OrderCustomization" ("id", "order_item_id", "name", "option_type", "value", "price") VALUES ('51a34bf5-2585-435e-af2c-6220f8492ba3', 'b431a92d-990a-4e9a-8205-8d9afe4379aa', '1000+ size up', NULL, 'កែវតូច', 0);
INSERT INTO "OrderCustomization" ("id", "order_item_id", "name", "option_type", "value", "price") VALUES ('7e967e5b-4bfa-47e6-ac66-bec18dfb8736', 'b431a92d-990a-4e9a-8205-8d9afe4379aa', 'ស្ក', NULL, '0%', 0);
INSERT INTO "OrderCustomization" ("id", "order_item_id", "name", "option_type", "value", "price") VALUES ('62dba733-a6f8-44f1-bf92-93aa82489d26', '03121184-fc76-46cf-9f6d-1ec34d7f5dd0', '1000+ size up', NULL, 'កែវធំ', 1000);
INSERT INTO "OrderCustomization" ("id", "order_item_id", "name", "option_type", "value", "price") VALUES ('6a703d11-d109-45c0-b7b3-42f34c1d38d2', '03121184-fc76-46cf-9f6d-1ec34d7f5dd0', 'ស្ក', NULL, '100%', 0);
INSERT INTO "OrderCustomization" ("id", "order_item_id", "name", "option_type", "value", "price") VALUES ('3c83cbbd-58cd-4e6f-be9a-e3db85173fb0', 'a8856343-5c89-4d5f-8747-59822b05348c', 'ស្ក', NULL, '70%', 0);
INSERT INTO "OrderCustomization" ("id", "order_item_id", "name", "option_type", "value", "price") VALUES ('f5abd147-e266-4a25-9506-caddbfd60857', 'edb77f5c-4dd0-4579-9742-b33e508bc2e6', '500+ size up', NULL, 'កែវតូច', 0);
INSERT INTO "OrderCustomization" ("id", "order_item_id", "name", "option_type", "value", "price") VALUES ('5a962a84-88cd-4baa-89e4-29884d3f712e', 'edb77f5c-4dd0-4579-9742-b33e508bc2e6', 'ស្ក', NULL, '0%', 0);
INSERT INTO "OrderCustomization" ("id", "order_item_id", "name", "option_type", "value", "price") VALUES ('f94174be-df66-4ffc-bbbb-0fd7ef6dc353', '00d13e5d-e4b8-4b6e-a3ea-5b2120322051', 'ស្ក', NULL, '0%', 0);
INSERT INTO "OrderCustomization" ("id", "order_item_id", "name", "option_type", "value", "price") VALUES ('9f66dec7-94f2-4470-8d32-d7023d9d1643', '00d13e5d-e4b8-4b6e-a3ea-5b2120322051', 'កម្ដៅ', NULL, 'ត្រជាក់', 0);
INSERT INTO "OrderCustomization" ("id", "order_item_id", "name", "option_type", "value", "price") VALUES ('ff919d9d-fc6a-4111-a9d6-40b76ed5f32c', 'cafb673a-1055-4586-8583-880c74053b69', 'ស្ក', NULL, '60%', 0);
INSERT INTO "OrderCustomization" ("id", "order_item_id", "name", "option_type", "value", "price") VALUES ('be02851e-24de-4f36-9e8c-ef5836018d35', 'cafb673a-1055-4586-8583-880c74053b69', 'កម្ដៅ', NULL, 'ត្រជាក់', 0);
INSERT INTO "OrderCustomization" ("id", "order_item_id", "name", "option_type", "value", "price") VALUES ('04eb7bf9-4919-4c5f-861b-f279afd4bdd8', '810600c3-53ef-4bbb-829d-154081f9bf9b', 'ស្ក', NULL, '70%', 0);
INSERT INTO "OrderCustomization" ("id", "order_item_id", "name", "option_type", "value", "price") VALUES ('263a93ff-9f70-474a-b18b-2c189980ab3e', '810600c3-53ef-4bbb-829d-154081f9bf9b', 'កម្ដៅ', NULL, 'ក្ដៅ', 0);
INSERT INTO "OrderCustomization" ("id", "order_item_id", "name", "option_type", "value", "price") VALUES ('35e4870f-8ebe-4a5c-bd9a-6f597e91aaa1', '82e5a823-e8a8-494d-a136-90c07ee2e00f', 'ស្ក', NULL, '50%', 0);
INSERT INTO "OrderCustomization" ("id", "order_item_id", "name", "option_type", "value", "price") VALUES ('af4fd603-2b84-40da-9895-bca73d24dd5b', '82e5a823-e8a8-494d-a136-90c07ee2e00f', 'កម្ដៅ', NULL, 'ត្រជាក់', 0);
INSERT INTO "OrderCustomization" ("id", "order_item_id", "name", "option_type", "value", "price") VALUES ('e2ee2b72-291d-46f0-8a3c-ef9b395b7b5a', '3df4cafd-de55-444b-8559-6a1867555daf', 'ស្ក', NULL, '50%', 0);
INSERT INTO "OrderCustomization" ("id", "order_item_id", "name", "option_type", "value", "price") VALUES ('98ad1f47-1cb0-490e-9557-90c16e64a2d0', '3df4cafd-de55-444b-8559-6a1867555daf', 'កម្ដៅ', NULL, 'ក្ដៅ', 0);
INSERT INTO "OrderCustomization" ("id", "order_item_id", "name", "option_type", "value", "price") VALUES ('8b8e9f91-d436-449b-8a95-2430f0356751', '51cc8cf4-fbb2-42ea-b5f1-39109066aef0', 'ស្ក', NULL, '0%', 0);
INSERT INTO "OrderCustomization" ("id", "order_item_id", "name", "option_type", "value", "price") VALUES ('fbcff962-1fda-496c-8d3b-0db5ea28d303', '51cc8cf4-fbb2-42ea-b5f1-39109066aef0', 'កម្ដៅ', NULL, 'ត្រជាក់', 0);
INSERT INTO "OrderCustomization" ("id", "order_item_id", "name", "option_type", "value", "price") VALUES ('7997b657-7fca-455d-b481-562c81eda6a6', '98ddc688-a605-4eaf-9975-1173007013f2', 'ស្ក', NULL, '0%', 0);
INSERT INTO "OrderCustomization" ("id", "order_item_id", "name", "option_type", "value", "price") VALUES ('5ea2f1a6-40d0-44a8-9ef3-c4a30a0c1687', '98ddc688-a605-4eaf-9975-1173007013f2', 'កម្ដៅ', NULL, 'ក្ដៅ', 0);
INSERT INTO "OrderCustomization" ("id", "order_item_id", "name", "option_type", "value", "price") VALUES ('ce0c5fba-d191-48b1-a97d-47515a997568', '8a1f7cef-2e06-4bbe-b471-3385abcb1f2a', 'កម្ដៅ', NULL, 'ត្រជាក់', 0);
INSERT INTO "OrderCustomization" ("id", "order_item_id", "name", "option_type", "value", "price") VALUES ('b61bd9c8-cf42-42c0-ba87-608cecd59197', '8a1f7cef-2e06-4bbe-b471-3385abcb1f2a', 'ស្ក', NULL, '50%', 0);
INSERT INTO "OrderCustomization" ("id", "order_item_id", "name", "option_type", "value", "price") VALUES ('f1144f5b-3bda-4aa2-85b6-4fc0f448953d', '9ef6bb2b-c5ae-4d46-af2e-02557e0a88e7', 'ស្ក', NULL, '20%', 0);
INSERT INTO "OrderCustomization" ("id", "order_item_id", "name", "option_type", "value", "price") VALUES ('8c83423f-ef97-42dd-9996-bf827685dae8', '9ef6bb2b-c5ae-4d46-af2e-02557e0a88e7', 'កម្ដៅ', NULL, 'ត្រជាក់', 0);
INSERT INTO "OrderCustomization" ("id", "order_item_id", "name", "option_type", "value", "price") VALUES ('885f249d-d23e-47a8-9a9e-b749d555f544', 'ca41a8b7-77d7-4a39-8ccf-bf97f3c3e33b', 'ស្ក', NULL, '50%', 0);
INSERT INTO "OrderCustomization" ("id", "order_item_id", "name", "option_type", "value", "price") VALUES ('532d567e-d781-4a95-b5b4-acc89bd7ecb6', 'ca41a8b7-77d7-4a39-8ccf-bf97f3c3e33b', 'កម្ដៅ', NULL, 'ក្ដៅ', 0);
INSERT INTO "OrderCustomization" ("id", "order_item_id", "name", "option_type", "value", "price") VALUES ('8c7fec75-0fc8-4ec6-a2e4-4bcb03ee1f82', '8335ca94-13fe-4c1a-8e41-c5fe12b73b7e', 'ស្ក', NULL, '10%', 0);
INSERT INTO "OrderCustomization" ("id", "order_item_id", "name", "option_type", "value", "price") VALUES ('796e2823-7937-4d66-9d0a-1445fa5f3472', '8335ca94-13fe-4c1a-8e41-c5fe12b73b7e', 'កម្ដៅ', NULL, 'ក្ដៅ', 0);
INSERT INTO "OrderCustomization" ("id", "order_item_id", "name", "option_type", "value", "price") VALUES ('ba77c43d-076b-462d-b802-f4055fc4a865', 'b74e2dec-e70e-42d0-8e97-1c0f1f40a031', 'ស្ក', NULL, '50%', 0);
INSERT INTO "OrderCustomization" ("id", "order_item_id", "name", "option_type", "value", "price") VALUES ('cb1ce6c2-7fb5-4c49-bfe6-83deb7f0e953', 'b74e2dec-e70e-42d0-8e97-1c0f1f40a031', 'កម្ដៅ', NULL, 'ក្ដៅ', 0);
INSERT INTO "OrderCustomization" ("id", "order_item_id", "name", "option_type", "value", "price") VALUES ('f86a05be-abe7-4412-ad65-96fb1da4afae', 'e9cbbcb3-cf89-423f-8fcf-b9166424f2fc', 'ស្ក', NULL, '30%', 0);
INSERT INTO "OrderCustomization" ("id", "order_item_id", "name", "option_type", "value", "price") VALUES ('033c4575-a534-47df-8b6e-d44a6544f3d7', 'e9cbbcb3-cf89-423f-8fcf-b9166424f2fc', 'កម្ដៅ', NULL, 'ក្ដៅ', 0);
INSERT INTO "OrderCustomization" ("id", "order_item_id", "name", "option_type", "value", "price") VALUES ('36e5255e-b4d4-4619-8b70-1c8030e0ccac', '534b50d6-124c-4cdd-859a-59fe01fa6e00', 'កម្ដៅ', NULL, 'ត្រជាក់', 0);
INSERT INTO "OrderCustomization" ("id", "order_item_id", "name", "option_type", "value", "price") VALUES ('2809ac42-ca60-432f-aae6-c20a6858fce8', '534b50d6-124c-4cdd-859a-59fe01fa6e00', 'ស្ក', NULL, '50%', 0);
INSERT INTO "OrderCustomization" ("id", "order_item_id", "name", "option_type", "value", "price") VALUES ('6a3d1415-e0fa-48a3-a87c-5e0ab51cc55c', '62d9bf94-ed5d-4956-a0ad-64a3b46037d9', 'កម្ដៅ', NULL, 'ក្ដៅ', 0);
INSERT INTO "OrderCustomization" ("id", "order_item_id", "name", "option_type", "value", "price") VALUES ('3ef13e82-feb9-4afd-91e7-405b0c88a13a', '62d9bf94-ed5d-4956-a0ad-64a3b46037d9', 'ស្ក', NULL, '70%', 0);
INSERT INTO "OrderCustomization" ("id", "order_item_id", "name", "option_type", "value", "price") VALUES ('93a9e7ec-eb13-41fe-9e53-2a7d17368865', 'a9ad5a43-5470-40e3-b449-9de3c4f176a5', 'កម្ដៅ', NULL, 'ក្ដៅ', 0);
INSERT INTO "OrderCustomization" ("id", "order_item_id", "name", "option_type", "value", "price") VALUES ('bd117e6b-5408-4461-8df3-f6a474445bf5', 'a9ad5a43-5470-40e3-b449-9de3c4f176a5', 'ស្ក', NULL, '70%', 0);
INSERT INTO "OrderCustomization" ("id", "order_item_id", "name", "option_type", "value", "price") VALUES ('bb76ebf4-caaf-4a22-99fd-45062c8e53c5', '0ac8b431-cb9b-43d8-a2a8-88c44d29d999', 'ស្ក', NULL, '10%', 0);
INSERT INTO "OrderCustomization" ("id", "order_item_id", "name", "option_type", "value", "price") VALUES ('0705b7a6-ab14-4c53-8125-c2bb6b492555', '0ac8b431-cb9b-43d8-a2a8-88c44d29d999', 'កម្ដៅ', NULL, 'ត្រជាក់', 0);
INSERT INTO "OrderItemTopping" ("id", "order_item_id", "topping_option_id", "name", "unit_label", "unit_price", "quantity", "total_price") VALUES ('b7dfc5d4-eff8-4e4f-a342-3b595d66c57e', '9ef6bb2b-c5ae-4d46-af2e-02557e0a88e7', '9ce6a0c1-2f5c-4ee9-b906-14da7d9111bd', 'កាហ្វេម៉ាស៊ីន', 'shot', 2000, 2, 4000);
INSERT INTO "OrderItemTopping" ("id", "order_item_id", "topping_option_id", "name", "unit_label", "unit_price", "quantity", "total_price") VALUES ('4360c3b1-411d-4150-958b-e3ac97c731a2', 'ca41a8b7-77d7-4a39-8ccf-bf97f3c3e33b', '231cbf63-fe8a-4d6b-8d39-72838149d50d', 'គ្រីមពងមាន់', 'qty', 1500, 1, 1500);
INSERT INTO "OrderItemTopping" ("id", "order_item_id", "topping_option_id", "name", "unit_label", "unit_price", "quantity", "total_price") VALUES ('3256af88-90ab-4a50-a481-fac7f37fae0c', '8335ca94-13fe-4c1a-8e41-c5fe12b73b7e', '9ce6a0c1-2f5c-4ee9-b906-14da7d9111bd', 'កាហ្វេម៉ាស៊ីន', 'shot', 2000, 2, 4000);
INSERT INTO "OrderItemTopping" ("id", "order_item_id", "topping_option_id", "name", "unit_label", "unit_price", "quantity", "total_price") VALUES ('d8b77902-9fe1-4fd6-ae52-9f17b53795df', 'b74e2dec-e70e-42d0-8e97-1c0f1f40a031', '9127ab3e-f7f5-4b18-8087-c8ca08fa3dea', 'គ្រីមប្រៃ', 'qty', 1500, 1, 1500);
INSERT INTO "OrderItemTopping" ("id", "order_item_id", "topping_option_id", "name", "unit_label", "unit_price", "quantity", "total_price") VALUES ('aaa80710-bfff-4bc0-bcc4-0238f9cb8adc', 'e9cbbcb3-cf89-423f-8fcf-b9166424f2fc', '231cbf63-fe8a-4d6b-8d39-72838149d50d', 'គ្រីមពងមាន់', 'qty', 1500, 1, 1500);
INSERT INTO "OrderItemTopping" ("id", "order_item_id", "topping_option_id", "name", "unit_label", "unit_price", "quantity", "total_price") VALUES ('1d496ffd-336f-414e-b4b4-d8b87bcdf253', '62d9bf94-ed5d-4956-a0ad-64a3b46037d9', '231cbf63-fe8a-4d6b-8d39-72838149d50d', 'គ្រីមពងមាន់', 'qty', 1500, 2, 3000);
INSERT INTO "OrderItemTopping" ("id", "order_item_id", "topping_option_id", "name", "unit_label", "unit_price", "quantity", "total_price") VALUES ('8fb7dd0f-6fa5-438d-8cf3-c388bd054a8b', '62d9bf94-ed5d-4956-a0ad-64a3b46037d9', '9ce6a0c1-2f5c-4ee9-b906-14da7d9111bd', 'កាហ្វេម៉ាស៊ីន', 'shot', 2000, 1, 2000);
INSERT INTO "OrderItemTopping" ("id", "order_item_id", "topping_option_id", "name", "unit_label", "unit_price", "quantity", "total_price") VALUES ('6bd0acea-bad9-4234-9cfb-b113f0780078', '0ac8b431-cb9b-43d8-a2a8-88c44d29d999', '9ce6a0c1-2f5c-4ee9-b906-14da7d9111bd', 'កាហ្វេម៉ាស៊ីន', 'shot', 2000, 1, 2000);
INSERT INTO "Payment" ("id", "order_id", "status", "payment_type", "amount", "received_cash", "change", "created_at") VALUES ('42b864eb-6e0b-4fe7-87c9-a239addcb1c5', 'a55525c0-7767-4897-b973-fa1d3fccaca8', 'completed', 'cash', 15000, 20000, 5000, 1768623234728);
INSERT INTO "Payment" ("id", "order_id", "status", "payment_type", "amount", "received_cash", "change", "created_at") VALUES ('8d0f5cca-ed48-435e-bd83-3b67e22b9652', 'ad4c76c8-ef1f-4ad4-82fa-13fd309287ed', 'completed', 'cash', 9000, 10000, 1000, 1768623306021);
INSERT INTO "Payment" ("id", "order_id", "status", "payment_type", "amount", "received_cash", "change", "created_at") VALUES ('d932b83e-7205-445a-b418-804744f41071', 'efc5af35-9636-4c09-a0aa-8de72e4d9a48', 'completed', 'cash', 4000, 5000, 1000, 1768623498619);
INSERT INTO "Payment" ("id", "order_id", "status", "payment_type", "amount", "received_cash", "change", "created_at") VALUES ('ff94852a-1229-4e1a-8530-7af856cdbccf', '8d6e68ad-275a-4669-8331-11296de7234e', 'completed', 'cash', 5000, 5000, NULL, 1768624383072);
INSERT INTO "Payment" ("id", "order_id", "status", "payment_type", "amount", "received_cash", "change", "created_at") VALUES ('d5b179bf-1d97-4c8f-91c9-bc5cda073a4d', '7c4a1bea-87ae-4091-84ba-bc57a4e3f86a', 'completed', 'cash', 5000, 10000, 5000, 1768624968572);
INSERT INTO "Payment" ("id", "order_id", "status", "payment_type", "amount", "received_cash", "change", "created_at") VALUES ('9bb68cba-68e3-422d-946f-c2491bd572a1', 'd6438cee-036d-4f88-996d-17449ec3e144', 'completed', 'cash', 5000, 5000, NULL, 1768625583755);
INSERT INTO "Payment" ("id", "order_id", "status", "payment_type", "amount", "received_cash", "change", "created_at") VALUES ('1968082e-570f-44b2-8ada-02e08d3fd5b0', '329ad2c6-baf1-46ea-8ce6-a4a9f64bb732', 'completed', 'cash', 4000, 5000, 1000, 1768625631582);
INSERT INTO "Payment" ("id", "order_id", "status", "payment_type", "amount", "received_cash", "change", "created_at") VALUES ('bd66a877-d5c4-4795-96d6-f41c07873f00', 'e7a4704a-9ed1-485a-94cd-914387432a3d', 'completed', 'cash', 5000, 10000, 5000, 1768625732176);
INSERT INTO "Payment" ("id", "order_id", "status", "payment_type", "amount", "received_cash", "change", "created_at") VALUES ('ac526696-91a0-4735-b55d-2c147aca18e0', '89e31a79-115e-466b-ace3-c857ea515b7e', 'completed', 'cash', 4000, 5000, 1000, 1768625825078);
INSERT INTO "Payment" ("id", "order_id", "status", "payment_type", "amount", "received_cash", "change", "created_at") VALUES ('243de95a-b8a2-4064-9967-2afce35e3e59', '94cbb1de-f9e7-4c27-adc3-ba568ecd806e', 'completed', 'cash', 5000, 10000, 5000, 1768625862567);
INSERT INTO "Payment" ("id", "order_id", "status", "payment_type", "amount", "received_cash", "change", "created_at") VALUES ('9f5e6ee7-67bd-4d08-9ab1-8ec16649e27e', '32f78361-f429-4ae9-a1f7-ae619a55d061', 'completed', 'cash', 5000, 5000, NULL, 1768626480655);
INSERT INTO "Payment" ("id", "order_id", "status", "payment_type", "amount", "received_cash", "change", "created_at") VALUES ('7f564afd-6064-42c7-b212-4f6ab527a85b', 'b8d57964-3594-4dbd-b830-c3c6fbcdc3b7', 'completed', 'cash', 5000, 5000, NULL, 1768626829071);
INSERT INTO "Payment" ("id", "order_id", "status", "payment_type", "amount", "received_cash", "change", "created_at") VALUES ('9a50ea4d-187a-4d26-9975-b42ab425804c', 'b03e5113-dd3f-42ab-8eb0-4da7267eff1c', 'completed', 'cash', 5000, 5000, NULL, 1768627750612);
INSERT INTO "Payment" ("id", "order_id", "status", "payment_type", "amount", "received_cash", "change", "created_at") VALUES ('278fce2b-bc91-4a1b-898d-5eb1bded2ebe', '66537c99-9f74-4b32-9d0d-acd5432b8aec', 'completed', 'cash', 5000, 10000, 5000, 1768628307710);
INSERT INTO "Payment" ("id", "order_id", "status", "payment_type", "amount", "received_cash", "change", "created_at") VALUES ('8b3f27e6-0a25-4899-8ede-83290470d874', '060f02c4-f58c-45c2-925a-2820542d09ee', 'completed', 'cash', 5000, 5000, NULL, 1768630094458);
INSERT INTO "Payment" ("id", "order_id", "status", "payment_type", "amount", "received_cash", "change", "created_at") VALUES ('647fc28d-5dec-4603-acb3-3722c09ce25b', '594d99a4-5d99-4e2d-8e8a-8044bdbd6361', 'completed', 'cash', 19000, 50000, 31000, 1768646213347);
INSERT INTO "Payment" ("id", "order_id", "status", "payment_type", "amount", "received_cash", "change", "created_at") VALUES ('c8dabeac-410d-4023-b438-03b724459122', 'b95c7478-fc8b-4744-be34-b4c06deb9ea4', 'completed', 'cash', 9000, 10000, 1000, 1768646291076);
INSERT INTO "Payment" ("id", "order_id", "status", "payment_type", "amount", "received_cash", "change", "created_at") VALUES ('65a60d6f-9bf6-42bb-a1af-22a68bf223f6', '8442c7c0-8a33-4366-97fb-624572c259f4', 'completed', 'cash', 3500, 3500, NULL, 1768647178884);
INSERT INTO "Payment" ("id", "order_id", "status", "payment_type", "amount", "received_cash", "change", "created_at") VALUES ('12d96af0-eef3-4d2d-bbaf-d4d9ec8d0446', 'b24a6dfd-85d6-4f54-a422-78794c4165c6', 'completed', 'cash', 7000, 7000, NULL, 1768647254254);
INSERT INTO "Payment" ("id", "order_id", "status", "payment_type", "amount", "received_cash", "change", "created_at") VALUES ('67563247-6961-4f62-a98a-24592d716e0f', '3edd88da-e872-484b-a07c-cccd491e389c', 'completed', 'cash', 5500, 5500, NULL, 1768647288624);
INSERT INTO "Payment" ("id", "order_id", "status", "payment_type", "amount", "received_cash", "change", "created_at") VALUES ('73b8b954-6d9b-4734-9f80-1186f740f528', '50d14a67-2f30-4970-9cb2-d0bb358566c1', 'completed', 'cash', 13000, 13000, NULL, 1768648356143);
INSERT INTO "Payment" ("id", "order_id", "status", "payment_type", "amount", "received_cash", "change", "created_at") VALUES ('ae8f2945-78aa-43ec-a432-162cdf95dca0', 'd99a10c2-662a-4720-965b-61a1f704cbde', 'completed', 'cash', 11000, 11000, NULL, 1768649678030);
INSERT INTO "Payment" ("id", "order_id", "status", "payment_type", "amount", "received_cash", "change", "created_at") VALUES ('a0fd295f-09db-40a6-9334-ffa201a3f9bc', '9fc65993-9b48-4258-9701-43ef6ce3dfeb', 'completed', 'cash', 2500, 2500, NULL, 1768650738145);
INSERT INTO "Payment" ("id", "order_id", "status", "payment_type", "amount", "received_cash", "change", "created_at") VALUES ('dce3a481-3fb1-4679-998e-f08f6dbcba46', '5818b121-f8f9-4cfe-9a37-cce869e7c511', 'completed', 'cash', 11500, 11500, NULL, 1768653530701);
INSERT INTO "Payment" ("id", "order_id", "status", "payment_type", "amount", "received_cash", "change", "created_at") VALUES ('44f60270-e4fa-446c-9999-cc42162689a8', '6340d979-8f7d-4218-8f5c-a53326af2c14', 'completed', 'cash', 10500, 10500, NULL, 1768653566374);
INSERT INTO "Payment" ("id", "order_id", "status", "payment_type", "amount", "received_cash", "change", "created_at") VALUES ('b33289a4-b900-47d4-b8a2-a904fa87f7d6', '171c701e-fc73-4b1d-8948-43d6cc6094f3', 'completed', 'cash', 7000, 7000, NULL, 1768653633833);
INSERT INTO "Payment" ("id", "order_id", "status", "payment_type", "amount", "received_cash", "change", "created_at") VALUES ('f4a414c3-8d64-432d-8237-9ed7be608997', '6a40b1a1-9d68-4ccf-8ad6-c3bfb7b6b6bc', 'completed', 'cash', 21000, 21000, NULL, 1768653959353);
INSERT INTO "Payment" ("id", "order_id", "status", "payment_type", "amount", "received_cash", "change", "created_at") VALUES ('c8f69a6e-fee9-4465-8568-2a2bd4f6a9d6', '8b85f8a6-66fe-466d-bc0d-92603a4ae2d2', 'completed', 'cash', 11000, 11000, NULL, 1768653985899);
INSERT INTO "Payment" ("id", "order_id", "status", "payment_type", "amount", "received_cash", "change", "created_at") VALUES ('8070c0f7-c9e2-4282-8ab9-d3d5829983f8', '88c127ae-f86d-45de-8016-64571bc9a3c1', 'completed', 'cash', 6500, 6500, NULL, 1768654004403);
INSERT INTO "Payment" ("id", "order_id", "status", "payment_type", "amount", "received_cash", "change", "created_at") VALUES ('bd0fa748-7b86-4060-bb95-d20610e4191a', 'ead9b40a-bff5-477a-a3e8-9dadf9830af1', 'completed', 'cash', 15000, 15000, NULL, 1768654040990);
INSERT INTO "Payment" ("id", "order_id", "status", "payment_type", "amount", "received_cash", "change", "created_at") VALUES ('78a58438-c5ff-4661-bc54-c6cba75e9984', '8dbd67fc-aee0-4977-a131-3d0cc6fc3602', 'completed', 'cash', 10000, 10000, NULL, 1768654106533);
INSERT INTO "Payment" ("id", "order_id", "status", "payment_type", "amount", "received_cash", "change", "created_at") VALUES ('757258a5-e06f-4071-a929-f9b8fdbe5149', '7f11b302-60d9-45fe-8b48-f5e3f913edbd', 'completed', 'cash', 8000, 8000, NULL, 1768654125800);
INSERT INTO "Payment" ("id", "order_id", "status", "payment_type", "amount", "received_cash", "change", "created_at") VALUES ('f926bd45-659e-441b-923b-e53851f378b4', '940ef891-d4d3-40ef-9976-2a297a1dbba3', 'completed', 'cash', 14000, 20000, 6000, 1768654219674);
INSERT INTO "Payment" ("id", "order_id", "status", "payment_type", "amount", "received_cash", "change", "created_at") VALUES ('a6fa7d6e-b818-4eab-8bcd-c1dc528cc304', '9d4c3678-5378-4792-9448-fe6303df38ab', 'completed', 'cash', 27000, 27000, NULL, 1768695797962);
INSERT INTO "Payment" ("id", "order_id", "status", "payment_type", "amount", "received_cash", "change", "created_at") VALUES ('6840800a-2422-467c-8194-065b5615716e', 'a08413f1-7ece-438e-9519-dd8bd395171e', 'completed', 'cash', 9000, 9000, NULL, 1768696552375);
INSERT INTO "Payment" ("id", "order_id", "status", "payment_type", "amount", "received_cash", "change", "created_at") VALUES ('9900aa1d-3985-45a1-95d4-a0af8ec74ffb', '7e0b840f-4d83-45e8-9cb5-7e0e599f6897', 'completed', 'cash', 6000, 6000, NULL, 1768697324895);
INSERT INTO "Payment" ("id", "order_id", "status", "payment_type", "amount", "received_cash", "change", "created_at") VALUES ('0f27aec0-ab25-4855-9922-dbd9f190a8fd', 'be28a14f-5208-431f-9579-9ff3f189c528', 'completed', 'cash', 3500, 3500, NULL, 1768697458337);
INSERT INTO "Payment" ("id", "order_id", "status", "payment_type", "amount", "received_cash", "change", "created_at") VALUES ('4f175d53-e657-406c-956b-65ba3db245e4', '493006db-0cce-4f3a-aab1-41e2dd4218d1', 'completed', 'cash', 3500, 3500, NULL, 1768697549712);
INSERT INTO "Payment" ("id", "order_id", "status", "payment_type", "amount", "received_cash", "change", "created_at") VALUES ('08454111-9143-49b8-ae20-827aba2a4e62', '39472a76-8e14-4cfe-ad76-301ac79f2b82', 'completed', 'cash', 12000, 12000, NULL, 1768698070903);
INSERT INTO "Payment" ("id", "order_id", "status", "payment_type", "amount", "received_cash", "change", "created_at") VALUES ('24975ec4-38fb-43fc-8c98-f26e32aff895', '5c2968d4-e0eb-494f-a6a2-d789b2ab9288', 'completed', 'cash', 9000, 9000, NULL, 1768698598193);
INSERT INTO "Payment" ("id", "order_id", "status", "payment_type", "amount", "received_cash", "change", "created_at") VALUES ('86bd1d47-386f-4532-89c7-65b1031e15e3', 'b889d81b-b08a-4aae-9db5-152173ccc52b', 'completed', 'cash', 4000, 4000, NULL, 1768699352882);
INSERT INTO "Payment" ("id", "order_id", "status", "payment_type", "amount", "received_cash", "change", "created_at") VALUES ('ac2c06d3-5a46-4d69-adbe-b660d5c4c965', '7f588c31-82b0-4e22-913a-c63d135fbf3c', 'completed', 'cash', 4500, 4500, NULL, 1768699538330);
INSERT INTO "Payment" ("id", "order_id", "status", "payment_type", "amount", "received_cash", "change", "created_at") VALUES ('5a06690d-82bf-4b3c-bc1c-02a64366f9ee', '8888f6f3-8d8f-4013-b9d6-eae5e2cc7002', 'completed', 'cash', 5500, 5500, NULL, 1768701792634);
INSERT INTO "Payment" ("id", "order_id", "status", "payment_type", "amount", "received_cash", "change", "created_at") VALUES ('3dca3cf5-54df-4791-a941-3f200f608db4', '709361e8-2639-4b48-b900-2b6e57114eca', 'completed', 'cash', 4000, 4000, NULL, 1768701803032);
INSERT INTO "Payment" ("id", "order_id", "status", "payment_type", "amount", "received_cash", "change", "created_at") VALUES ('eb696383-2caa-4f5a-99f2-6e8d977eeff2', '117246fe-8051-439c-8185-ed1b58f0509c', 'completed', 'cash', 4500, 4500, NULL, 1768701812165);
INSERT INTO "Payment" ("id", "order_id", "status", "payment_type", "amount", "received_cash", "change", "created_at") VALUES ('b60e54ac-d762-4d53-b7a8-4226d5828cc7', 'b1491ff1-53a7-43df-8f21-5f0b5bcec34b', 'completed', 'cash', 10000, 10000, NULL, 1768701847420);
INSERT INTO "Payment" ("id", "order_id", "status", "payment_type", "amount", "received_cash", "change", "created_at") VALUES ('f1994161-bc00-497c-bebc-d5f6c5354091', '6bb45472-5dae-4808-8048-4009a8d16a94', 'completed', 'cash', 4500, 4500, NULL, 1768701861815);
INSERT INTO "Payment" ("id", "order_id", "status", "payment_type", "amount", "received_cash", "change", "created_at") VALUES ('b048dd95-b971-47f7-9212-389faed1937e', '69011c75-f2c6-4fe6-b93b-f86420fe2c67', 'completed', 'cash', 2500, 2500, NULL, 1768701876798);
INSERT INTO "Payment" ("id", "order_id", "status", "payment_type", "amount", "received_cash", "change", "created_at") VALUES ('6295deef-a5b2-4f7e-aabe-344b19329f08', 'ea06dc65-a3b3-4bf2-8a29-040fb6bb78af', 'completed', 'cash', 27000, 27000, NULL, 1768701988925);
INSERT INTO "Payment" ("id", "order_id", "status", "payment_type", "amount", "received_cash", "change", "created_at") VALUES ('df7fc7b5-8579-4174-adf0-1b7d41737c88', 'e33c7fcf-f6cb-40eb-9224-84cc584dc084', 'completed', 'cash', 9000, 9000, NULL, 1768701999988);
INSERT INTO "Payment" ("id", "order_id", "status", "payment_type", "amount", "received_cash", "change", "created_at") VALUES ('f3260e25-ae38-4483-9d52-c21bb95029de', '0ec06754-734b-4110-bbf0-12efa327bc3d', 'completed', 'cash', 6000, 6000, NULL, 1768702013184);
INSERT INTO "Payment" ("id", "order_id", "status", "payment_type", "amount", "received_cash", "change", "created_at") VALUES ('758d1a02-bf8c-478d-80d0-438dad162a74', '9333be57-c18a-4c36-a868-273488f36682', 'completed', 'cash', 3500, 3500, NULL, 1768702022729);
INSERT INTO "Payment" ("id", "order_id", "status", "payment_type", "amount", "received_cash", "change", "created_at") VALUES ('c1669691-e815-4487-bfd6-74f4f48ce86f', '755a7c72-5e39-4cea-befc-55bac92cba92', 'completed', 'cash', 3500, 3500, NULL, 1768702033085);
INSERT INTO "Payment" ("id", "order_id", "status", "payment_type", "amount", "received_cash", "change", "created_at") VALUES ('8de0fe4a-6f11-4fae-ae0a-0c9141815518', '44beeecf-7e75-4882-9e92-3cc012f0bd02', 'completed', 'cash', 12000, 12000, NULL, 1768702054203);
INSERT INTO "Payment" ("id", "order_id", "status", "payment_type", "amount", "received_cash", "change", "created_at") VALUES ('d4233d80-4bdd-4408-ae42-59627307fcb3', '20effe72-ad70-4d20-875f-e0bbadac885d', 'completed', 'cash', 9000, 9000, NULL, 1768702066359);
INSERT INTO "Payment" ("id", "order_id", "status", "payment_type", "amount", "received_cash", "change", "created_at") VALUES ('2f0dd90b-09a8-411d-a1b2-69352078efdd', '30d22c54-cfcb-425a-9ca4-37b222c77bc9', 'completed', 'cash', 4000, 4000, NULL, 1768702077065);
INSERT INTO "Payment" ("id", "order_id", "status", "payment_type", "amount", "received_cash", "change", "created_at") VALUES ('2564599b-f724-4e5b-8979-69754e743e21', '64aa3236-37e8-4934-8cf5-d2891c8ea395', 'completed', 'cash', 4500, 4500, NULL, 1768702088703);
INSERT INTO "Payment" ("id", "order_id", "status", "payment_type", "amount", "received_cash", "change", "created_at") VALUES ('bd49d5e0-1168-451a-96b3-942b87905869', '414c3b25-2aac-4566-8d3b-c79bd78923a0', 'completed', 'cash', 5500, 5500, NULL, 1768702121075);
INSERT INTO "Payment" ("id", "order_id", "status", "payment_type", "amount", "received_cash", "change", "created_at") VALUES ('cf892612-3d85-4703-afd0-0e30de933513', 'b8435405-a44a-4590-8d66-d4ee05379b85', 'completed', 'cash', 6000, 6000, NULL, 1768702432437);
INSERT INTO "Payment" ("id", "order_id", "status", "payment_type", "amount", "received_cash", "change", "created_at") VALUES ('6a2f053c-c048-4ead-b0ad-7ed1c0c8d539', '618999e9-1b4e-4a51-89a4-6c9b9fa150ab', 'completed', 'cash', 5500, 5500, NULL, 1768703124178);
INSERT INTO "Payment" ("id", "order_id", "status", "payment_type", "amount", "received_cash", "change", "created_at") VALUES ('956c5024-e158-40c9-b18f-d12350ee98df', '4178e2fe-920a-49df-9818-dd377a324a24', 'completed', 'cash', 8500, 8500, NULL, 1768703326956);
INSERT INTO "Payment" ("id", "order_id", "status", "payment_type", "amount", "received_cash", "change", "created_at") VALUES ('81afca5e-d1a2-4581-81d6-86e1af18084d', 'c05fe26b-debd-4a32-b508-dc5aecbd08e1', 'completed', 'cash', 4500, 4500, NULL, 1768703402596);
INSERT INTO "Payment" ("id", "order_id", "status", "payment_type", "amount", "received_cash", "change", "created_at") VALUES ('360258a4-2c99-4d89-860e-9bb1eeac4ea2', 'd3b1bd4b-aa29-49f8-914b-90a826210120', 'completed', 'cash', 10000, 10000, NULL, 1768704043501);
INSERT INTO "Payment" ("id", "order_id", "status", "payment_type", "amount", "received_cash", "change", "created_at") VALUES ('ccc25689-2888-41a6-a435-1613f3ef0b60', 'a249fa83-12a7-4ca4-8960-601389c2a066', 'completed', 'cash', 3500, 3500, NULL, 1768704243012);
INSERT INTO "Payment" ("id", "order_id", "status", "payment_type", "amount", "received_cash", "change", "created_at") VALUES ('ed3bab88-1fa9-446f-bdce-7eb7eb21a58b', '81b3eb5f-9fe5-4e08-82c0-e23b65b3b5bc', 'completed', 'cash', 3000, 3000, NULL, 1768704457667);
INSERT INTO "Payment" ("id", "order_id", "status", "payment_type", "amount", "received_cash", "change", "created_at") VALUES ('83bd42fb-92df-4eb7-9beb-772dd5d89106', 'b94ec17f-111a-4d01-a012-00da6fbd54b6', 'completed', 'cash', 5500, 5500, NULL, 1768704491530);
INSERT INTO "Payment" ("id", "order_id", "status", "payment_type", "amount", "received_cash", "change", "created_at") VALUES ('9b503d8f-c5e7-4e64-aab7-2c2c73a86b69', '18c98a8d-2dca-4661-9c39-0e77067ebebe', 'completed', 'cash', 7500, 7500, NULL, 1768705055021);
INSERT INTO "Payment" ("id", "order_id", "status", "payment_type", "amount", "received_cash", "change", "created_at") VALUES ('e0ee2d99-7536-4705-8cab-70c92f287f41', '41ee3ee4-9209-4f49-bab9-73cbd618dfa3', 'completed', 'cash', 7000, 7000, NULL, 1768705781201);
INSERT INTO "Payment" ("id", "order_id", "status", "payment_type", "amount", "received_cash", "change", "created_at") VALUES ('377c84ad-e961-4085-9f0e-a361265a667f', '0e9c3d78-091f-4614-8fca-5f1725eba11d', 'completed', 'cash', 6000, 6000, NULL, 1768706209410);
INSERT INTO "Payment" ("id", "order_id", "status", "payment_type", "amount", "received_cash", "change", "created_at") VALUES ('f4c7be92-3291-44db-9b70-3cf3b0a42312', 'fbef1962-07c2-44ab-9d52-9a08936a694b', 'completed', 'cash', 21500, 21500, NULL, 1768706832358);
INSERT INTO "Payment" ("id", "order_id", "status", "payment_type", "amount", "received_cash", "change", "created_at") VALUES ('fc5314e3-332e-4009-b91a-ab0a54020f25', '69584841-83ab-4abc-970d-2816ee857d5a', 'completed', 'cash', 8500, 8500, NULL, 1768707006760);
INSERT INTO "Payment" ("id", "order_id", "status", "payment_type", "amount", "received_cash", "change", "created_at") VALUES ('ea0ffff8-71a3-40f9-b7a4-903871237efa', 'cb06bf41-e81c-4919-a884-52ccfed688f6', 'completed', 'cash', 8000, 8000, NULL, 1768707775995);
INSERT INTO "Payment" ("id", "order_id", "status", "payment_type", "amount", "received_cash", "change", "created_at") VALUES ('a86a7279-7674-45ca-b059-e57076c970c2', 'b5e43e43-f38b-47fa-a993-a4ef548c2edd', 'completed', 'cash', 4500, 4500, NULL, 1768708252319);
INSERT INTO "Payment" ("id", "order_id", "status", "payment_type", "amount", "received_cash", "change", "created_at") VALUES ('8e49e819-84be-41d0-863e-b55c19583983', '190e3086-fe45-4a43-9f1c-b328c16516a1', 'completed', 'cash', 5500, 5500, NULL, 1768708421392);
INSERT INTO "Payment" ("id", "order_id", "status", "payment_type", "amount", "received_cash", "change", "created_at") VALUES ('daf4d655-bc55-4054-b06c-90a4700d2503', '2298dea6-7e2a-42cc-82fb-13dd2e35e2f4', 'completed', 'cash', 2500, 2500, NULL, 1768709430149);
INSERT INTO "Payment" ("id", "order_id", "status", "payment_type", "amount", "received_cash", "change", "created_at") VALUES ('79fdf0aa-eabe-42c6-aa8e-8118ad9426e0', '3bfc1acf-2880-4f02-8d9e-9afa2d97b27f', 'completed', 'cash', 15000, 15000, NULL, 1768709707564);
INSERT INTO "Payment" ("id", "order_id", "status", "payment_type", "amount", "received_cash", "change", "created_at") VALUES ('9046ef17-d840-4524-812f-14434465baf7', '5b683e84-63ad-41f0-b10d-04cb17c73a6d', 'completed', 'cash', 2500, 2500, NULL, 1768709935141);
INSERT INTO "Payment" ("id", "order_id", "status", "payment_type", "amount", "received_cash", "change", "created_at") VALUES ('4c5fcd87-8949-4a8d-8325-50e665f1e100', '28e1ad99-9848-4e5b-a436-0907e870f162', 'completed', 'cash', 4500, 4500, NULL, 1768710399837);
INSERT INTO "Payment" ("id", "order_id", "status", "payment_type", "amount", "received_cash", "change", "created_at") VALUES ('9d5ef4ee-a5e6-4031-8ae5-8d837b1cb41b', 'fec05568-aa65-4c4b-bf6c-f5bc40cc91c2', 'completed', 'cash', 6000, 6000, NULL, 1768710781566);
INSERT INTO "Payment" ("id", "order_id", "status", "payment_type", "amount", "received_cash", "change", "created_at") VALUES ('dbe9328b-dc01-4add-8467-9667e03e0a2a', '05cd87c9-3224-4019-b62d-de216ac2b7ae', 'completed', 'cash', 5500, 5500, NULL, 1768710808478);
INSERT INTO "Payment" ("id", "order_id", "status", "payment_type", "amount", "received_cash", "change", "created_at") VALUES ('2ac7f23d-3481-4056-b8d8-546fe27caa17', 'cf122a97-7384-4048-a065-47f2a7c4e23b', 'completed', 'cash', 9000, 9000, NULL, 1768710844054);
INSERT INTO "Payment" ("id", "order_id", "status", "payment_type", "amount", "received_cash", "change", "created_at") VALUES ('0b7d400e-0807-4433-b1b8-b0658f07dd73', '0fff550b-eaec-4345-9252-e23e7fbdad93', 'completed', 'cash', 6000, 6000, NULL, 1768711429306);
INSERT INTO "Payment" ("id", "order_id", "status", "payment_type", "amount", "received_cash", "change", "created_at") VALUES ('b4ef3bd2-b01d-4981-b279-e12128231c4f', '1601ea56-c2cb-4e14-8e3a-76b8a3fa9a43', 'completed', 'cash', 7000, 7000, NULL, 1768712463266);
INSERT INTO "Payment" ("id", "order_id", "status", "payment_type", "amount", "received_cash", "change", "created_at") VALUES ('230a4256-619b-4023-a80e-0deba28c3b99', '4814ed1a-fffe-4f99-b843-cd8a579eb620', 'completed', 'cash', 16500, 16500, NULL, 1768713191720);
INSERT INTO "Payment" ("id", "order_id", "status", "payment_type", "amount", "received_cash", "change", "created_at") VALUES ('da4af626-bb70-404d-b335-4cbeac627a7f', 'b9f3bff9-86b6-411e-a918-9c703b8d9dae', 'completed', 'cash', 5000, 5000, NULL, 1768713707207);
INSERT INTO "Payment" ("id", "order_id", "status", "payment_type", "amount", "received_cash", "change", "created_at") VALUES ('121889e6-8a2a-48e2-b3a7-adb97ebc8756', '5b125de2-503c-4e41-9b3e-53d0b5620fbd', 'completed', 'cash', 8000, 10000, 2000, 1768716795377);
INSERT INTO "Payment" ("id", "order_id", "status", "payment_type", "amount", "received_cash", "change", "created_at") VALUES ('584a51cc-c142-44e7-a5a2-280398991056', 'df7bf1e6-92d7-4827-8eb2-fcf15035f283', 'completed', 'cash', 2500, 5000, 2500, 1768717140708);
INSERT INTO "Payment" ("id", "order_id", "status", "payment_type", "amount", "received_cash", "change", "created_at") VALUES ('3be0716c-b461-4ead-86d9-26a05e21b3e4', 'ac1f77c9-20e3-4613-b3d7-c245d55df87f', 'completed', 'cash', 3000, 5000, 2000, 1768719693169);
INSERT INTO "Payment" ("id", "order_id", "status", "payment_type", "amount", "received_cash", "change", "created_at") VALUES ('d3087155-9d2d-48a9-8ed7-ad8807c8d728', '199cc7c2-575e-4e5e-91a1-0f2920b5ec48', 'completed', 'cash', 9000, 10000, 1000, 1768719818347);
INSERT INTO "Payment" ("id", "order_id", "status", "payment_type", "amount", "received_cash", "change", "created_at") VALUES ('22953c1a-6a5a-4f7e-a4e7-6b3756e8ed4d', '0de718f8-bfef-4ca1-b1e7-f11055a65237', 'completed', 'cash', 7000, 10000, 3000, 1768720214886);
INSERT INTO "Payment" ("id", "order_id", "status", "payment_type", "amount", "received_cash", "change", "created_at") VALUES ('63781694-88d8-4a46-af74-a1a5f0a979df', '092acc36-4708-4c05-a67c-fe694b89a923', 'completed', 'cash', 19000, 20000, 1000, 1768721256598);
INSERT INTO "Payment" ("id", "order_id", "status", "payment_type", "amount", "received_cash", "change", "created_at") VALUES ('bc0a6916-c3b1-4b80-954c-0509864936c6', 'b583407e-88af-4e3e-8e4d-14c12c794023', 'completed', 'cash', 4500, 5000, 500, 1768722362584);
INSERT INTO "Payment" ("id", "order_id", "status", "payment_type", "amount", "received_cash", "change", "created_at") VALUES ('39d708b7-7200-4115-9616-9c7b69a82d3d', '81c2e13f-28bb-4a33-949b-24425fde1f28', 'completed', 'cash', 30000, 50000, 20000, 1768722465216);
INSERT INTO "Payment" ("id", "order_id", "status", "payment_type", "amount", "received_cash", "change", "created_at") VALUES ('858c5ffe-2fd5-4365-b2be-c662059ddec7', 'bf4eac16-77ac-45f8-89fa-9ecb6362d2c6', 'completed', 'cash', 4500, 5000, 500, 1768722732950);
INSERT INTO "Payment" ("id", "order_id", "status", "payment_type", "amount", "received_cash", "change", "created_at") VALUES ('07a7e7df-a637-46dd-b5da-b9c4e0945b63', '3ee32ddc-f2bc-4956-95bd-1ed849912d86', 'completed', 'cash', 29500, 30000, 500, 1768723659235);
INSERT INTO "Payment" ("id", "order_id", "status", "payment_type", "amount", "received_cash", "change", "created_at") VALUES ('1d34567a-c3ff-4469-8ecd-d4ac9c9f7b83', 'ad6d3df3-f645-481f-9030-2c77acdd61e0', 'completed', 'cash', 3500, 5000, 1500, 1768724479267);
INSERT INTO "Payment" ("id", "order_id", "status", "payment_type", "amount", "received_cash", "change", "created_at") VALUES ('d483d25c-f424-49cd-b4b2-629148af4a77', 'c9612186-4a63-4f7b-8aa4-235f665f037b', 'completed', 'cash', 5500, 10000, 4500, 1768724623497);
INSERT INTO "Payment" ("id", "order_id", "status", "payment_type", "amount", "received_cash", "change", "created_at") VALUES ('0b612d27-c5e1-4ce3-adf0-abfa94cca30f', '890c74a9-d29a-40bc-a055-b4ac25ad46d5', 'completed', 'cash', 3000, 5000, 2000, 1768725492831);
INSERT INTO "Payment" ("id", "order_id", "status", "payment_type", "amount", "received_cash", "change", "created_at") VALUES ('0d356435-8883-4e4b-94c5-962e85c6dab1', '48ad1ff3-3cac-40e9-9321-6836c134108f', 'completed', 'cash', 9000, 10000, 1000, 1768726228975);
INSERT INTO "Payment" ("id", "order_id", "status", "payment_type", "amount", "received_cash", "change", "created_at") VALUES ('0e341726-97b7-4417-b3ae-fa73ed6367f4', 'd708e4c9-9823-47c0-9eb9-cbdeb442a221', 'completed', 'cash', 10500, 15000, 4500, 1768727176774);
INSERT INTO "Payment" ("id", "order_id", "status", "payment_type", "amount", "received_cash", "change", "created_at") VALUES ('d7ece075-1105-4a83-abee-5bb50643cd93', '0c550b6b-2f5d-4233-b99f-b3347e8e8cef', 'completed', 'cash', 5000, 5000, NULL, 1768729019747);
INSERT INTO "Payment" ("id", "order_id", "status", "payment_type", "amount", "received_cash", "change", "created_at") VALUES ('aa752251-72d8-4529-a459-f05b0862a601', '29bbb444-cdae-41f1-86d1-d58dff04cc75', 'completed', 'cash', 3500, 5000, 1500, 1768729122108);
INSERT INTO "Payment" ("id", "order_id", "status", "payment_type", "amount", "received_cash", "change", "created_at") VALUES ('de8cd6c8-3c76-44d5-9aed-9bf95e1fe223', '91744a8a-041b-43d1-9eba-aff202fa6c93', 'completed', 'cash', 7000, 10000, 3000, 1768730816576);
INSERT INTO "Payment" ("id", "order_id", "status", "payment_type", "amount", "received_cash", "change", "created_at") VALUES ('5a9bcb55-e708-4ef7-88f0-4ee045053f68', 'fe8d10a3-15a3-470a-b9b0-581fdd72ed13', 'completed', 'cash', 5500, 10000, 4500, 1768731899469);
INSERT INTO "Payment" ("id", "order_id", "status", "payment_type", "amount", "received_cash", "change", "created_at") VALUES ('07ad1b4c-198f-414e-8640-074c13b9f6f9', '734e1097-6736-4c9e-84fb-62e93eb5f080', 'completed', 'cash', 3500, 5000, 1500, 1768733812461);
INSERT INTO "Payment" ("id", "order_id", "status", "payment_type", "amount", "received_cash", "change", "created_at") VALUES ('f49d4d09-1d9d-42d1-b1f8-baea37f5f34e', 'dd9aa2ed-ac9b-46e4-a706-18b71ba6a70e', 'completed', 'cash', 21500, 50000, 28500, 1768735622039);
INSERT INTO "Payment" ("id", "order_id", "status", "payment_type", "amount", "received_cash", "change", "created_at") VALUES ('856f04db-f96b-4058-92c1-79040212321e', '46fecaba-a3f0-4d11-8280-13f7a0a55e83', 'completed', 'cash', 5500, 10000, 4500, 1768736110353);
INSERT INTO "Payment" ("id", "order_id", "status", "payment_type", "amount", "received_cash", "change", "created_at") VALUES ('b76f975f-6830-4a79-94c2-e0d051a311c3', '77c76c16-a7e9-43e7-bdb6-cd76b1fc9b29', 'completed', 'cash', 6500, 10000, 3500, 1768737458118);
INSERT INTO "Payment" ("id", "order_id", "status", "payment_type", "amount", "received_cash", "change", "created_at") VALUES ('bb63f606-f6a2-433c-8952-5727c04059f2', 'f97c8e41-e81d-46c7-8e19-0d8e5a74bfb0', 'completed', 'cash', 14500, 15000, 500, 1768780800129);
INSERT INTO "Payment" ("id", "order_id", "status", "payment_type", "amount", "received_cash", "change", "created_at") VALUES ('fcb430ff-0cc2-4a1d-8b36-a3a33791211b', '67b56b97-929b-4056-a7ba-3bc86d69c5fe', 'completed', 'cash', 10000, 10000, NULL, 1768780826691);
INSERT INTO "Payment" ("id", "order_id", "status", "payment_type", "amount", "received_cash", "change", "created_at") VALUES ('cfa4ea67-2367-4006-a852-014819ffb49f', '1688ec5f-f7a2-4bf5-a478-5e8b2fb4c9ec', 'completed', 'cash', 4500, 5000, 500, 1768781014163);
INSERT INTO "Payment" ("id", "order_id", "status", "payment_type", "amount", "received_cash", "change", "created_at") VALUES ('489d8854-2b2f-47fc-afa6-3a6d3cbf53db', '41ebc239-5fc1-4c6f-a434-51252bb3236b', 'completed', 'cash', 4500, 5000, 500, 1768781188258);
INSERT INTO "Payment" ("id", "order_id", "status", "payment_type", "amount", "received_cash", "change", "created_at") VALUES ('79de222d-6594-4674-aa38-1d1b0c220952', '80aab468-85f7-4743-8476-522c816595c6', 'completed', 'cash', 3500, 5000, 1500, 1768781368125);
INSERT INTO "Payment" ("id", "order_id", "status", "payment_type", "amount", "received_cash", "change", "created_at") VALUES ('7fbbab6a-a77d-484e-b339-00e49ac354ce', '0dbcce38-0bc6-4b06-becf-b895042b84ca', 'completed', 'cash', 3000, 5000, 2000, 1768781566546);
INSERT INTO "Payment" ("id", "order_id", "status", "payment_type", "amount", "received_cash", "change", "created_at") VALUES ('38f814d3-2f2c-4f50-b070-897f1066f966', 'fca85479-4e0a-4b2c-b54a-64b99fca21b0', 'completed', 'cash', 5000, 5000, NULL, 1768781703229);
INSERT INTO "Payment" ("id", "order_id", "status", "payment_type", "amount", "received_cash", "change", "created_at") VALUES ('d9928ed7-009b-49c5-9ccf-e7c481ace7f9', 'b9ec0060-6217-4034-b2db-e8e6e3011404', 'completed', 'cash', 8500, 10000, 1500, 1768781751065);
INSERT INTO "Payment" ("id", "order_id", "status", "payment_type", "amount", "received_cash", "change", "created_at") VALUES ('69067aa6-2e60-4318-a591-13f76b24f1fc', 'ff904457-a03b-49df-877b-070e36fc3c02', 'completed', 'cash', 4500, 5000, 500, 1768781766663);
INSERT INTO "Payment" ("id", "order_id", "status", "payment_type", "amount", "received_cash", "change", "created_at") VALUES ('d6e23a13-7bbf-4b86-b24f-a8b6bdffcaae', '0e0608c7-38b4-4d8b-93dd-c4a56e2c0225', 'completed', 'cash', 5500, 10000, 4500, 1768781883153);
INSERT INTO "Payment" ("id", "order_id", "status", "payment_type", "amount", "received_cash", "change", "created_at") VALUES ('273266e2-7ae2-4b6b-8f0c-a808bfd5fffe', '637fdddb-33c9-4f61-b00d-e4917c798123', 'completed', 'cash', 4500, 5000, 500, 1768781943870);
INSERT INTO "Payment" ("id", "order_id", "status", "payment_type", "amount", "received_cash", "change", "created_at") VALUES ('1c8a9ece-8171-46ff-8e69-fabfa60d0577', 'dad6d70f-90bc-4696-86de-eb1f3a7be933', 'completed', 'cash', 9000, 10000, 1000, 1768782699313);
INSERT INTO "Payment" ("id", "order_id", "status", "payment_type", "amount", "received_cash", "change", "created_at") VALUES ('f52b77b9-559f-40c2-8b91-b8381f89872a', '6bc8863f-be80-49ac-b3f2-91bcfd8ef441', 'completed', 'cash', 4500, 5000, 500, 1768782981920);
INSERT INTO "Payment" ("id", "order_id", "status", "payment_type", "amount", "received_cash", "change", "created_at") VALUES ('e7445248-7f84-4cee-8b94-e72bd650e84b', 'b3dff0bf-112d-4107-a8c6-e1f4adf09e8c', 'completed', 'cash', 3000, 5000, 2000, 1768783154884);
INSERT INTO "Payment" ("id", "order_id", "status", "payment_type", "amount", "received_cash", "change", "created_at") VALUES ('8c5599ae-4353-49d5-9348-046a8369fcac', '61a4283a-b770-4647-9f74-41b7d2a80f12', 'completed', 'cash', 3500, 5000, 1500, 1768783656162);
INSERT INTO "Payment" ("id", "order_id", "status", "payment_type", "amount", "received_cash", "change", "created_at") VALUES ('25165839-a25f-493b-9ab1-1c2b5f392299', '170238cc-4461-4339-9f82-b74e1e8ee274', 'completed', 'cash', 14000, 15000, 1000, 1768783931528);
INSERT INTO "Payment" ("id", "order_id", "status", "payment_type", "amount", "received_cash", "change", "created_at") VALUES ('cb345f83-1acc-455e-8dea-4ab9481de860', '5f78673d-5878-40c7-8765-f8b9e3d4ed6c', 'completed', 'cash', 3000, 5000, 2000, 1768785051218);
INSERT INTO "Payment" ("id", "order_id", "status", "payment_type", "amount", "received_cash", "change", "created_at") VALUES ('2f0b3878-09a5-4e77-82e6-d78a2760eb12', '9dbe6717-eaca-4206-a2a9-d7105595dfd7', 'completed', 'cash', 4500, 5000, 500, 1768785451252);
INSERT INTO "Payment" ("id", "order_id", "status", "payment_type", "amount", "received_cash", "change", "created_at") VALUES ('6e8bbecb-8fd8-48cd-a7fe-fa959d29d686', 'd8240529-ea6e-44fc-b49e-9b7b26390a51', 'completed', 'cash', 4000, 5000, 1000, 1768785859043);
INSERT INTO "Payment" ("id", "order_id", "status", "payment_type", "amount", "received_cash", "change", "created_at") VALUES ('31cac019-151a-4370-9b98-16c303182f62', 'ec6c97ea-5bd8-4331-b988-bb0ed261b8bf', 'completed', 'cash', 9000, 10000, 1000, 1768787007451);
INSERT INTO "Payment" ("id", "order_id", "status", "payment_type", "amount", "received_cash", "change", "created_at") VALUES ('2ad603e5-572a-4180-a4dc-8823ce33e3ba', '5ece0684-df02-4c9b-88d7-90b570311099', 'completed', 'cash', 9000, 10000, 1000, 1768787028990);
INSERT INTO "Payment" ("id", "order_id", "status", "payment_type", "amount", "received_cash", "change", "created_at") VALUES ('5445a605-2ef2-4611-9358-c67a4062d8c7', 'dce8f135-679d-44ae-bb83-0165c8217365', 'completed', 'cash', 7000, 10000, 3000, 1768787134215);
INSERT INTO "Payment" ("id", "order_id", "status", "payment_type", "amount", "received_cash", "change", "created_at") VALUES ('47e4f4f4-2fa5-4d63-812c-62050b555f77', '635b8a59-2033-464c-ab37-d992e7e9b252', 'completed', 'cash', 3000, 5000, 2000, 1768787492052);
INSERT INTO "Payment" ("id", "order_id", "status", "payment_type", "amount", "received_cash", "change", "created_at") VALUES ('7dd8bb33-3263-422b-9bae-347f6c9cf676', 'e324caa6-613c-4920-9578-c095e2078a3a', 'completed', 'cash', 4500, 5000, 500, 1768787748393);
INSERT INTO "Payment" ("id", "order_id", "status", "payment_type", "amount", "received_cash", "change", "created_at") VALUES ('e5cb9b28-2dca-4d96-a4b6-edd28583c350', 'b75722d1-cf1e-4008-8ed8-aaf6889cdff6', 'completed', 'cash', 8000, 10000, 2000, 1768788163036);
INSERT INTO "Payment" ("id", "order_id", "status", "payment_type", "amount", "received_cash", "change", "created_at") VALUES ('8c60744b-85c8-4b63-928d-52f5405c5975', '28626b8a-8723-4a6b-9198-a9618a551e7f', 'completed', 'cash', 4500, 5000, 500, 1768788651339);
INSERT INTO "Payment" ("id", "order_id", "status", "payment_type", "amount", "received_cash", "change", "created_at") VALUES ('bde11830-bb25-4f06-a959-2ff8c42c4c1b', 'f5bf6bd7-e2c2-4653-aad7-92725d242cf3', 'completed', 'cash', 4000, 5000, 1000, 1768789703674);
INSERT INTO "Payment" ("id", "order_id", "status", "payment_type", "amount", "received_cash", "change", "created_at") VALUES ('ba635fb9-789d-4972-bd32-23327223f408', 'c31b1899-43ab-4f10-9877-4824ef25ee22', 'completed', 'cash', 5500, 5500, NULL, 1768790507825);
INSERT INTO "Payment" ("id", "order_id", "status", "payment_type", "amount", "received_cash", "change", "created_at") VALUES ('f8b33679-5248-484b-9d76-ab665ac51402', '51f223ee-a3b4-49f8-bc79-8549b848c124', 'completed', 'cash', 8500, 10000, 1500, 1768791326853);
INSERT INTO "Payment" ("id", "order_id", "status", "payment_type", "amount", "received_cash", "change", "created_at") VALUES ('88eb5c57-3e4e-4c93-9db7-ac7d2986c00c', 'c3d3ce3d-68a2-416c-b90e-a22f8890f4f9', 'completed', 'cash', 4500, 4500, NULL, 1768792494976);
INSERT INTO "Payment" ("id", "order_id", "status", "payment_type", "amount", "received_cash", "change", "created_at") VALUES ('4d6216b0-6511-478a-ad0a-480e2f0c2a2e', '6270b7b4-ac3f-4e00-b09d-acd33119050a', 'completed', 'cash', 5500, 5500, NULL, 1768792524851);
INSERT INTO "Payment" ("id", "order_id", "status", "payment_type", "amount", "received_cash", "change", "created_at") VALUES ('19029dee-4e1c-4877-90c8-984639a768d8', 'bf21f4be-5860-4a10-9386-af4f9eb1e317', 'completed', 'cash', 5500, 5500, NULL, 1768792541681);
INSERT INTO "Payment" ("id", "order_id", "status", "payment_type", "amount", "received_cash", "change", "created_at") VALUES ('0d722a68-d116-4e5a-9c0a-be7e0d5955dd', 'dc65a985-60f4-4362-8111-5c31ae78b6a7', 'completed', 'cash', 2500, 5000, 2500, 1768792770484);
INSERT INTO "Payment" ("id", "order_id", "status", "payment_type", "amount", "received_cash", "change", "created_at") VALUES ('92fd5398-4b9e-4b52-a9dd-d5ba415b0a6a', '66f094e5-33a1-4b6b-a4ce-da9086bbff61', 'completed', 'cash', 4500, 5000, 500, 1768794166483);
INSERT INTO "Payment" ("id", "order_id", "status", "payment_type", "amount", "received_cash", "change", "created_at") VALUES ('56a2d59c-e015-48aa-9d1e-e53b722f47f8', '46e0d6db-7c80-4028-b408-f9baf6bd0efa', 'completed', 'cash', 3500, 5000, 1500, 1768794959313);
INSERT INTO "Payment" ("id", "order_id", "status", "payment_type", "amount", "received_cash", "change", "created_at") VALUES ('6cfc4dcb-8bba-4a96-98e8-3bba35e56911', '616577d9-31ff-4ebe-b5d8-ffaa23c93c23', 'completed', 'cash', 5500, 10000, 4500, 1768795326179);
INSERT INTO "Payment" ("id", "order_id", "status", "payment_type", "amount", "received_cash", "change", "created_at") VALUES ('9fc1ead9-bdc5-4125-9d22-181d9919c6b2', '824c0e5e-885c-4442-96db-5be9aed85983', 'completed', 'cash', 4500, 5000, 500, 1768795702536);
INSERT INTO "Payment" ("id", "order_id", "status", "payment_type", "amount", "received_cash", "change", "created_at") VALUES ('f64e4a81-b5ff-4dfa-b396-b00179055721', '71341d32-4d34-4153-b448-1e3fc2c95f53', 'completed', 'cash', 6000, 6000, NULL, 1768799298726);
INSERT INTO "Payment" ("id", "order_id", "status", "payment_type", "amount", "received_cash", "change", "created_at") VALUES ('ce0e7a5a-f78e-4c0d-b6d7-11e85d849cd9', '1cd45eec-6514-4f9d-b71a-e5af561635d2', 'completed', 'cash', 37000, 50000, 13000, 1768802033341);
INSERT INTO "Payment" ("id", "order_id", "status", "payment_type", "amount", "received_cash", "change", "created_at") VALUES ('aade5e96-84f1-461f-8984-4980e0a3b9c6', '47eb7dff-600d-4c82-8abb-7025548adfb1', 'completed', 'cash', 3000, 3000, NULL, 1768802388758);
INSERT INTO "Payment" ("id", "order_id", "status", "payment_type", "amount", "received_cash", "change", "created_at") VALUES ('b3e8fae8-fab0-40da-b0ca-88bc0c42da27', '9f9eae02-d99f-4c63-bd66-07c2f577bd76', 'completed', 'cash', 7000, 7000, NULL, 1768802880986);
INSERT INTO "Payment" ("id", "order_id", "status", "payment_type", "amount", "received_cash", "change", "created_at") VALUES ('1ec27441-8823-4e23-8b71-8b2fa310714d', 'b8162d27-7320-4e25-8d02-e61a9a613eb8', 'completed', 'cash', 21000, 21000, NULL, 1768805696029);
INSERT INTO "Payment" ("id", "order_id", "status", "payment_type", "amount", "received_cash", "change", "created_at") VALUES ('544b2efc-a106-4186-a094-c7112f677eec', '300316fb-5d63-416f-98ef-3a44111318bc', 'completed', 'cash', 27000, 27000, NULL, 1768805717770);
INSERT INTO "Payment" ("id", "order_id", "status", "payment_type", "amount", "received_cash", "change", "created_at") VALUES ('4dc1619b-4271-4d31-bf89-ddea24666e41', '20344728-15be-402b-876b-966c79371cbc', 'completed', 'cash', 10500, 10500, NULL, 1768805747755);
INSERT INTO "Payment" ("id", "order_id", "status", "payment_type", "amount", "received_cash", "change", "created_at") VALUES ('149a00d2-0c23-4a26-b2bd-6813a9da7d69', 'cf5382f7-e00a-464d-970e-56c8272a3480', 'completed', 'cash', 9000, 9000, NULL, 1768805768407);
INSERT INTO "Payment" ("id", "order_id", "status", "payment_type", "amount", "received_cash", "change", "created_at") VALUES ('d91b8da2-9113-42f1-ace5-ce1af5b101d0', 'bf35f38c-078f-43f0-b496-c0ade4f26ccf', 'completed', 'cash', 5500, 5500, NULL, 1768807087183);
INSERT INTO "Payment" ("id", "order_id", "status", "payment_type", "amount", "received_cash", "change", "created_at") VALUES ('02ee25bb-415a-4519-acc2-848786b866d5', '13252ce7-2cdf-4a16-a278-55dcc390fecc', 'completed', 'cash', 6500, 6500, NULL, 1768808492681);
INSERT INTO "Payment" ("id", "order_id", "status", "payment_type", "amount", "received_cash", "change", "created_at") VALUES ('c36d65a6-053a-4729-ad18-798c929d3617', '296f2d0c-fc15-4a40-8e33-700512e628ea', 'completed', 'cash', 7000, 7000, NULL, 1768808657843);
INSERT INTO "Payment" ("id", "order_id", "status", "payment_type", "amount", "received_cash", "change", "created_at") VALUES ('862e89b7-64af-4f6f-b056-f03b7d912e99', 'f39908d3-8160-4bd3-a80b-48c21e1326b3', 'completed', 'cash', 10000, 10000, NULL, 1768809496400);
INSERT INTO "Payment" ("id", "order_id", "status", "payment_type", "amount", "received_cash", "change", "created_at") VALUES ('3970ffb5-258d-457d-8089-982a41d229a8', '3fe75960-f3b6-4916-94c1-3b743c11a435', 'completed', 'cash', 3000, 3000, NULL, 1768809889219);
INSERT INTO "Payment" ("id", "order_id", "status", "payment_type", "amount", "received_cash", "change", "created_at") VALUES ('81b589c2-5b4e-4f90-92dd-6cbe50c963e6', 'd26951cf-9b37-441e-a5bb-4a1273e2835e', 'completed', 'cash', 14000, 14000, NULL, 1768810313772);
INSERT INTO "Payment" ("id", "order_id", "status", "payment_type", "amount", "received_cash", "change", "created_at") VALUES ('0dd40c05-f88e-47fa-b9a7-26f83e9900a3', 'b92f9f23-42cf-4166-a0d4-9b33223a67d1', 'completed', 'cash', 14500, 40000, 25500, 1768810592172);
INSERT INTO "Payment" ("id", "order_id", "status", "payment_type", "amount", "received_cash", "change", "created_at") VALUES ('f255fedd-8a30-44ea-a6df-08b3f38f451b', 'c678ea3d-7b21-43b5-857a-95c7f0e0362d', 'completed', 'cash', 12500, 12500, NULL, 1768813158203);
INSERT INTO "Payment" ("id", "order_id", "status", "payment_type", "amount", "received_cash", "change", "created_at") VALUES ('4a0af115-2b1b-4ffb-9947-de64aaed0d4f', '787bb593-b9de-4345-a542-2d012244305f', 'completed', 'cash', 3500, 3500, NULL, 1768816979763);
INSERT INTO "Payment" ("id", "order_id", "status", "payment_type", "amount", "received_cash", "change", "created_at") VALUES ('e79d0173-d971-4dee-9608-eab97232d467', 'eacac6d1-c5d0-4395-b853-1f3e23e6c8dd', 'completed', 'cash', 3500, 3500, NULL, 1768817203723);
INSERT INTO "Payment" ("id", "order_id", "status", "payment_type", "amount", "received_cash", "change", "created_at") VALUES ('bc624065-5999-472d-a25d-60ba20abbaa0', 'f087551c-21ec-450b-bdb1-41c05c3edacd', 'completed', 'cash', 2500, 2500, NULL, 1768817218120);
INSERT INTO "Payment" ("id", "order_id", "status", "payment_type", "amount", "received_cash", "change", "created_at") VALUES ('64c849d5-6918-48ba-bf93-6c4680ef9122', '1a71292a-0971-4028-b791-329622a91e0f', 'completed', 'cash', 3500, 3500, NULL, 1768817500907);
INSERT INTO "Payment" ("id", "order_id", "status", "payment_type", "amount", "received_cash", "change", "created_at") VALUES ('bd3c9dda-29f4-4f3a-be72-0db0ecd19cc2', 'ca40c65b-eb20-49ab-9a57-8419aba92d06', 'completed', 'cash', 5500, 5500, NULL, 1768821555680);
INSERT INTO "Payment" ("id", "order_id", "status", "payment_type", "amount", "received_cash", "change", "created_at") VALUES ('782b7d70-67ee-4fd9-853b-9b0294745ed1', 'e4b75656-44eb-4086-85be-9ba3f80d4660', 'completed', 'cash', 7000, 7000, NULL, 1768825137443);
INSERT INTO "Payment" ("id", "order_id", "status", "payment_type", "amount", "received_cash", "change", "created_at") VALUES ('da5e5d22-d6a8-4755-bd69-24b61de2f967', '4e501717-d10a-4329-b309-0b5f7ae2b007', 'completed', 'cash', 7000, 7000, NULL, 1768825771333);
INSERT INTO "Payment" ("id", "order_id", "status", "payment_type", "amount", "received_cash", "change", "created_at") VALUES ('daef903a-b1be-4444-96db-5eb00370dfae', '6b390856-c085-4652-866c-5a1a7f0e47e8', 'completed', 'cash', 3500, 5000, 1500, 1768867180206);
INSERT INTO "Payment" ("id", "order_id", "status", "payment_type", "amount", "received_cash", "change", "created_at") VALUES ('47b57b89-4812-41a9-8c92-23443cb1f9bd', '29fc6c1e-704f-4ccd-ae0a-595db2726507', 'completed', 'cash', 9000, 10000, 1000, 1768867603395);
INSERT INTO "Payment" ("id", "order_id", "status", "payment_type", "amount", "received_cash", "change", "created_at") VALUES ('2da897c7-fbb8-481e-ba74-fc3559ebd702', '89807731-3f18-461b-ba40-3ea530de63b0', 'completed', 'cash', 3000, 5000, 2000, 1768868047370);
INSERT INTO "Payment" ("id", "order_id", "status", "payment_type", "amount", "received_cash", "change", "created_at") VALUES ('77d9ac2e-921f-4ef6-b3ef-860c47fb9703', '115a69a8-5c46-4cc9-ac90-02b1610d24a9', 'completed', 'cash', 8500, 10000, 1500, 1768868079197);
INSERT INTO "Payment" ("id", "order_id", "status", "payment_type", "amount", "received_cash", "change", "created_at") VALUES ('f8be5b70-7cd6-4f80-b480-2233eaf27d5b', '588af014-b2e8-4fee-9ae4-203e47215393', 'completed', 'cash', 3000, 5000, 2000, 1768868229215);
INSERT INTO "Payment" ("id", "order_id", "status", "payment_type", "amount", "received_cash", "change", "created_at") VALUES ('2a96eb21-e97a-4f82-b831-a9ff925747db', '82e394d5-9b1a-4bc2-9a2e-165ebabd0ee3', 'completed', 'cash', 4500, 5000, 500, 1768868989280);
INSERT INTO "Payment" ("id", "order_id", "status", "payment_type", "amount", "received_cash", "change", "created_at") VALUES ('8958d3bc-eabf-4d3b-8bb9-cb4f836cd0e3', 'eb56b814-6ac9-415b-bfc2-0ff4d3af875b', 'completed', 'cash', 15000, 20000, 5000, 1768869852217);
INSERT INTO "Payment" ("id", "order_id", "status", "payment_type", "amount", "received_cash", "change", "created_at") VALUES ('4a2bfeb3-6faf-493f-8e8d-cbf14706a305', 'd1416a5c-35c9-4bdd-8850-3a309c34fa94', 'completed', 'cash', 10000, 10000, NULL, 1768870279196);
INSERT INTO "Payment" ("id", "order_id", "status", "payment_type", "amount", "received_cash", "change", "created_at") VALUES ('d98352c1-1946-4ccc-b59a-467269004760', '3eb68017-c18c-4a90-a65d-b6a5363832e7', 'completed', 'cash', 5000, 5000, NULL, 1768870607320);
INSERT INTO "Payment" ("id", "order_id", "status", "payment_type", "amount", "received_cash", "change", "created_at") VALUES ('c010acc7-0d11-4141-8352-457446108ea2', '3a105a08-835b-401f-865d-1c95ae252ec5', 'completed', 'cash', 2500, 5000, 2500, 1768870674404);
INSERT INTO "Payment" ("id", "order_id", "status", "payment_type", "amount", "received_cash", "change", "created_at") VALUES ('b98cf3d9-8096-4e0c-894d-37a3c55a8b65', '5c9001cc-06a8-47bf-afc9-812905d6260e', 'completed', 'cash', 5000, 5000, NULL, 1768870801923);
INSERT INTO "Payment" ("id", "order_id", "status", "payment_type", "amount", "received_cash", "change", "created_at") VALUES ('11e45f08-3c36-47cd-8992-c0df3ad816b4', 'bca8e3b7-4db4-4604-b08d-9345ca174688', 'completed', 'cash', 4500, 5000, 500, 1768870815396);
INSERT INTO "Payment" ("id", "order_id", "status", "payment_type", "amount", "received_cash", "change", "created_at") VALUES ('fc6f917d-f5ee-42fb-8743-7faf60a708e1', 'b3d999a0-5470-4d61-976f-f1fb2f65e49c', 'completed', 'cash', 14500, 15000, 500, 1768871480869);
INSERT INTO "Payment" ("id", "order_id", "status", "payment_type", "amount", "received_cash", "change", "created_at") VALUES ('1744df86-cc99-4c8c-bcb6-cfb708d13d71', '47576397-bddc-4897-8b6f-db14b092a9e6', 'completed', 'cash', 4500, 5000, 500, 1768872309438);
INSERT INTO "Payment" ("id", "order_id", "status", "payment_type", "amount", "received_cash", "change", "created_at") VALUES ('1831c250-0aeb-4993-8234-a19994b86a9d', 'ef6082cf-f660-4da9-aad2-e02ea06e946c', 'completed', 'cash', 13500, 15000, 1500, 1768872746351);
INSERT INTO "Payment" ("id", "order_id", "status", "payment_type", "amount", "received_cash", "change", "created_at") VALUES ('4126b951-fab5-4ae3-9eb4-3bf4b26a070e', '7956d2eb-38e3-4fa9-8ef2-886ecf426d5e', 'completed', 'cash', 14000, 15000, 1000, 1768872791713);
INSERT INTO "Payment" ("id", "order_id", "status", "payment_type", "amount", "received_cash", "change", "created_at") VALUES ('25b77016-5d49-4716-bb13-02c8a932a4d2', '33957651-968a-497c-8e47-c673aa271516', 'completed', 'cash', 3000, 5000, 2000, 1768873059144);
INSERT INTO "Payment" ("id", "order_id", "status", "payment_type", "amount", "received_cash", "change", "created_at") VALUES ('9c967f7f-b031-4b8e-b45c-c74a8a104865', 'd47b6163-cec3-4cf7-939b-f92160e4cfdb', 'completed', 'cash', 13500, 15000, 1500, 1768873681226);
INSERT INTO "Payment" ("id", "order_id", "status", "payment_type", "amount", "received_cash", "change", "created_at") VALUES ('a650a428-03ff-4e10-b4ff-fff504d660d5', '5063ee73-5fcf-47c4-97f8-0f6bcd765300', 'completed', 'cash', 4500, 5000, 500, 1768873811837);
INSERT INTO "Payment" ("id", "order_id", "status", "payment_type", "amount", "received_cash", "change", "created_at") VALUES ('c4d3fec8-bc4d-4702-b0a4-2a19f1564909', 'a67bd161-164b-414f-999a-571dfa8b099e', 'completed', 'cash', 4500, 5000, 500, 1768873996307);
INSERT INTO "Payment" ("id", "order_id", "status", "payment_type", "amount", "received_cash", "change", "created_at") VALUES ('e46dafc7-24a4-4551-af7c-b55f35fccae1', '473ce9b2-1550-4531-872c-e967df08d576', 'completed', 'cash', 14500, 20000, 5500, 1768874653330);
INSERT INTO "Payment" ("id", "order_id", "status", "payment_type", "amount", "received_cash", "change", "created_at") VALUES ('efff7ea2-76a5-40ee-8384-25014de12b2d', '59d4830a-74db-4d2c-8b8c-58a02333cf9a', 'completed', 'cash', 4500, 4500, NULL, 1768875016494);
INSERT INTO "Payment" ("id", "order_id", "status", "payment_type", "amount", "received_cash", "change", "created_at") VALUES ('6c5362fb-8599-49da-b5cf-e89ee173d797', '8170c4f6-f8fb-4d66-aa5e-c83752c3c527', 'completed', 'cash', 4000, 4000, NULL, 1768875327234);
INSERT INTO "Payment" ("id", "order_id", "status", "payment_type", "amount", "received_cash", "change", "created_at") VALUES ('2c51dbb0-7be3-4e5f-a0fa-142c76ed125d', '40736937-b928-415a-828d-e7bbca98a728', 'completed', 'cash', 5500, 5500, NULL, 1768875744483);
INSERT INTO "Payment" ("id", "order_id", "status", "payment_type", "amount", "received_cash", "change", "created_at") VALUES ('9181595e-8c30-4985-ac5a-14483fc32766', '1a1d2c1f-2b52-41db-9ddf-e71f852b80e2', 'completed', 'cash', 3500, 5000, 1500, 1768877400697);
INSERT INTO "Payment" ("id", "order_id", "status", "payment_type", "amount", "received_cash", "change", "created_at") VALUES ('2b77b941-d864-4a20-b9b8-034873b395f7', '2932282b-d617-45fe-a9fb-6c86914eb14e', 'completed', 'cash', 4500, 5000, 500, 1768877795028);
INSERT INTO "Payment" ("id", "order_id", "status", "payment_type", "amount", "received_cash", "change", "created_at") VALUES ('057ba71f-efef-4647-b5d5-a7cecc2f65ba', '72952850-f583-43ef-9f57-412a7ad0cebc', 'completed', 'cash', 4500, 5000, 500, 1768879901825);
INSERT INTO "Payment" ("id", "order_id", "status", "payment_type", "amount", "received_cash", "change", "created_at") VALUES ('bc66672d-d383-40d1-bcf0-4cf7b4dc9532', '107557f6-434e-42da-ae56-52b69b090f0d', 'completed', 'cash', 3000, 5000, 2000, 1768879920068);
INSERT INTO "Payment" ("id", "order_id", "status", "payment_type", "amount", "received_cash", "change", "created_at") VALUES ('72a757f3-5a2f-481f-86d8-8b550705a1ec', 'e341cc8b-8cc2-406c-8608-2e9c55325b73', 'completed', 'cash', 4500, 5000, 500, 1768880186643);
INSERT INTO "Payment" ("id", "order_id", "status", "payment_type", "amount", "received_cash", "change", "created_at") VALUES ('a596ba43-da6f-4952-b26a-d2d74d56b505', 'fed966f8-fa04-4813-a8b2-17d68de481e1', 'completed', 'cash', 5500, 10000, 4500, 1768880472837);
INSERT INTO "Payment" ("id", "order_id", "status", "payment_type", "amount", "received_cash", "change", "created_at") VALUES ('14eb5350-2f52-4807-afde-4bbde5ca83f2', 'a63ffb6c-a0e3-4841-9a3e-0522b95a6be3', 'completed', 'cash', 3500, 5000, 1500, 1768882599730);
INSERT INTO "Payment" ("id", "order_id", "status", "payment_type", "amount", "received_cash", "change", "created_at") VALUES ('a0b746bd-32df-4298-b211-90df700f566c', '8adc2f14-0b1a-4a01-8d19-ef89119b33d1', 'completed', 'cash', 13000, 15000, 2000, 1768882667964);
INSERT INTO "Payment" ("id", "order_id", "status", "payment_type", "amount", "received_cash", "change", "created_at") VALUES ('13552390-a9c6-47b9-b989-98e235f57164', 'c20f9225-ad09-4a8c-8162-5da3451ee60e', 'completed', 'cash', 8500, 10000, 1500, 1768883014004);
INSERT INTO "Payment" ("id", "order_id", "status", "payment_type", "amount", "received_cash", "change", "created_at") VALUES ('183df171-dd7a-4e33-8edc-9dcfcaec535c', '23145eb3-9d5e-4f38-b1aa-e0f66b60ae5d', 'completed', 'cash', 7000, 10000, 3000, 1768883289431);
INSERT INTO "Payment" ("id", "order_id", "status", "payment_type", "amount", "received_cash", "change", "created_at") VALUES ('87b44310-2f3b-4aa1-814f-278695db72cc', '3dead2b5-5c0d-460d-ad7f-b9181eb5f775', 'completed', 'cash', 2500, 5000, 2500, 1768883310983);
INSERT INTO "Payment" ("id", "order_id", "status", "payment_type", "amount", "received_cash", "change", "created_at") VALUES ('f17872e1-0250-4caa-9db8-17fc189e438b', '69476f8f-e696-4668-9db9-7384ed771b2f', 'completed', 'cash', 6000, 10000, 4000, 1768883505482);
INSERT INTO "Payment" ("id", "order_id", "status", "payment_type", "amount", "received_cash", "change", "created_at") VALUES ('966d6c76-4b79-488d-a5e8-e586603b272b', '2a663984-e510-4bb2-9c5c-807fc967f28f', 'completed', 'cash', 16500, 16500, NULL, 1768885755679);
INSERT INTO "Payment" ("id", "order_id", "status", "payment_type", "amount", "received_cash", "change", "created_at") VALUES ('428a030a-216e-4308-bae9-7d774ea10dec', '2903502f-f8e1-4830-8479-774582be4ef0', 'completed', 'cash', 14000, 14000, NULL, 1768886011201);
INSERT INTO "Payment" ("id", "order_id", "status", "payment_type", "amount", "received_cash", "change", "created_at") VALUES ('fa262235-6662-4068-8b89-e13cb2661f2e', 'fe0dbae6-e5c3-4cb9-a157-4bcee0bc030b', 'completed', 'cash', 4500, 4500, NULL, 1768886553287);
INSERT INTO "Payment" ("id", "order_id", "status", "payment_type", "amount", "received_cash", "change", "created_at") VALUES ('93cdea5b-63c0-4124-8ef8-85913b54d12e', '129a3e2f-1274-43a6-a767-84e7d6406062', 'completed', 'cash', 7500, 7500, NULL, 1768889597968);
INSERT INTO "Payment" ("id", "order_id", "status", "payment_type", "amount", "received_cash", "change", "created_at") VALUES ('33974f2e-11db-4813-a811-aedafb5c6951', '229193c4-a6cd-4dd0-9ce4-39c2631a6cd9', 'completed', 'cash', 14000, 14000, NULL, 1768889815671);
INSERT INTO "Payment" ("id", "order_id", "status", "payment_type", "amount", "received_cash", "change", "created_at") VALUES ('11486b58-2974-426a-8439-9ea99b95deec', '3e47b209-4bba-47cb-b690-279f6cc63943', 'completed', 'cash', 13500, 13500, NULL, 1768889975215);
INSERT INTO "Payment" ("id", "order_id", "status", "payment_type", "amount", "received_cash", "change", "created_at") VALUES ('3640ad05-815b-426b-b3cf-35e038083df2', '7d708e4b-0644-4e24-bfca-89b227046ca0', 'completed', 'cash', 5000, 5000, NULL, 1768890073675);
INSERT INTO "Payment" ("id", "order_id", "status", "payment_type", "amount", "received_cash", "change", "created_at") VALUES ('2085eb61-e222-49b0-8845-6f8d3d129879', 'b7b27730-df11-4a85-abad-1aa412bdc9be', 'completed', 'cash', 5500, 5500, NULL, 1768891377197);
INSERT INTO "Payment" ("id", "order_id", "status", "payment_type", "amount", "received_cash", "change", "created_at") VALUES ('7145ea9c-02ad-4e86-a782-95f0674c5d18', '1e0189db-a0ab-414e-8226-ca65316bd439', 'completed', 'cash', 21500, 25000, 3500, 1768891671788);
INSERT INTO "Payment" ("id", "order_id", "status", "payment_type", "amount", "received_cash", "change", "created_at") VALUES ('474dec62-3b9d-4a72-b99d-24fa6c2d6dfe', '2c1dbd2c-9b42-4437-991e-9c6c23e0cd90', 'completed', 'cash', 7000, 7000, NULL, 1768892327543);
INSERT INTO "Payment" ("id", "order_id", "status", "payment_type", "amount", "received_cash", "change", "created_at") VALUES ('2f2ee0bc-e7d6-4fde-9f94-c47aa294043c', 'cc467079-cd8e-4f63-96cf-4492c238de9f', 'completed', 'cash', 5500, 5500, NULL, 1768892793625);
INSERT INTO "Payment" ("id", "order_id", "status", "payment_type", "amount", "received_cash", "change", "created_at") VALUES ('bc3a5d3e-1cb2-4d0e-bd5c-0d35930c0fa4', 'b72d8d25-63b7-4db0-a28f-4e4677f47ea2', 'completed', 'cash', 10500, 10500, NULL, 1768893711756);
INSERT INTO "Payment" ("id", "order_id", "status", "payment_type", "amount", "received_cash", "change", "created_at") VALUES ('dae48957-99df-4b92-9d1c-1ae0086c53b5', '20a9d9b4-f269-4d73-9e5a-8feb6bfa4a1d', 'completed', 'cash', 3000, 3000, NULL, 1768894357548);
INSERT INTO "Payment" ("id", "order_id", "status", "payment_type", "amount", "received_cash", "change", "created_at") VALUES ('d7d2212c-6538-46e0-8676-7f50d1454f80', 'bfb287ec-3035-4485-aac0-a8c075b866b9', 'completed', 'cash', 5500, 5500, NULL, 1768894370142);
INSERT INTO "Payment" ("id", "order_id", "status", "payment_type", "amount", "received_cash", "change", "created_at") VALUES ('ca54828b-dc4a-47cc-bb46-a865374ac065', 'c3f13ae7-5e1b-4c69-a79b-bbfa9e0545ba', 'completed', 'cash', 4500, 4500, NULL, 1768898852331);
INSERT INTO "Payment" ("id", "order_id", "status", "payment_type", "amount", "received_cash", "change", "created_at") VALUES ('979e9c1f-8227-4ee3-a256-f6e0940aed7d', 'f4809c73-0b85-4b83-9ed1-62d67c05bdc7', 'completed', 'cash', 3500, 3500, NULL, 1768900691367);
INSERT INTO "Payment" ("id", "order_id", "status", "payment_type", "amount", "received_cash", "change", "created_at") VALUES ('88f06fd7-9117-43ac-8f22-1f56faaae33f', '59c6dc53-503c-4b8a-aa9c-4d7872963eff', 'completed', 'cash', 7000, 7000, NULL, 1768902611849);
INSERT INTO "Payment" ("id", "order_id", "status", "payment_type", "amount", "received_cash", "change", "created_at") VALUES ('f72a7767-71e4-448d-8b87-633a96ec7c36', 'bdea0841-b3b7-478b-9820-0f9c628fe75a', 'completed', 'cash', 3000, 3000, NULL, 1768903598821);
INSERT INTO "Payment" ("id", "order_id", "status", "payment_type", "amount", "received_cash", "change", "created_at") VALUES ('92888019-efd2-448d-9d97-4246ef766723', '2016c235-078c-410b-b4ac-a92d3ef02a4a', 'completed', 'cash', 5500, 5500, NULL, 1768905613791);
INSERT INTO "Payment" ("id", "order_id", "status", "payment_type", "amount", "received_cash", "change", "created_at") VALUES ('2cacb716-85c7-4a33-9365-064fc21e33a2', '8fd3308e-13e1-4c90-b8b5-ac9dce6bf831', 'completed', 'cash', 5500, 5500, NULL, 1768905785337);
INSERT INTO "Payment" ("id", "order_id", "status", "payment_type", "amount", "received_cash", "change", "created_at") VALUES ('2cc8c716-ee04-4f01-bc98-df10c80423f9', '73ac9b7a-56cc-4607-a9e2-9f473e3d1f6e', 'completed', 'cash', 2500, 2500, NULL, 1768907973663);
INSERT INTO "Payment" ("id", "order_id", "status", "payment_type", "amount", "received_cash", "change", "created_at") VALUES ('a80b863b-22c2-4688-8244-8e20bea7bab0', '9a95c3c5-3b5c-4574-a77c-628ebb6dd53a', 'completed', 'cash', 5000, 5000, NULL, 1768908673738);
INSERT INTO "Payment" ("id", "order_id", "status", "payment_type", "amount", "received_cash", "change", "created_at") VALUES ('707f2d07-5480-469d-a73c-85d8702787e3', '7c73c287-e475-490e-9582-ad219f478c6b', 'completed', 'cash', 5500, 5500, NULL, 1768908968120);
INSERT INTO "Payment" ("id", "order_id", "status", "payment_type", "amount", "received_cash", "change", "created_at") VALUES ('a8e73693-6710-407b-b7d0-a1c388c17b73', 'a9c65131-9618-4153-b0ee-47704d5e88f0', 'completed', 'cash', 3000, 3000, NULL, 1768912038634);
INSERT INTO "Payment" ("id", "order_id", "status", "payment_type", "amount", "received_cash", "change", "created_at") VALUES ('3a4d636b-c93f-4918-9316-3a9e89e247dc', '9b141fc7-1014-4f21-beaa-b18d61f44d45', 'completed', 'cash', 20000, 20000, NULL, 1769587833661);
INSERT INTO "Payment" ("id", "order_id", "status", "payment_type", "amount", "received_cash", "change", "created_at") VALUES ('b1bb0820-1426-465a-9631-4d7a73a29e1f', '7cecb153-34b6-4abc-9bd3-fb70a9da9a94', 'completed', 'cash', 14000, 15000, 1000, 1769589223925);
INSERT INTO "Payment" ("id", "order_id", "status", "payment_type", "amount", "received_cash", "change", "created_at") VALUES ('6454c36d-abbc-4579-81a6-2439e767e9e3', 'e990a7ca-7148-4766-b61c-1968162c5585', 'completed', 'cash', 19000, 20000, 1000, 1769592728977);
INSERT INTO "Payment" ("id", "order_id", "status", "payment_type", "amount", "received_cash", "change", "created_at") VALUES ('37ebed23-84dc-437f-841d-29d51540883e', 'c9f80732-c99f-4703-abe4-678df40bfb51', 'completed', 'cash', 15500, 20000, 4500, 1769653413547);
INSERT INTO "Payment" ("id", "order_id", "status", "payment_type", "amount", "received_cash", "change", "created_at") VALUES ('395d0179-4da3-43fa-a382-f259b20c056c', 'f22315e5-1b6b-4c6c-8223-7d6ecc085df2', 'completed', 'cash', 26000, 30000, 4000, 1769660091738);
INSERT INTO "Payment" ("id", "order_id", "status", "payment_type", "amount", "received_cash", "change", "created_at") VALUES ('a228426e-d954-492b-a65b-261ff11cec31', '4cb83dfa-3c73-476f-8459-92642d52b470', 'completed', 'cash', 50000, 50000, NULL, 1769660145638);
INSERT INTO "CustomizationOptionGroup" ("id", "name", "selection_type", "required", "sort_order", "created_at", "updated_at", "default_option_id") VALUES ('359fbc36-81ce-4512-8bf7-d219d0ef9e7c', 'ស្ក', 'single', 1, 0, 1768445899777, NULL, NULL);
INSERT INTO "CustomizationOptionGroup" ("id", "name", "selection_type", "required", "sort_order", "created_at", "updated_at", "default_option_id") VALUES ('5bb72f25-a306-4d72-a10a-1540dcbf45da', 'កម្ដៅ', 'single', 1, 0, 1768445911060, 1768461887506, NULL);
INSERT INTO "CustomizationOptionGroup" ("id", "name", "selection_type", "required", "sort_order", "created_at", "updated_at", "default_option_id") VALUES ('93a26e07-3ad1-47d5-8ced-8868cbf4c24b', '500+ size up', 'single', 1, 0, 1768462480732, 1768462500127, '00175e41-6295-44c1-92c7-b79409f5ce1a');
INSERT INTO "CustomizationOptionGroup" ("id", "name", "selection_type", "required", "sort_order", "created_at", "updated_at", "default_option_id") VALUES ('af54e769-9b48-49a4-89ad-67f0fd2ff1cf', '1000+ size up', 'single', 1, 0, 1768462524291, 1768462536440, '0c340be3-1a36-462d-b79b-764f777c9dbb');
INSERT INTO "CustomizationOptionGroup" ("id", "name", "selection_type", "required", "sort_order", "created_at", "updated_at", "default_option_id") VALUES ('80e3f218-f434-456e-8318-a495f864fff9', '1500+ size up', 'single', 1, 0, 1768462586560, 1768462597675, '79f3a5ba-13c9-44b8-ace0-67469f74944a');
INSERT INTO "CustomizationOptionGroup" ("id", "name", "selection_type", "required", "sort_order", "created_at", "updated_at", "default_option_id") VALUES ('d9aee916-cdde-4081-8e50-655a2e9a50f7', '2000+ size up', 'single', 1, 0, 1768462617393, 1768462642859, '86f46716-8f3f-4f1d-b51e-ea16755f1c84');
INSERT INTO "CustomizationOption" ("id", "customization_group_id", "label", "price_delta", "sort_order", "created_at", "updated_at") VALUES ('0d169af5-8f41-4211-aa77-0b362ef3ac96', '359fbc36-81ce-4512-8bf7-d219d0ef9e7c', '10%', 0, 1, 1768445963008, 1768461992432);
INSERT INTO "CustomizationOption" ("id", "customization_group_id", "label", "price_delta", "sort_order", "created_at", "updated_at") VALUES ('60c0fbda-ec09-4f22-a85a-b62872c3fa37', '5bb72f25-a306-4d72-a10a-1540dcbf45da', 'ក្ដៅ', 0, 1, 1768446017273, 1768461902933);
INSERT INTO "CustomizationOption" ("id", "customization_group_id", "label", "price_delta", "sort_order", "created_at", "updated_at") VALUES ('ff19e871-fbee-47a3-abe4-57e1cdb5fb3c', '5bb72f25-a306-4d72-a10a-1540dcbf45da', 'ត្រជាក់', 0, 0, 1768446023938, 1768461899234);
INSERT INTO "CustomizationOption" ("id", "customization_group_id", "label", "price_delta", "sort_order", "created_at", "updated_at") VALUES ('228eab9a-7094-4242-969b-6760874345a0', '359fbc36-81ce-4512-8bf7-d219d0ef9e7c', '20%', 0, 2, 1768461925099, 1768461989016);
INSERT INTO "CustomizationOption" ("id", "customization_group_id", "label", "price_delta", "sort_order", "created_at", "updated_at") VALUES ('450610ac-1c35-4a7b-867c-e47f00077c5a', '359fbc36-81ce-4512-8bf7-d219d0ef9e7c', '30%', 0, 3, 1768461931082, 1768461985398);
INSERT INTO "CustomizationOption" ("id", "customization_group_id", "label", "price_delta", "sort_order", "created_at", "updated_at") VALUES ('3b34906c-f30b-4183-82c2-1f0d3f0e43bd', '359fbc36-81ce-4512-8bf7-d219d0ef9e7c', '40%', 0, 4, 1768461937182, 1768461981114);
INSERT INTO "CustomizationOption" ("id", "customization_group_id", "label", "price_delta", "sort_order", "created_at", "updated_at") VALUES ('e353db34-c6e3-4567-b662-e8b418d9fdb7', '359fbc36-81ce-4512-8bf7-d219d0ef9e7c', '50%', 0, 5, 1768461976832, NULL);
INSERT INTO "CustomizationOption" ("id", "customization_group_id", "label", "price_delta", "sort_order", "created_at", "updated_at") VALUES ('949d70f8-a2fc-448b-83ae-0ab6344294f5', '359fbc36-81ce-4512-8bf7-d219d0ef9e7c', '0%', 0, 0, 1768461996815, NULL);
INSERT INTO "CustomizationOption" ("id", "customization_group_id", "label", "price_delta", "sort_order", "created_at", "updated_at") VALUES ('8e28797e-c571-4f73-b366-95de052275a1', '359fbc36-81ce-4512-8bf7-d219d0ef9e7c', '60%', 0, 6, 1768462002981, NULL);
INSERT INTO "CustomizationOption" ("id", "customization_group_id", "label", "price_delta", "sort_order", "created_at", "updated_at") VALUES ('397459ce-2527-47c8-8625-324cfa8c91f7', '359fbc36-81ce-4512-8bf7-d219d0ef9e7c', '70%', 0, 7, 1768462011064, NULL);
INSERT INTO "CustomizationOption" ("id", "customization_group_id", "label", "price_delta", "sort_order", "created_at", "updated_at") VALUES ('a6c9d7ff-a89f-4a46-8561-ba6dcc2fae0b', '359fbc36-81ce-4512-8bf7-d219d0ef9e7c', '80%', 0, 8, 1768462018264, NULL);
INSERT INTO "CustomizationOption" ("id", "customization_group_id", "label", "price_delta", "sort_order", "created_at", "updated_at") VALUES ('a3ded74d-f524-47e9-a279-9b732c7c11dc', '359fbc36-81ce-4512-8bf7-d219d0ef9e7c', '90%', 0, 9, 1768462026666, NULL);
INSERT INTO "CustomizationOption" ("id", "customization_group_id", "label", "price_delta", "sort_order", "created_at", "updated_at") VALUES ('34ca0cbf-3afd-4e3f-b03f-7bb02e0ae4e9', '359fbc36-81ce-4512-8bf7-d219d0ef9e7c', '100%', 0, 10, 1768462036464, NULL);
INSERT INTO "CustomizationOption" ("id", "customization_group_id", "label", "price_delta", "sort_order", "created_at", "updated_at") VALUES ('98feadb4-2c4c-4dcd-94b3-d664462c98fb', '359fbc36-81ce-4512-8bf7-d219d0ef9e7c', '110%', 0, 11, 1768462043698, NULL);
INSERT INTO "CustomizationOption" ("id", "customization_group_id", "label", "price_delta", "sort_order", "created_at", "updated_at") VALUES ('27dafa05-5fc1-4c41-a572-552449683320', '359fbc36-81ce-4512-8bf7-d219d0ef9e7c', '120%', 0, 12, 1768462048830, NULL);
INSERT INTO "CustomizationOption" ("id", "customization_group_id", "label", "price_delta", "sort_order", "created_at", "updated_at") VALUES ('00175e41-6295-44c1-92c7-b79409f5ce1a', '93a26e07-3ad1-47d5-8ced-8868cbf4c24b', 'កែវតូច', 0, 0, 1768462498576, NULL);
INSERT INTO "CustomizationOption" ("id", "customization_group_id", "label", "price_delta", "sort_order", "created_at", "updated_at") VALUES ('8d98c9a7-3f92-494f-8e74-422704bd6a6c', '93a26e07-3ad1-47d5-8ced-8868cbf4c24b', 'កែវធំ', 500, 1, 1768462515093, NULL);
INSERT INTO "CustomizationOption" ("id", "customization_group_id", "label", "price_delta", "sort_order", "created_at", "updated_at") VALUES ('0c340be3-1a36-462d-b79b-764f777c9dbb', 'af54e769-9b48-49a4-89ad-67f0fd2ff1cf', 'កែវតូច', 0, 0, 1768462535192, NULL);
INSERT INTO "CustomizationOption" ("id", "customization_group_id", "label", "price_delta", "sort_order", "created_at", "updated_at") VALUES ('9275abde-ac6f-490c-9a54-5f3f273da4d2', 'af54e769-9b48-49a4-89ad-67f0fd2ff1cf', 'កែវធំ', 1000, 1, 1768462544804, NULL);
INSERT INTO "CustomizationOption" ("id", "customization_group_id", "label", "price_delta", "sort_order", "created_at", "updated_at") VALUES ('79f3a5ba-13c9-44b8-ace0-67469f74944a', '80e3f218-f434-456e-8318-a495f864fff9', 'កែវតូច', 0, 0, 1768462596042, NULL);
INSERT INTO "CustomizationOption" ("id", "customization_group_id", "label", "price_delta", "sort_order", "created_at", "updated_at") VALUES ('2af82f02-66ee-4151-858e-c924f33648bf', '80e3f218-f434-456e-8318-a495f864fff9', 'កែវធំ', 1500, 1, 1768462606758, NULL);
INSERT INTO "CustomizationOption" ("id", "customization_group_id", "label", "price_delta", "sort_order", "created_at", "updated_at") VALUES ('86f46716-8f3f-4f1d-b51e-ea16755f1c84', 'd9aee916-cdde-4081-8e50-655a2e9a50f7', 'កែវតូច', 0, 0, 1768462631758, NULL);
INSERT INTO "CustomizationOption" ("id", "customization_group_id", "label", "price_delta", "sort_order", "created_at", "updated_at") VALUES ('83335cdd-a583-4104-a1e4-cd34cea3854d', 'd9aee916-cdde-4081-8e50-655a2e9a50f7', 'កែវធំ', 2000, 1, 1768462641675, NULL);
INSERT INTO "MenuItemCustomizationGroup" ("id", "menu_item_id", "customization_group_id") VALUES ('b7b23953-c101-4c51-9de6-3f735e11a444', '634d4ad0-7bbc-4d6e-8571-5aa2ebd1a57b', '5bb72f25-a306-4d72-a10a-1540dcbf45da');
INSERT INTO "MenuItemCustomizationGroup" ("id", "menu_item_id", "customization_group_id") VALUES ('e857f0a7-5a9a-4607-a191-ddee54e6ae05', '634d4ad0-7bbc-4d6e-8571-5aa2ebd1a57b', '359fbc36-81ce-4512-8bf7-d219d0ef9e7c');
INSERT INTO "MenuItemCustomizationGroup" ("id", "menu_item_id", "customization_group_id") VALUES ('d1123189-1291-49b9-a111-9c037fbd73bd', '5f8bd1a4-bccb-4d15-89a5-d808e74927a3', '359fbc36-81ce-4512-8bf7-d219d0ef9e7c');
INSERT INTO "MenuItemCustomizationGroup" ("id", "menu_item_id", "customization_group_id") VALUES ('be1737c3-13bd-463c-ba69-20b28b58e197', '5f8bd1a4-bccb-4d15-89a5-d808e74927a3', '5bb72f25-a306-4d72-a10a-1540dcbf45da');
INSERT INTO "MenuItemCustomizationGroup" ("id", "menu_item_id", "customization_group_id") VALUES ('1e5f20d8-db14-45c1-ad3c-ce770a9bb3d9', '1f69823d-0d32-4665-8c5e-cd4307fff4f0', '5bb72f25-a306-4d72-a10a-1540dcbf45da');
INSERT INTO "MenuItemCustomizationGroup" ("id", "menu_item_id", "customization_group_id") VALUES ('74794896-e96e-4d99-98e9-c1862130143b', '1f69823d-0d32-4665-8c5e-cd4307fff4f0', '359fbc36-81ce-4512-8bf7-d219d0ef9e7c');
INSERT INTO "MenuItemCustomizationGroup" ("id", "menu_item_id", "customization_group_id") VALUES ('1267cedf-3093-4ea9-8236-e0884e9bc4f8', '17de86ff-b0f2-411c-bdac-515c7d797316', '359fbc36-81ce-4512-8bf7-d219d0ef9e7c');
INSERT INTO "MenuItemCustomizationGroup" ("id", "menu_item_id", "customization_group_id") VALUES ('e7265f58-ee0b-4232-8d20-a2c3f8163e78', '17de86ff-b0f2-411c-bdac-515c7d797316', '5bb72f25-a306-4d72-a10a-1540dcbf45da');
INSERT INTO "MenuItemCustomizationGroup" ("id", "menu_item_id", "customization_group_id") VALUES ('d864d35e-19ef-427b-b540-bdf6ff5a2091', 'b1c9d49f-e7c9-4d56-b693-b2e0a39cfb24', '359fbc36-81ce-4512-8bf7-d219d0ef9e7c');
INSERT INTO "MenuItemCustomizationGroup" ("id", "menu_item_id", "customization_group_id") VALUES ('de6a2e1d-a1d0-4d5a-be46-ff06b87ce055', 'b1c9d49f-e7c9-4d56-b693-b2e0a39cfb24', '5bb72f25-a306-4d72-a10a-1540dcbf45da');
INSERT INTO "MenuItemCustomizationGroup" ("id", "menu_item_id", "customization_group_id") VALUES ('022db516-f74a-4735-ba5e-4d8acb96c397', '4f670355-c659-4523-83ef-43ee8084e651', '5bb72f25-a306-4d72-a10a-1540dcbf45da');
INSERT INTO "MenuItemCustomizationGroup" ("id", "menu_item_id", "customization_group_id") VALUES ('915b48ac-f92d-40b0-803e-78aae59fef57', '4f670355-c659-4523-83ef-43ee8084e651', '359fbc36-81ce-4512-8bf7-d219d0ef9e7c');
INSERT INTO "MenuItemCustomizationGroup" ("id", "menu_item_id", "customization_group_id") VALUES ('233bf1a8-9564-46e8-9cdc-89e6d5d17f4f', 'dc21ef49-1385-4672-b2f5-0dbce6a91c0b', '5bb72f25-a306-4d72-a10a-1540dcbf45da');
INSERT INTO "MenuItemCustomizationGroup" ("id", "menu_item_id", "customization_group_id") VALUES ('455df538-01f6-4b3a-b049-5f94723e7cd3', 'dc21ef49-1385-4672-b2f5-0dbce6a91c0b', '359fbc36-81ce-4512-8bf7-d219d0ef9e7c');
INSERT INTO "MenuItemCustomizationGroup" ("id", "menu_item_id", "customization_group_id") VALUES ('bfbe5305-15b1-430a-b476-f2e3adcc015f', '4e9e9270-588f-40a4-bf44-24f3c836685f', '359fbc36-81ce-4512-8bf7-d219d0ef9e7c');
INSERT INTO "MenuItemCustomizationGroup" ("id", "menu_item_id", "customization_group_id") VALUES ('e9548664-5cf1-4f67-864d-ab84da5cec6c', '4e9e9270-588f-40a4-bf44-24f3c836685f', '5bb72f25-a306-4d72-a10a-1540dcbf45da');
INSERT INTO "MenuItemCustomizationGroup" ("id", "menu_item_id", "customization_group_id") VALUES ('4423d12e-f21d-4bc9-8122-0a1544801c99', '1a800221-1e86-4ed3-9c41-f7510f771e69', '359fbc36-81ce-4512-8bf7-d219d0ef9e7c');
INSERT INTO "MenuItemCustomizationGroup" ("id", "menu_item_id", "customization_group_id") VALUES ('c3994c19-afde-4251-ac4d-c38727e37979', '1a800221-1e86-4ed3-9c41-f7510f771e69', '5bb72f25-a306-4d72-a10a-1540dcbf45da');
INSERT INTO "MenuItemCustomizationGroup" ("id", "menu_item_id", "customization_group_id") VALUES ('fa2334d7-a246-4f37-9bf0-461997484ad0', '211de09d-8f29-4325-8657-52bd56f033c0', '359fbc36-81ce-4512-8bf7-d219d0ef9e7c');
INSERT INTO "MenuItemCustomizationGroup" ("id", "menu_item_id", "customization_group_id") VALUES ('bd23cb9e-ca7f-4250-9ff8-dc464b5d9b01', 'b0683c48-5dd5-4c7e-968b-8d879417c92c', '93a26e07-3ad1-47d5-8ced-8868cbf4c24b');
INSERT INTO "MenuItemCustomizationGroup" ("id", "menu_item_id", "customization_group_id") VALUES ('37783a67-d486-4592-84b8-dbe4d61d0f91', 'b0683c48-5dd5-4c7e-968b-8d879417c92c', '359fbc36-81ce-4512-8bf7-d219d0ef9e7c');
INSERT INTO "MenuItemCustomizationGroup" ("id", "menu_item_id", "customization_group_id") VALUES ('2c6ce36a-e60f-4c32-ac1a-b21be89cd951', '7f4998a7-51b9-4233-8570-d5252f70383c', '93a26e07-3ad1-47d5-8ced-8868cbf4c24b');
INSERT INTO "MenuItemCustomizationGroup" ("id", "menu_item_id", "customization_group_id") VALUES ('f3ba8c04-e750-4f19-a46b-a2ecf5f11b1d', '7f4998a7-51b9-4233-8570-d5252f70383c', '359fbc36-81ce-4512-8bf7-d219d0ef9e7c');
INSERT INTO "MenuItemCustomizationGroup" ("id", "menu_item_id", "customization_group_id") VALUES ('fe8626bb-ed38-41db-aa3d-c5383dbd6861', '83826401-f891-45ec-801c-2c9499d195de', '80e3f218-f434-456e-8318-a495f864fff9');
INSERT INTO "MenuItemCustomizationGroup" ("id", "menu_item_id", "customization_group_id") VALUES ('4fae85b5-c7db-4c6c-8412-2c71d607718a', '83826401-f891-45ec-801c-2c9499d195de', '359fbc36-81ce-4512-8bf7-d219d0ef9e7c');
INSERT INTO "MenuItemCustomizationGroup" ("id", "menu_item_id", "customization_group_id") VALUES ('9fd17677-a0ed-4a64-b5c5-97a3a8088356', '07b695d9-a7f8-45e7-943a-c4e64ed50fb9', '93a26e07-3ad1-47d5-8ced-8868cbf4c24b');
INSERT INTO "MenuItemCustomizationGroup" ("id", "menu_item_id", "customization_group_id") VALUES ('8ec9c044-2f08-4ccb-9558-9004554f12c5', '07b695d9-a7f8-45e7-943a-c4e64ed50fb9', '359fbc36-81ce-4512-8bf7-d219d0ef9e7c');
INSERT INTO "MenuItemCustomizationGroup" ("id", "menu_item_id", "customization_group_id") VALUES ('d8c756f0-f36b-48c3-a37c-f952cd80165e', '57d8fa78-e098-430d-afc6-a4ae411691c6', '93a26e07-3ad1-47d5-8ced-8868cbf4c24b');
INSERT INTO "MenuItemCustomizationGroup" ("id", "menu_item_id", "customization_group_id") VALUES ('020e7654-0151-465e-ae38-520bc879d8d4', '57d8fa78-e098-430d-afc6-a4ae411691c6', '359fbc36-81ce-4512-8bf7-d219d0ef9e7c');
INSERT INTO "MenuItemCustomizationGroup" ("id", "menu_item_id", "customization_group_id") VALUES ('27a4da28-155b-4b0e-b5dc-2fbc05853966', '93d8b8bf-475f-4382-8712-0701f2398f3a', '93a26e07-3ad1-47d5-8ced-8868cbf4c24b');
INSERT INTO "MenuItemCustomizationGroup" ("id", "menu_item_id", "customization_group_id") VALUES ('c60728de-4e9e-40ce-bf65-5d9967d93b8f', '93d8b8bf-475f-4382-8712-0701f2398f3a', '359fbc36-81ce-4512-8bf7-d219d0ef9e7c');
INSERT INTO "MenuItemCustomizationGroup" ("id", "menu_item_id", "customization_group_id") VALUES ('12d8d2c2-94b2-4f5b-aff3-9ebacda43f25', '4a17ba41-afde-4b89-818c-a8c45d11febd', '93a26e07-3ad1-47d5-8ced-8868cbf4c24b');
INSERT INTO "MenuItemCustomizationGroup" ("id", "menu_item_id", "customization_group_id") VALUES ('2b3809e1-ec27-4b43-b884-b4c86e6ef5e5', '4a17ba41-afde-4b89-818c-a8c45d11febd', '359fbc36-81ce-4512-8bf7-d219d0ef9e7c');
INSERT INTO "MenuItemCustomizationGroup" ("id", "menu_item_id", "customization_group_id") VALUES ('d64c2576-32d0-48ce-9f02-455ae24fc2e6', '051fc2be-e75a-49b7-9ae4-f16fe2107722', '93a26e07-3ad1-47d5-8ced-8868cbf4c24b');
INSERT INTO "MenuItemCustomizationGroup" ("id", "menu_item_id", "customization_group_id") VALUES ('86d8861a-cb35-400f-9196-2acdad467350', '051fc2be-e75a-49b7-9ae4-f16fe2107722', '359fbc36-81ce-4512-8bf7-d219d0ef9e7c');
INSERT INTO "MenuItemCustomizationGroup" ("id", "menu_item_id", "customization_group_id") VALUES ('4c372f0a-90dd-4b43-88d8-d5621d49a4e7', 'fe34cfb5-113a-4443-8e02-f40527200a32', '93a26e07-3ad1-47d5-8ced-8868cbf4c24b');
INSERT INTO "MenuItemCustomizationGroup" ("id", "menu_item_id", "customization_group_id") VALUES ('d368b646-84e4-471f-b7e6-b6be0d655ac0', 'fe34cfb5-113a-4443-8e02-f40527200a32', '359fbc36-81ce-4512-8bf7-d219d0ef9e7c');
INSERT INTO "MenuItemCustomizationGroup" ("id", "menu_item_id", "customization_group_id") VALUES ('c4628365-8fda-42dc-93b5-394fdb85c80a', 'cb2b64ed-79bc-4cd0-80a6-c42101882ed0', '93a26e07-3ad1-47d5-8ced-8868cbf4c24b');
INSERT INTO "MenuItemCustomizationGroup" ("id", "menu_item_id", "customization_group_id") VALUES ('94f0d454-0715-40c7-b536-55908f0fab4b', 'cb2b64ed-79bc-4cd0-80a6-c42101882ed0', '359fbc36-81ce-4512-8bf7-d219d0ef9e7c');
INSERT INTO "MenuItemCustomizationGroup" ("id", "menu_item_id", "customization_group_id") VALUES ('0251f986-c062-48d6-8816-c299fab34ad0', 'f3c4835b-7100-445a-84ee-7cc4df69eb9c', 'af54e769-9b48-49a4-89ad-67f0fd2ff1cf');
INSERT INTO "MenuItemCustomizationGroup" ("id", "menu_item_id", "customization_group_id") VALUES ('92100122-acb1-4fe7-802f-86ea0afe2fe1', 'f3c4835b-7100-445a-84ee-7cc4df69eb9c', '359fbc36-81ce-4512-8bf7-d219d0ef9e7c');
INSERT INTO "MenuItemCustomizationGroup" ("id", "menu_item_id", "customization_group_id") VALUES ('797e09cb-0c54-43d0-8f64-940cdd729c3d', 'ff9fd796-2c00-4a68-9dca-473516b2db89', '93a26e07-3ad1-47d5-8ced-8868cbf4c24b');
INSERT INTO "MenuItemCustomizationGroup" ("id", "menu_item_id", "customization_group_id") VALUES ('8685874c-e77d-4cf0-a3b6-3f856afbf0c1', 'ff9fd796-2c00-4a68-9dca-473516b2db89', '359fbc36-81ce-4512-8bf7-d219d0ef9e7c');
INSERT INTO "MenuItemCustomizationGroup" ("id", "menu_item_id", "customization_group_id") VALUES ('31c2edad-0429-4342-a6cf-7b3404f47605', '8c5530c0-a023-4930-8627-555a616a1b9a', 'af54e769-9b48-49a4-89ad-67f0fd2ff1cf');
INSERT INTO "MenuItemCustomizationGroup" ("id", "menu_item_id", "customization_group_id") VALUES ('4e73a1ef-f4a0-4932-8336-cdf34b669501', '8c5530c0-a023-4930-8627-555a616a1b9a', '359fbc36-81ce-4512-8bf7-d219d0ef9e7c');
INSERT INTO "MenuItemCustomizationGroup" ("id", "menu_item_id", "customization_group_id") VALUES ('dd8a2760-89a9-4a46-b2c3-c9e74361ad40', '80fd3c8f-afdc-4381-8384-377bda132154', 'af54e769-9b48-49a4-89ad-67f0fd2ff1cf');
INSERT INTO "MenuItemCustomizationGroup" ("id", "menu_item_id", "customization_group_id") VALUES ('bcf8e27a-99d1-4dc0-8528-6b184f5d284a', '80fd3c8f-afdc-4381-8384-377bda132154', '359fbc36-81ce-4512-8bf7-d219d0ef9e7c');
INSERT INTO "MenuItemCustomizationGroup" ("id", "menu_item_id", "customization_group_id") VALUES ('c36ea249-7c82-419e-b9d7-2dd7d02f4e5e', '4b8a69b5-aa91-4270-b157-cd3b54d1f4d9', 'af54e769-9b48-49a4-89ad-67f0fd2ff1cf');
INSERT INTO "MenuItemCustomizationGroup" ("id", "menu_item_id", "customization_group_id") VALUES ('2ccf26d2-a61e-401b-a1f7-e9d340dc028e', '4b8a69b5-aa91-4270-b157-cd3b54d1f4d9', '359fbc36-81ce-4512-8bf7-d219d0ef9e7c');
INSERT INTO "MenuItemCustomizationGroup" ("id", "menu_item_id", "customization_group_id") VALUES ('e1b22dac-c719-44c1-a9d7-3d91e796e850', '9494d8c8-9e85-4bbb-810a-0b1802adac1f', 'af54e769-9b48-49a4-89ad-67f0fd2ff1cf');
INSERT INTO "MenuItemCustomizationGroup" ("id", "menu_item_id", "customization_group_id") VALUES ('7a285717-841b-4017-b808-ea5c6658c314', '9494d8c8-9e85-4bbb-810a-0b1802adac1f', '359fbc36-81ce-4512-8bf7-d219d0ef9e7c');
INSERT INTO "MenuItemCustomizationGroup" ("id", "menu_item_id", "customization_group_id") VALUES ('bb1a7cca-513d-4a76-8768-3b2bf348ccde', '4ed47eb8-3ff3-4069-9c41-ab4029bfd529', 'af54e769-9b48-49a4-89ad-67f0fd2ff1cf');
INSERT INTO "MenuItemCustomizationGroup" ("id", "menu_item_id", "customization_group_id") VALUES ('58d92ce1-5c44-44a4-a069-7a77eaf236b9', '4ed47eb8-3ff3-4069-9c41-ab4029bfd529', '359fbc36-81ce-4512-8bf7-d219d0ef9e7c');
INSERT INTO "MenuItemCustomizationGroup" ("id", "menu_item_id", "customization_group_id") VALUES ('f0f95a1f-9d59-4200-aeb4-ff742f10f7cc', 'b6544f8f-8ce3-4fde-8fa6-d21980c1e2a4', 'af54e769-9b48-49a4-89ad-67f0fd2ff1cf');
INSERT INTO "MenuItemCustomizationGroup" ("id", "menu_item_id", "customization_group_id") VALUES ('4bbae1cc-5231-4b9c-aa50-9460042a5f25', 'b6544f8f-8ce3-4fde-8fa6-d21980c1e2a4', '359fbc36-81ce-4512-8bf7-d219d0ef9e7c');
INSERT INTO "MenuItemCustomizationGroup" ("id", "menu_item_id", "customization_group_id") VALUES ('d7437f87-bb34-451f-8ce4-72e9ee8310c8', '7182a19b-cf72-4252-8ef0-acf42566f898', 'af54e769-9b48-49a4-89ad-67f0fd2ff1cf');
INSERT INTO "MenuItemCustomizationGroup" ("id", "menu_item_id", "customization_group_id") VALUES ('915fd734-fa78-4d58-b2d5-58dc40e803c9', '7182a19b-cf72-4252-8ef0-acf42566f898', '359fbc36-81ce-4512-8bf7-d219d0ef9e7c');
INSERT INTO "MenuItemCustomizationGroup" ("id", "menu_item_id", "customization_group_id") VALUES ('898c3475-6908-4914-80de-f2874ecb8f03', '1f275ef8-afaf-42c7-a768-bf79074896db', 'af54e769-9b48-49a4-89ad-67f0fd2ff1cf');
INSERT INTO "MenuItemCustomizationGroup" ("id", "menu_item_id", "customization_group_id") VALUES ('41ca04d4-6313-4442-a609-b781d2e0f382', '1f275ef8-afaf-42c7-a768-bf79074896db', '359fbc36-81ce-4512-8bf7-d219d0ef9e7c');
INSERT INTO "MenuItemCustomizationGroup" ("id", "menu_item_id", "customization_group_id") VALUES ('a898e2f1-258b-4c95-997e-e15ff1834ead', 'aedc5f7c-a3d0-41f7-8026-8c355dcd0988', 'af54e769-9b48-49a4-89ad-67f0fd2ff1cf');
INSERT INTO "MenuItemCustomizationGroup" ("id", "menu_item_id", "customization_group_id") VALUES ('121d894b-d769-496f-8742-c6465dd6767b', 'aedc5f7c-a3d0-41f7-8026-8c355dcd0988', '359fbc36-81ce-4512-8bf7-d219d0ef9e7c');
INSERT INTO "MenuItemCustomizationGroup" ("id", "menu_item_id", "customization_group_id") VALUES ('dd8ac47c-8c10-448a-bee5-0bb6c31c34e0', '8105bb5b-b80d-495e-a4a8-01958f18694c', 'af54e769-9b48-49a4-89ad-67f0fd2ff1cf');
INSERT INTO "MenuItemCustomizationGroup" ("id", "menu_item_id", "customization_group_id") VALUES ('8028922c-966c-43ce-979f-b5837de1e641', '8105bb5b-b80d-495e-a4a8-01958f18694c', '359fbc36-81ce-4512-8bf7-d219d0ef9e7c');
INSERT INTO "MenuItemCustomizationGroup" ("id", "menu_item_id", "customization_group_id") VALUES ('badc93cf-3fb9-4265-b5ee-491611e3f933', '02acdb0a-a787-4bb9-9f25-1a7286fb773a', 'af54e769-9b48-49a4-89ad-67f0fd2ff1cf');
INSERT INTO "MenuItemCustomizationGroup" ("id", "menu_item_id", "customization_group_id") VALUES ('e4828003-06ea-401c-9b14-1bb3afc816b0', '02acdb0a-a787-4bb9-9f25-1a7286fb773a', '359fbc36-81ce-4512-8bf7-d219d0ef9e7c');
INSERT INTO "MenuItemCustomizationGroup" ("id", "menu_item_id", "customization_group_id") VALUES ('0e9069e0-1302-4ffb-9918-f0ab5bc990fd', '147073c0-75c6-42f7-b533-b8b620e4f921', 'af54e769-9b48-49a4-89ad-67f0fd2ff1cf');
INSERT INTO "MenuItemCustomizationGroup" ("id", "menu_item_id", "customization_group_id") VALUES ('2cf858eb-1cc5-43b0-b82b-41d463c52e9e', '147073c0-75c6-42f7-b533-b8b620e4f921', '359fbc36-81ce-4512-8bf7-d219d0ef9e7c');
INSERT INTO "MenuItemCustomizationGroup" ("id", "menu_item_id", "customization_group_id") VALUES ('0c722571-ae39-43d1-89a7-0857bc3518ef', '259b0ab5-5773-4e5d-94ac-9477ea12dd0c', 'af54e769-9b48-49a4-89ad-67f0fd2ff1cf');
INSERT INTO "MenuItemCustomizationGroup" ("id", "menu_item_id", "customization_group_id") VALUES ('3f2953fe-da0a-46fe-8bec-69b4850004da', '259b0ab5-5773-4e5d-94ac-9477ea12dd0c', '359fbc36-81ce-4512-8bf7-d219d0ef9e7c');
INSERT INTO "MenuItemCustomizationGroup" ("id", "menu_item_id", "customization_group_id") VALUES ('c2e29453-df2d-4c35-b2b6-e17c5933cf14', '2d73181d-1163-4ed1-bc85-8035147e7b3d', 'af54e769-9b48-49a4-89ad-67f0fd2ff1cf');
INSERT INTO "MenuItemCustomizationGroup" ("id", "menu_item_id", "customization_group_id") VALUES ('d3e8bba4-3ed6-4d6b-8da1-e874d743a47b', '2d73181d-1163-4ed1-bc85-8035147e7b3d', '359fbc36-81ce-4512-8bf7-d219d0ef9e7c');
INSERT INTO "MenuItemCustomizationGroup" ("id", "menu_item_id", "customization_group_id") VALUES ('450a4a39-c0e0-4e95-96f6-7d43309dcc2e', '2417b791-dbdb-4368-b88d-aaeda50a6919', 'af54e769-9b48-49a4-89ad-67f0fd2ff1cf');
INSERT INTO "MenuItemCustomizationGroup" ("id", "menu_item_id", "customization_group_id") VALUES ('e77200fc-d66e-466d-9409-9b1742278756', '2417b791-dbdb-4368-b88d-aaeda50a6919', '359fbc36-81ce-4512-8bf7-d219d0ef9e7c');
INSERT INTO "MenuItemCustomizationGroup" ("id", "menu_item_id", "customization_group_id") VALUES ('6db23d66-9720-4dde-9a4a-74355784ec12', '98c630c7-6910-44b1-b9cf-316681b799d4', 'af54e769-9b48-49a4-89ad-67f0fd2ff1cf');
INSERT INTO "MenuItemCustomizationGroup" ("id", "menu_item_id", "customization_group_id") VALUES ('b8cc1183-eba5-451e-8ec0-64ead1bba5a5', '98c630c7-6910-44b1-b9cf-316681b799d4', '359fbc36-81ce-4512-8bf7-d219d0ef9e7c');
INSERT INTO "MenuItemCustomizationGroup" ("id", "menu_item_id", "customization_group_id") VALUES ('c1af4dd5-474a-4532-a2fe-0aad72599fda', 'a88b6bdc-1f1d-4e21-89e2-ca6b63228426', 'af54e769-9b48-49a4-89ad-67f0fd2ff1cf');
INSERT INTO "MenuItemCustomizationGroup" ("id", "menu_item_id", "customization_group_id") VALUES ('74adfdd2-b10f-4999-8dd6-649fe7d1c002', 'a88b6bdc-1f1d-4e21-89e2-ca6b63228426', '359fbc36-81ce-4512-8bf7-d219d0ef9e7c');
INSERT INTO "MenuItemCustomizationGroup" ("id", "menu_item_id", "customization_group_id") VALUES ('0f91af16-696a-42bc-a2d3-0dbc3fa36dff', 'd38fd948-4b9e-41c6-b7c9-d3961cb1c29c', 'af54e769-9b48-49a4-89ad-67f0fd2ff1cf');
INSERT INTO "MenuItemCustomizationGroup" ("id", "menu_item_id", "customization_group_id") VALUES ('f2ae61ea-88fb-41f4-bcc4-3dcd90ce56b4', 'd38fd948-4b9e-41c6-b7c9-d3961cb1c29c', '359fbc36-81ce-4512-8bf7-d219d0ef9e7c');
INSERT INTO "MenuItemCustomizationGroup" ("id", "menu_item_id", "customization_group_id") VALUES ('ac31ac13-35e5-42b8-970d-488032af3d14', '268d530c-89ed-4950-b07b-45be1478bd38', '359fbc36-81ce-4512-8bf7-d219d0ef9e7c');
INSERT INTO "MenuItemCustomizationGroup" ("id", "menu_item_id", "customization_group_id") VALUES ('b2dfba40-d5d9-487f-ad5f-9134d7482ce6', 'b7edd196-35e2-4f10-9d24-0bb5fd52b4fa', '359fbc36-81ce-4512-8bf7-d219d0ef9e7c');
INSERT INTO "MenuItemCustomizationGroup" ("id", "menu_item_id", "customization_group_id") VALUES ('441f5e3e-76e8-4388-8462-56f36bc003a5', '2c488e89-70c0-4f86-bd99-9bc5107fae70', 'af54e769-9b48-49a4-89ad-67f0fd2ff1cf');
INSERT INTO "MenuItemCustomizationGroup" ("id", "menu_item_id", "customization_group_id") VALUES ('0f74681d-292a-4757-a07f-f9e9765aba76', '2c488e89-70c0-4f86-bd99-9bc5107fae70', '359fbc36-81ce-4512-8bf7-d219d0ef9e7c');
INSERT INTO "MenuItemCustomizationGroup" ("id", "menu_item_id", "customization_group_id") VALUES ('e6e4d11f-c3fd-43a3-bbae-d75e2aab1b5d', '267fd07d-793c-48c2-9bc8-090031bdbb82', 'af54e769-9b48-49a4-89ad-67f0fd2ff1cf');
INSERT INTO "MenuItemCustomizationGroup" ("id", "menu_item_id", "customization_group_id") VALUES ('6ef87819-b18a-479b-97a9-9a28362b7afd', '267fd07d-793c-48c2-9bc8-090031bdbb82', '359fbc36-81ce-4512-8bf7-d219d0ef9e7c');
INSERT INTO "MenuItemCustomizationGroup" ("id", "menu_item_id", "customization_group_id") VALUES ('e7eda362-0a43-4a82-8a35-0f3cd965894a', '5b7658d0-0aca-4405-ac86-842a28828e38', 'af54e769-9b48-49a4-89ad-67f0fd2ff1cf');
INSERT INTO "MenuItemCustomizationGroup" ("id", "menu_item_id", "customization_group_id") VALUES ('e2ef13ef-4a73-44b2-b812-5e3fa8390542', '5b7658d0-0aca-4405-ac86-842a28828e38', '359fbc36-81ce-4512-8bf7-d219d0ef9e7c');
INSERT INTO "MenuItemCustomizationGroup" ("id", "menu_item_id", "customization_group_id") VALUES ('c9323b67-f4e5-4d19-9af5-661fb23dab6b', '8e91caca-452c-4ff0-b70b-af84dc9d9bc8', 'af54e769-9b48-49a4-89ad-67f0fd2ff1cf');
INSERT INTO "MenuItemCustomizationGroup" ("id", "menu_item_id", "customization_group_id") VALUES ('325651ba-54b1-4b8e-b395-e8fe801d24a2', '8e91caca-452c-4ff0-b70b-af84dc9d9bc8', '359fbc36-81ce-4512-8bf7-d219d0ef9e7c');
INSERT INTO "MenuItemCustomizationGroup" ("id", "menu_item_id", "customization_group_id") VALUES ('b06bf3da-92fd-42eb-a8eb-989024463c83', 'e6a53781-f58d-4776-bb09-e437b437ddee', 'af54e769-9b48-49a4-89ad-67f0fd2ff1cf');
INSERT INTO "MenuItemCustomizationGroup" ("id", "menu_item_id", "customization_group_id") VALUES ('4b35bd3a-4990-4e59-a681-ad2f48139378', 'e6a53781-f58d-4776-bb09-e437b437ddee', '359fbc36-81ce-4512-8bf7-d219d0ef9e7c');
INSERT INTO "MenuItemCustomizationGroup" ("id", "menu_item_id", "customization_group_id") VALUES ('11e27445-ba1a-48c8-8ae2-0469abd08eb7', 'a719dc7e-c97a-4670-8a28-0d399242cfc1', 'af54e769-9b48-49a4-89ad-67f0fd2ff1cf');
INSERT INTO "MenuItemCustomizationGroup" ("id", "menu_item_id", "customization_group_id") VALUES ('08dd00e0-5cf3-4aa7-b9d0-225869d39909', 'a719dc7e-c97a-4670-8a28-0d399242cfc1', '359fbc36-81ce-4512-8bf7-d219d0ef9e7c');
INSERT INTO "MenuItemCustomizationGroup" ("id", "menu_item_id", "customization_group_id") VALUES ('75281313-89c9-4081-9f5a-1bb11b6d18e5', 'ecbb4a92-66bf-473b-9957-38702b5a3899', 'af54e769-9b48-49a4-89ad-67f0fd2ff1cf');
INSERT INTO "MenuItemCustomizationGroup" ("id", "menu_item_id", "customization_group_id") VALUES ('f453465c-1994-40e6-b8e9-52aaadecf707', 'ecbb4a92-66bf-473b-9957-38702b5a3899', '359fbc36-81ce-4512-8bf7-d219d0ef9e7c');
INSERT INTO "MenuItemCustomizationGroup" ("id", "menu_item_id", "customization_group_id") VALUES ('7bf262c3-7517-4a37-966a-5db64be687a5', 'cc4b5816-f988-4829-848a-6e15e6fd0b21', 'af54e769-9b48-49a4-89ad-67f0fd2ff1cf');
INSERT INTO "MenuItemCustomizationGroup" ("id", "menu_item_id", "customization_group_id") VALUES ('dd2a0706-baf0-49cd-836f-c7b177d8da7c', 'cc4b5816-f988-4829-848a-6e15e6fd0b21', '359fbc36-81ce-4512-8bf7-d219d0ef9e7c');
INSERT INTO "MenuItemCustomizationGroup" ("id", "menu_item_id", "customization_group_id") VALUES ('92425da9-daea-46b3-b9d6-28150f57e096', 'aeaebb6d-054f-45b8-a45c-4af4708156a6', 'af54e769-9b48-49a4-89ad-67f0fd2ff1cf');
INSERT INTO "MenuItemCustomizationGroup" ("id", "menu_item_id", "customization_group_id") VALUES ('97909b3d-15cb-48fe-9490-e26f5da78c45', 'aeaebb6d-054f-45b8-a45c-4af4708156a6', '359fbc36-81ce-4512-8bf7-d219d0ef9e7c');
INSERT INTO "MenuItemCustomizationGroup" ("id", "menu_item_id", "customization_group_id") VALUES ('1f05041f-6f3e-4f44-9fc5-f99382ee2434', 'c7f49cbb-2339-44f0-853d-904c7d019450', '359fbc36-81ce-4512-8bf7-d219d0ef9e7c');
INSERT INTO "MenuItemCustomizationGroup" ("id", "menu_item_id", "customization_group_id") VALUES ('3b07c42e-6a60-4107-a078-18925253096a', '2dda51cb-3259-4c9a-a3a4-5243824e8374', '359fbc36-81ce-4512-8bf7-d219d0ef9e7c');
INSERT INTO "MenuItemCustomizationGroup" ("id", "menu_item_id", "customization_group_id") VALUES ('338ff216-0bae-40bc-9e9a-871e72b135a1', 'e528cc14-19e8-4ecc-8a3a-a905eaad199a', '359fbc36-81ce-4512-8bf7-d219d0ef9e7c');
INSERT INTO "MenuItemCustomizationGroup" ("id", "menu_item_id", "customization_group_id") VALUES ('c90513b6-8074-49c2-ab3e-885cbf711a56', '83c0bf4d-95f4-4a03-b2fa-9b5216ed7799', '359fbc36-81ce-4512-8bf7-d219d0ef9e7c');
INSERT INTO "MenuItemCustomizationGroup" ("id", "menu_item_id", "customization_group_id") VALUES ('744c2201-b91f-4b9c-99ca-4d7bd6660adc', '0a8a8ef4-b835-4fee-ad3f-fcbf5f6dc99e', '359fbc36-81ce-4512-8bf7-d219d0ef9e7c');
INSERT INTO "MenuItemCustomizationGroup" ("id", "menu_item_id", "customization_group_id") VALUES ('56925eb5-ca2a-4780-ab7b-994d4059701d', 'f2e62d9c-e3d6-4b70-b0b8-55c17ca66dbf', '359fbc36-81ce-4512-8bf7-d219d0ef9e7c');
INSERT INTO "MenuItemCustomizationGroup" ("id", "menu_item_id", "customization_group_id") VALUES ('b23c36a0-0281-45ed-8075-6bf12e00bc39', '2d33a0b4-bd1e-4fa6-bab6-10f39b0e462c', '359fbc36-81ce-4512-8bf7-d219d0ef9e7c');
INSERT INTO "MenuItemCustomizationGroup" ("id", "menu_item_id", "customization_group_id") VALUES ('0d86d721-e2e7-4f84-8cc0-017614dac1f5', '8a002719-ca75-4f8b-9721-658956ccf94d', '359fbc36-81ce-4512-8bf7-d219d0ef9e7c');
INSERT INTO "MenuItemCustomizationGroup" ("id", "menu_item_id", "customization_group_id") VALUES ('8865ff36-c576-4d5f-868a-ba9c123d7cb4', 'beaa54e8-6fa0-4247-9298-172d4af59e12', '359fbc36-81ce-4512-8bf7-d219d0ef9e7c');
INSERT INTO "MenuItemCustomizationGroup" ("id", "menu_item_id", "customization_group_id") VALUES ('0f010d4a-3016-4f94-a133-be3f7d6d825d', '819ee34e-a8e9-497b-96da-d1e3b07394de', '359fbc36-81ce-4512-8bf7-d219d0ef9e7c');
INSERT INTO "MenuItemCustomizationGroup" ("id", "menu_item_id", "customization_group_id") VALUES ('8d05c13c-fc6d-4499-a713-59ad9326a9a5', 'dc797998-b47a-4ac8-9a86-dd23717676b2', '359fbc36-81ce-4512-8bf7-d219d0ef9e7c');
INSERT INTO "MenuItemCustomizationGroup" ("id", "menu_item_id", "customization_group_id") VALUES ('1c42d48f-c8d2-4821-97a4-858d36b58b41', '9a3de1e3-3314-44d6-8a6a-5ba3a0a42bd1', '359fbc36-81ce-4512-8bf7-d219d0ef9e7c');
INSERT INTO "MenuItemCustomizationGroup" ("id", "menu_item_id", "customization_group_id") VALUES ('aa5dbb0d-aa54-47d9-955d-aae38d9d2d1a', '6085161c-7315-4c17-8db0-083f8eb29427', '359fbc36-81ce-4512-8bf7-d219d0ef9e7c');
INSERT INTO "MenuItemCustomizationGroup" ("id", "menu_item_id", "customization_group_id") VALUES ('fd7e03a2-a006-4795-bc21-e8667f897c0e', '3dd49ad3-60c1-4fba-9abe-f272d4dd92c8', '359fbc36-81ce-4512-8bf7-d219d0ef9e7c');
INSERT INTO "MenuItemCustomizationGroup" ("id", "menu_item_id", "customization_group_id") VALUES ('4955f69f-ec42-4087-8a0d-2219e60c52a5', '4f150684-2d4c-4d72-b49b-0725f44ff2cd', '359fbc36-81ce-4512-8bf7-d219d0ef9e7c');
INSERT INTO "MenuItemCustomizationGroup" ("id", "menu_item_id", "customization_group_id") VALUES ('e80f182f-c137-4ee8-b618-268d2859b3a8', '09536f59-6a77-409b-a17a-3250465cca09', '359fbc36-81ce-4512-8bf7-d219d0ef9e7c');
INSERT INTO "MenuItemCustomizationGroup" ("id", "menu_item_id", "customization_group_id") VALUES ('ff65ddc6-375c-4e2e-abaa-adb968329b82', '1e620281-f310-45c1-870c-c200beacba35', '359fbc36-81ce-4512-8bf7-d219d0ef9e7c');
INSERT INTO "MenuItemCustomizationGroup" ("id", "menu_item_id", "customization_group_id") VALUES ('e35f3669-3a66-473a-896a-843042e4f257', '9bb855b3-f6d1-4945-ba86-2ab81342d88b', '359fbc36-81ce-4512-8bf7-d219d0ef9e7c');
INSERT INTO "MenuItemCustomizationGroup" ("id", "menu_item_id", "customization_group_id") VALUES ('5a29ddd6-a5ac-4a8a-a726-d02f6aca76e9', '126acab8-a3a8-4abe-b2fa-80de5a7961f7', '359fbc36-81ce-4512-8bf7-d219d0ef9e7c');
INSERT INTO "MenuItemCustomizationGroup" ("id", "menu_item_id", "customization_group_id") VALUES ('325dc461-962b-4f8e-a418-67c7073c1b94', '9dcd9e58-f438-42c6-9009-1209fe7d6e01', '359fbc36-81ce-4512-8bf7-d219d0ef9e7c');
INSERT INTO "MenuItemCustomizationGroup" ("id", "menu_item_id", "customization_group_id") VALUES ('caed8618-9aac-422f-8428-77b0cf17affe', 'ac2483c0-1a3f-4862-bbdf-f41aa27cce93', '359fbc36-81ce-4512-8bf7-d219d0ef9e7c');
INSERT INTO "MenuItemCustomizationGroup" ("id", "menu_item_id", "customization_group_id") VALUES ('70fff2d6-100d-4466-afca-65b805cdfba9', '7f66a7b6-0f0d-4c50-afed-370d16b639b2', '359fbc36-81ce-4512-8bf7-d219d0ef9e7c');
INSERT INTO "MenuItemCustomizationGroup" ("id", "menu_item_id", "customization_group_id") VALUES ('6e1d3d3f-2e1b-4b9a-9793-b9baf8185e14', '6857969a-c64f-4710-a478-a16695034b15', '359fbc36-81ce-4512-8bf7-d219d0ef9e7c');
INSERT INTO "MenuItemCustomizationGroup" ("id", "menu_item_id", "customization_group_id") VALUES ('0b4a5d0a-a421-4ef3-9912-8aab455d5060', '209a86c3-6553-409a-b958-0b39094eb7ae', '359fbc36-81ce-4512-8bf7-d219d0ef9e7c');
INSERT INTO "MenuItemCustomizationGroup" ("id", "menu_item_id", "customization_group_id") VALUES ('1889b6bf-e4c2-419e-9b10-40f64bb54551', '4f875fb8-3fbb-4b4d-b6d6-c0f1c904d4d1', '359fbc36-81ce-4512-8bf7-d219d0ef9e7c');
INSERT INTO "MenuItemCustomizationGroup" ("id", "menu_item_id", "customization_group_id") VALUES ('9167f140-cf01-4e3c-8e84-2ef5d49c50f9', 'b31cf11f-519d-4f6c-a7fb-075808a16ef8', '359fbc36-81ce-4512-8bf7-d219d0ef9e7c');
INSERT INTO "MenuItemCustomizationGroup" ("id", "menu_item_id", "customization_group_id") VALUES ('bd97c424-b5fc-4ce8-a121-382724909ad1', 'a6014894-79c3-496d-a39c-8fffcd93b3d5', '359fbc36-81ce-4512-8bf7-d219d0ef9e7c');
INSERT INTO "MenuItemCustomizationGroup" ("id", "menu_item_id", "customization_group_id") VALUES ('bb68896f-52c7-4ef5-bd63-e1d0939bd29a', 'c0acb9a0-ed2d-4fa7-b0c2-c4d078333ff6', '359fbc36-81ce-4512-8bf7-d219d0ef9e7c');
INSERT INTO "MenuItemCustomizationGroup" ("id", "menu_item_id", "customization_group_id") VALUES ('33945b83-a815-4d94-92fa-51470f3fea78', 'd6a48c95-117c-49b0-943a-91b65315f057', '359fbc36-81ce-4512-8bf7-d219d0ef9e7c');
INSERT INTO "MenuItemCustomizationGroup" ("id", "menu_item_id", "customization_group_id") VALUES ('664ab420-80c3-47de-a271-9e8cf7fbd9a0', 'f4050374-7054-4c2c-8318-0ef402d69fea', '359fbc36-81ce-4512-8bf7-d219d0ef9e7c');
INSERT INTO "MenuItemCustomizationGroup" ("id", "menu_item_id", "customization_group_id") VALUES ('3709e218-c981-4463-943d-872a4a67f01d', '7a7ef6aa-6ede-4e0b-9422-b45c7f477ccf', '359fbc36-81ce-4512-8bf7-d219d0ef9e7c');
INSERT INTO "MenuItemCustomizationGroup" ("id", "menu_item_id", "customization_group_id") VALUES ('5371f741-8017-440c-a006-602aaa1f70ca', 'e24d61bf-4839-41b3-8ec9-232742c67637', '359fbc36-81ce-4512-8bf7-d219d0ef9e7c');
INSERT INTO "MenuItemCustomizationGroup" ("id", "menu_item_id", "customization_group_id") VALUES ('603d7bd5-8354-4649-9917-339ff79d7c34', '2aa12dda-f410-4beb-96c8-bf7574531373', '359fbc36-81ce-4512-8bf7-d219d0ef9e7c');
INSERT INTO "MenuItemCustomizationGroup" ("id", "menu_item_id", "customization_group_id") VALUES ('ebc35bbe-18ae-4344-bf14-acaa514ee5f7', '9c7b9c3e-f39c-430e-9fa1-0839cad43444', '359fbc36-81ce-4512-8bf7-d219d0ef9e7c');
INSERT INTO "MenuItemCustomizationGroup" ("id", "menu_item_id", "customization_group_id") VALUES ('7d889eeb-6ac8-48db-98df-c72aa6dc8004', '74252e35-bad7-4f15-b6b4-8ccafbcbcd5c', '359fbc36-81ce-4512-8bf7-d219d0ef9e7c');
INSERT INTO "MenuItemCustomizationGroup" ("id", "menu_item_id", "customization_group_id") VALUES ('8b6638bd-6d2f-4788-85c0-cc588e7f026a', '62297b1d-a907-466c-a723-5ec913ea5913', '359fbc36-81ce-4512-8bf7-d219d0ef9e7c');
INSERT INTO "MenuItemCustomizationGroup" ("id", "menu_item_id", "customization_group_id") VALUES ('413651eb-da22-4fc9-85bf-64afd4ba8eb7', '51c8d30b-a55d-42d0-969c-a0457d88930d', '359fbc36-81ce-4512-8bf7-d219d0ef9e7c');
INSERT INTO "MenuItemCustomizationGroup" ("id", "menu_item_id", "customization_group_id") VALUES ('9dbc1e80-0687-451a-b919-d2e2af09d388', '1d681383-6b92-4389-8c89-82db290a99c8', '359fbc36-81ce-4512-8bf7-d219d0ef9e7c');
INSERT INTO "MenuItemCustomizationGroup" ("id", "menu_item_id", "customization_group_id") VALUES ('302ecd7a-239e-4b86-bac3-aa9c6735294a', '039acc72-000f-4f8d-b29a-506cf6812fb0', '359fbc36-81ce-4512-8bf7-d219d0ef9e7c');
INSERT INTO "MenuItemCustomizationGroup" ("id", "menu_item_id", "customization_group_id") VALUES ('a5461b13-383e-4792-bbc9-b1c249951bd8', 'a85b0098-4ae8-45a8-949d-1c56dbaf6467', '359fbc36-81ce-4512-8bf7-d219d0ef9e7c');
INSERT INTO "MenuItemCustomizationGroup" ("id", "menu_item_id", "customization_group_id") VALUES ('a8d357cf-d890-4837-9ea6-cef91551a6f3', '4b947467-bcd9-47a9-8762-02eb87430aee', '359fbc36-81ce-4512-8bf7-d219d0ef9e7c');
INSERT INTO "MenuItemCustomizationGroup" ("id", "menu_item_id", "customization_group_id") VALUES ('77b4334f-9e04-4522-b2b7-42383b041c5b', 'be95e41f-1a14-488d-a85c-e4b3c1c5b4d7', '359fbc36-81ce-4512-8bf7-d219d0ef9e7c');
INSERT INTO "MenuItemCustomizationGroup" ("id", "menu_item_id", "customization_group_id") VALUES ('e43ae2f7-a22b-4b9c-976a-ebbc151c9429', '5cfbb96f-7a6a-4fbf-afed-f7dcac27d461', '359fbc36-81ce-4512-8bf7-d219d0ef9e7c');
INSERT INTO "MenuItemCustomizationGroup" ("id", "menu_item_id", "customization_group_id") VALUES ('9bb744df-dfbf-4e61-ae6b-b087f2b3632d', 'e6f225cf-6e31-496e-b0e8-6082db469766', '359fbc36-81ce-4512-8bf7-d219d0ef9e7c');
INSERT INTO "MenuItemCustomizationGroup" ("id", "menu_item_id", "customization_group_id") VALUES ('e92b717f-bbcc-4d0e-9871-93c0b29c8151', '8afacb19-6f69-4636-8f46-744c7123b061', '359fbc36-81ce-4512-8bf7-d219d0ef9e7c');
INSERT INTO "MenuItemCustomizationGroup" ("id", "menu_item_id", "customization_group_id") VALUES ('3e384687-c55d-4654-b833-2d880053b388', 'bc3cddb6-e21d-4bbc-bbc9-e7f4a4e84695', '359fbc36-81ce-4512-8bf7-d219d0ef9e7c');
INSERT INTO "MenuItemCustomizationGroup" ("id", "menu_item_id", "customization_group_id") VALUES ('2acc4dc6-d1f3-412b-a49d-4d322e0ffd64', '097fed1c-43e0-4162-8fea-ec85de691ee6', '359fbc36-81ce-4512-8bf7-d219d0ef9e7c');
INSERT INTO "MenuItemCustomizationGroup" ("id", "menu_item_id", "customization_group_id") VALUES ('6d6b4387-1d5d-4afd-89c7-c3206055d9f3', 'b0fdfa91-c448-4a20-824a-55acd9143f74', '359fbc36-81ce-4512-8bf7-d219d0ef9e7c');
INSERT INTO "MenuItemCustomizationGroup" ("id", "menu_item_id", "customization_group_id") VALUES ('889ab6e2-c473-40fd-b6a3-4352fbfda9ca', 'e7dfdb64-91c7-49c5-8b89-2c8715388af6', '359fbc36-81ce-4512-8bf7-d219d0ef9e7c');
INSERT INTO "MenuItemCustomizationGroup" ("id", "menu_item_id", "customization_group_id") VALUES ('94c29ca0-01f6-457f-a825-11ee7248e8a1', '8eedcbc2-c902-42f6-be6d-2acac683f050', '359fbc36-81ce-4512-8bf7-d219d0ef9e7c');
INSERT INTO "MenuItemCustomizationGroup" ("id", "menu_item_id", "customization_group_id") VALUES ('a208b7a5-9be9-4c7e-a36a-ea6e79ddfde4', '9487c4d3-da4e-4a16-a6fb-7f701f6f1ff0', '359fbc36-81ce-4512-8bf7-d219d0ef9e7c');
INSERT INTO "MenuItemCustomizationGroup" ("id", "menu_item_id", "customization_group_id") VALUES ('c67a808a-9d48-424a-88b1-89d92460ccff', 'f70d3434-fd3d-4ee8-b9f5-fece935a0f95', '359fbc36-81ce-4512-8bf7-d219d0ef9e7c');
INSERT INTO "MenuItemCustomizationGroup" ("id", "menu_item_id", "customization_group_id") VALUES ('9ab413d7-ad4b-424b-9a46-4eaaedc24456', 'ae9fcaf6-525d-4c46-a4b0-fa65e14e243b', '359fbc36-81ce-4512-8bf7-d219d0ef9e7c');
INSERT INTO "MenuItemCustomizationGroup" ("id", "menu_item_id", "customization_group_id") VALUES ('61495586-5532-469a-a99d-a2dcf7463631', '9b9a2aeb-7abe-4c8c-b83f-f1d9e59494cc', '359fbc36-81ce-4512-8bf7-d219d0ef9e7c');
INSERT INTO "MenuItemCustomizationGroup" ("id", "menu_item_id", "customization_group_id") VALUES ('c60d452d-ffc7-4dc7-92fd-d7746b3db814', '0d55d58a-a107-4285-a157-a20fd3896e4b', '359fbc36-81ce-4512-8bf7-d219d0ef9e7c');
INSERT INTO "MenuItemCustomizationGroup" ("id", "menu_item_id", "customization_group_id") VALUES ('760f9ee1-0c27-47c8-a305-90ecc5ec8fe3', '168b06f4-b6e1-4e5a-b8b6-9891e7bc83ed', '359fbc36-81ce-4512-8bf7-d219d0ef9e7c');
INSERT INTO "MenuItemCustomizationGroup" ("id", "menu_item_id", "customization_group_id") VALUES ('667981f5-1ca0-4fd8-915e-54855690e89e', '687f649b-b002-4832-ae21-cd547abf7412', '359fbc36-81ce-4512-8bf7-d219d0ef9e7c');
INSERT INTO "MenuItemCustomizationGroup" ("id", "menu_item_id", "customization_group_id") VALUES ('d7dee6d8-81c9-40ff-b327-55f6a43f1030', '4a7a69fe-3a7d-4f68-826d-14f81dc0b558', '359fbc36-81ce-4512-8bf7-d219d0ef9e7c');
INSERT INTO "MenuItemCustomizationGroup" ("id", "menu_item_id", "customization_group_id") VALUES ('328443ca-f082-42c6-9cd7-006f065921c9', 'b5e88851-c92e-4522-8575-cdbb4fbbb8bd', 'af54e769-9b48-49a4-89ad-67f0fd2ff1cf');
INSERT INTO "MenuItemCustomizationGroup" ("id", "menu_item_id", "customization_group_id") VALUES ('d3eab833-df4b-4a51-a180-8252b9fdb974', '49ddad14-02c9-4267-b789-3770a7f910d7', '93a26e07-3ad1-47d5-8ced-8868cbf4c24b');
INSERT INTO "ToppingGroup" ("id", "name", "required", "sort_order", "created_at", "updated_at") VALUES ('72931662-cc3a-47b3-97b5-118be6a3e97d', 'គុជ', 0, 0, 1769569580312, NULL);
INSERT INTO "ToppingGroup" ("id", "name", "required", "sort_order", "created_at", "updated_at") VALUES ('fade9523-86ac-47a5-8d22-141f1ca2ae22', 'គ្រីម', 0, 1, 1769569635557, NULL);
INSERT INTO "ToppingGroup" ("id", "name", "required", "sort_order", "created_at", "updated_at") VALUES ('204507a4-30df-4b74-a47d-9f5d3cd5a1c4', 'ទឹកដូង', 0, 2, 1769569712191, NULL);
INSERT INTO "ToppingGroup" ("id", "name", "required", "sort_order", "created_at", "updated_at") VALUES ('dff0527d-222d-4acc-8517-deacf61144bf', 'កាហ្វេម៉ាស៊ីន', 0, 4, 1769569754653, 1769569762737);
INSERT INTO "ToppingGroup" ("id", "name", "required", "sort_order", "created_at", "updated_at") VALUES ('7a700ea2-5ac2-4bbb-a1e8-1082311588ee', 'ធុរេន', 0, 5, 1769569798945, NULL);
INSERT INTO "ToppingGroup" ("id", "name", "required", "sort_order", "created_at", "updated_at") VALUES ('c4f40c81-209b-4fcd-babc-3caafbfd4978', 'Match', 0, 6, 1769569830411, NULL);
INSERT INTO "ToppingOption" ("id", "topping_group_id", "label", "unit_label", "unit_price", "min_quantity", "max_quantity", "step_quantity", "sort_order", "created_at", "updated_at") VALUES ('630897ca-0a54-4676-a5f6-4d48e1448c06', '72931662-cc3a-47b3-97b5-118be6a3e97d', 'គុជ', 'qty', 1000, 0, NULL, 1, 0, 1769569616264, 1769587588604);
INSERT INTO "ToppingOption" ("id", "topping_group_id", "label", "unit_label", "unit_price", "min_quantity", "max_quantity", "step_quantity", "sort_order", "created_at", "updated_at") VALUES ('46dc8e34-5aff-48f0-9ff0-14881c69e8ed', 'fade9523-86ac-47a5-8d22-141f1ca2ae22', 'គ្រីមផ្អែម', 'qty', 1500, 0, NULL, 1, 0, 1769569654355, 1769587597557);
INSERT INTO "ToppingOption" ("id", "topping_group_id", "label", "unit_label", "unit_price", "min_quantity", "max_quantity", "step_quantity", "sort_order", "created_at", "updated_at") VALUES ('9127ab3e-f7f5-4b18-8087-c8ca08fa3dea', 'fade9523-86ac-47a5-8d22-141f1ca2ae22', 'គ្រីមប្រៃ', 'qty', 1500, 0, NULL, 1, 1, 1769569669205, 1769587603180);
INSERT INTO "ToppingOption" ("id", "topping_group_id", "label", "unit_label", "unit_price", "min_quantity", "max_quantity", "step_quantity", "sort_order", "created_at", "updated_at") VALUES ('231cbf63-fe8a-4d6b-8d39-72838149d50d', 'fade9523-86ac-47a5-8d22-141f1ca2ae22', 'គ្រីមពងមាន់', 'qty', 1500, 0, NULL, 1, 2, 1769569688983, 1769587607133);
INSERT INTO "ToppingOption" ("id", "topping_group_id", "label", "unit_label", "unit_price", "min_quantity", "max_quantity", "step_quantity", "sort_order", "created_at", "updated_at") VALUES ('b86b09c0-3dd3-4f59-be08-7fa0fd39d97b', '204507a4-30df-4b74-a47d-9f5d3cd5a1c4', 'ទឹកដូងក្រអូប', 'qty', 2000, 0, NULL, 1, 0, 1769569737321, 1769587611636);
INSERT INTO "ToppingOption" ("id", "topping_group_id", "label", "unit_label", "unit_price", "min_quantity", "max_quantity", "step_quantity", "sort_order", "created_at", "updated_at") VALUES ('9ce6a0c1-2f5c-4ee9-b906-14da7d9111bd', 'dff0527d-222d-4acc-8517-deacf61144bf', 'កាហ្វេម៉ាស៊ីន', 'shot', 2000, 0, NULL, 1, 0, 1769569784512, 1769587616962);
INSERT INTO "ToppingOption" ("id", "topping_group_id", "label", "unit_label", "unit_price", "min_quantity", "max_quantity", "step_quantity", "sort_order", "created_at", "updated_at") VALUES ('132f6dd9-65e9-4521-a799-179eb51ee768', '7a700ea2-5ac2-4bbb-a1e8-1082311588ee', 'ធុរ៉េន', 'qty', 3500, 0, NULL, 1, 0, 1769569816979, 1769587623329);
INSERT INTO "ToppingOption" ("id", "topping_group_id", "label", "unit_label", "unit_price", "min_quantity", "max_quantity", "step_quantity", "sort_order", "created_at", "updated_at") VALUES ('81c3df64-0d06-4af2-8fc8-ba2070f29146', 'c4f40c81-209b-4fcd-babc-3caafbfd4978', 'Matcha 1 ខាំ', 'qty', 1000, 0, NULL, 1, 0, 1769569864182, 1769587628883);
INSERT INTO "MenuCategoryToppingGroup" ("id", "menu_category_id", "topping_group_id") VALUES ('bce75166-8780-4658-aa4a-318e9d0301a1', '84a77398-39b4-4dd6-bc0b-d6bcf1a20333', 'fade9523-86ac-47a5-8d22-141f1ca2ae22');
INSERT INTO "MenuCategoryToppingGroup" ("id", "menu_category_id", "topping_group_id") VALUES ('4b129a28-c1da-472f-8363-6942b6b0d72e', '84a77398-39b4-4dd6-bc0b-d6bcf1a20333', 'dff0527d-222d-4acc-8517-deacf61144bf');
INSERT INTO "MenuCategoryToppingGroup" ("id", "menu_category_id", "topping_group_id") VALUES ('7907f9c1-26c9-49a5-961b-fe051ae524ec', '2c78698b-771f-44bd-8c0e-d829a84f9e33', '72931662-cc3a-47b3-97b5-118be6a3e97d');
INSERT INTO "MenuCategoryToppingGroup" ("id", "menu_category_id", "topping_group_id") VALUES ('b90c8459-9ea8-4cdf-a9c7-7f6cb9d6f15c', '2c78698b-771f-44bd-8c0e-d829a84f9e33', 'fade9523-86ac-47a5-8d22-141f1ca2ae22');
INSERT INTO "MenuCategoryToppingGroup" ("id", "menu_category_id", "topping_group_id") VALUES ('b592a2a9-ebc5-4b65-8f64-46a177262910', '2c78698b-771f-44bd-8c0e-d829a84f9e33', '204507a4-30df-4b74-a47d-9f5d3cd5a1c4');
INSERT INTO "MenuCategoryToppingGroup" ("id", "menu_category_id", "topping_group_id") VALUES ('725cf148-338e-411a-9d92-ddf7fccb2235', '2c78698b-771f-44bd-8c0e-d829a84f9e33', 'dff0527d-222d-4acc-8517-deacf61144bf');
INSERT INTO "MenuCategoryToppingGroup" ("id", "menu_category_id", "topping_group_id") VALUES ('3625b322-7012-46f1-b74e-1f8c2551eff4', '2c78698b-771f-44bd-8c0e-d829a84f9e33', '7a700ea2-5ac2-4bbb-a1e8-1082311588ee');
INSERT INTO "MenuCategoryToppingGroup" ("id", "menu_category_id", "topping_group_id") VALUES ('23cc8c53-880a-4176-8418-f6f514a52222', '2c78698b-771f-44bd-8c0e-d829a84f9e33', 'c4f40c81-209b-4fcd-babc-3caafbfd4978');
INSERT INTO "MenuCategoryToppingGroup" ("id", "menu_category_id", "topping_group_id") VALUES ('5ec8a453-845b-474c-bee2-b8d9dc056c0f', '573d3c4a-adbd-4138-973b-4744e57a09d1', '204507a4-30df-4b74-a47d-9f5d3cd5a1c4');
INSERT INTO "MenuCategoryToppingGroup" ("id", "menu_category_id", "topping_group_id") VALUES ('ca37ba1a-b569-4176-9a0e-3f342a0834a9', '573d3c4a-adbd-4138-973b-4744e57a09d1', 'fade9523-86ac-47a5-8d22-141f1ca2ae22');
INSERT INTO "MenuCategoryToppingGroup" ("id", "menu_category_id", "topping_group_id") VALUES ('9dcfbfde-8b89-434d-9d11-cf5ac9da86ef', '573d3c4a-adbd-4138-973b-4744e57a09d1', '72931662-cc3a-47b3-97b5-118be6a3e97d');
INSERT INTO "MenuCategoryToppingGroup" ("id", "menu_category_id", "topping_group_id") VALUES ('49c7c092-c3bf-4c17-928a-1e4aadc0bb0d', '573d3c4a-adbd-4138-973b-4744e57a09d1', 'c4f40c81-209b-4fcd-babc-3caafbfd4978');
INSERT INTO "MenuCategoryToppingGroup" ("id", "menu_category_id", "topping_group_id") VALUES ('fa0e79d8-a0f4-4a4c-a74b-3833325b8e4b', '07333057-5770-45a6-87b0-fbb48b694cc7', '72931662-cc3a-47b3-97b5-118be6a3e97d');
INSERT INTO "MenuCategoryToppingGroup" ("id", "menu_category_id", "topping_group_id") VALUES ('94b81333-0fe8-40b4-b967-7cb12428df26', '07333057-5770-45a6-87b0-fbb48b694cc7', 'fade9523-86ac-47a5-8d22-141f1ca2ae22');
INSERT INTO "MenuCategoryToppingGroup" ("id", "menu_category_id", "topping_group_id") VALUES ('50ed7d1d-1d80-4ace-96bf-ebee41133ee4', 'eee3ba6f-e998-45a5-809a-b77f6c028ae0', 'fade9523-86ac-47a5-8d22-141f1ca2ae22');
INSERT INTO "MenuCategoryToppingGroup" ("id", "menu_category_id", "topping_group_id") VALUES ('990e2a43-818b-47c9-bfbd-f2c26dcb0d03', 'ab30e80d-f03e-4d32-9122-6f6774a56ed6', 'fade9523-86ac-47a5-8d22-141f1ca2ae22');
INSERT INTO "MenuCategoryToppingGroup" ("id", "menu_category_id", "topping_group_id") VALUES ('7c5c1ade-f3ef-479d-a685-74ec6c8834ea', '9b63fd20-8546-4eb7-9f35-d5b9043b0803', 'fade9523-86ac-47a5-8d22-141f1ca2ae22');
INSERT INTO "Settings" ("id", "key", "value", "value_type", "category", "description", "created_at", "updated_at") VALUES ('bd4cdb0b-c184-4e1a-8f63-245e8678108f', 'system.initialized', 'true', 'boolean', 'system', 'Indicates if the initial setup has been completed.', 1768622868047, NULL);
INSERT INTO "stores" ("id", "name", "language", "currency", "timezone", "brand_name", "logo_url", "address", "created_at", "updated_at") VALUES ('b1ea4e26-e1f5-4e1c-a678-39fa8682a2d5', 'ក្អមកាហ្វេតាខ្មៅ', 'en', 'KHR', 'Asia/Phnom_Penh', 'ក្អមកាហ្វេតាខ្មៅ', '/media/category/1768872010916-fb66983e99928a29.png', NULL, 1768622867903, 1769571185282);
