INSERT INTO "_migrations" ("version", "name", "applied_at") VALUES (1, '001_initial_schema.sql', '2026-01-19T10:28:37.525Z');
INSERT INTO "MenuItem" ("id", "name", "image_url", "price", "sort_order", "created_at", "updated_at") VALUES ('634d4ad0-7bbc-4d6e-8571-5aa2ebd1a57b', 'Espresso', NULL, 4000, 0, 1768462095081, NULL);
INSERT INTO "MenuItem" ("id", "name", "image_url", "price", "sort_order", "created_at", "updated_at") VALUES ('5f8bd1a4-bccb-4d15-89a5-d808e74927a3', 'Americano', NULL, 4000, 0, 1768462114163, NULL);
INSERT INTO "MenuItem" ("id", "name", "image_url", "price", "sort_order", "created_at", "updated_at") VALUES ('1f69823d-0d32-4665-8c5e-cd4307fff4f0', 'ក្អមកាហ្វេ', NULL, 4500, 0, 1768462139045, NULL);
INSERT INTO "MenuItem" ("id", "name", "image_url", "price", "sort_order", "created_at", "updated_at") VALUES ('17de86ff-b0f2-411c-bdac-515c7d797316', 'ក្អមកាហ្វេ Plus', NULL, 6500, 0, 1768462168265, NULL);
INSERT INTO "MenuItem" ("id", "name", "image_url", "price", "sort_order", "created_at", "updated_at") VALUES ('b1c9d49f-e7c9-4d56-b693-b2e0a39cfb24', 'ក្អមកាហ្វេឌុប', NULL, 9000, 0, 1768462191214, NULL);
INSERT INTO "MenuItem" ("id", "name", "image_url", "price", "sort_order", "created_at", "updated_at") VALUES ('4f670355-c659-4523-83ef-43ee8084e651', 'Cafe Latte', NULL, 5000, 0, 1768462214161, NULL);
INSERT INTO "MenuItem" ("id", "name", "image_url", "price", "sort_order", "created_at", "updated_at") VALUES ('dc21ef49-1385-4672-b2f5-0dbce6a91c0b', 'Cappuccino', NULL, 5000, 0, 1768462231646, NULL);
INSERT INTO "MenuItem" ("id", "name", "image_url", "price", "sort_order", "created_at", "updated_at") VALUES ('4e9e9270-588f-40a4-bf44-24f3c836685f', 'Cafe Mocha', NULL, 5000, 0, 1768462260345, NULL);
INSERT INTO "MenuItem" ("id", "name", "image_url", "price", "sort_order", "created_at", "updated_at") VALUES ('1a800221-1e86-4ed3-9c41-f7510f771e69', 'ក្អមកាហ្វេខ្ទិះ', NULL, 5500, 0, 1768462283945, NULL);
INSERT INTO "MenuItem" ("id", "name", "image_url", "price", "sort_order", "created_at", "updated_at") VALUES ('211de09d-8f29-4325-8657-52bd56f033c0', 'Matcha ក្ដៅ', NULL, 5500, 0, 1768462344910, NULL);
INSERT INTO "MenuItem" ("id", "name", "image_url", "price", "sort_order", "created_at", "updated_at") VALUES ('b0683c48-5dd5-4c7e-968b-8d879417c92c', 'កាហ្វេទឹកកក', NULL, 2500, 0, 1768462696159, NULL);
INSERT INTO "MenuItem" ("id", "name", "image_url", "price", "sort_order", "created_at", "updated_at") VALUES ('7f4998a7-51b9-4233-8570-d5252f70383c', 'កាហ្វេទឹកដោះគោ', NULL, 3000, 0, 1768462737891, NULL);
INSERT INTO "MenuItem" ("id", "name", "image_url", "price", "sort_order", "created_at", "updated_at") VALUES ('83826401-f891-45ec-801c-2c9499d195de', 'Matcha Latte', NULL, 5500, 0, 1768462787372, NULL);
INSERT INTO "MenuItem" ("id", "name", "image_url", "price", "sort_order", "created_at", "updated_at") VALUES ('07b695d9-a7f8-45e7-943a-c4e64ed50fb9', 'តែបៃតងទឹកដោះគោ', NULL, 3000, 0, 1768462811240, NULL);
INSERT INTO "MenuItem" ("id", "name", "image_url", "price", "sort_order", "created_at", "updated_at") VALUES ('57d8fa78-e098-430d-afc6-a4ae411691c6', 'តែក្រហមទឹកដោះគោ', NULL, 3000, 0, 1768462836189, NULL);
INSERT INTO "MenuItem" ("id", "name", "image_url", "price", "sort_order", "created_at", "updated_at") VALUES ('93d8b8bf-475f-4382-8712-0701f2398f3a', 'តែខ្មៅទឹកដោះគោ', NULL, 3500, 0, 1768462861229, NULL);
INSERT INTO "MenuItem" ("id", "name", "image_url", "price", "sort_order", "created_at", "updated_at") VALUES ('4a17ba41-afde-4b89-818c-a8c45d11febd', 'តែម្លិះទឹកដោះគោ', NULL, 3000, 0, 1768462892462, NULL);
INSERT INTO "MenuItem" ("id", "name", "image_url", "price", "sort_order", "created_at", "updated_at") VALUES ('051fc2be-e75a-49b7-9ae4-f16fe2107722', 'សេរ៉ូទឹកដោះគោ', NULL, 3000, 0, 1768462912572, NULL);
INSERT INTO "MenuItem" ("id", "name", "image_url", "price", "sort_order", "created_at", "updated_at") VALUES ('fe34cfb5-113a-4443-8e02-f40527200a32', 'អូវ៉ាន់ទីន', NULL, 3000, 0, 1768462936789, NULL);
INSERT INTO "MenuItem" ("id", "name", "image_url", "price", "sort_order", "created_at", "updated_at") VALUES ('cb2b64ed-79bc-4cd0-80a6-c42101882ed0', 'សូកូឡា', NULL, 3000, 0, 1768462957155, NULL);
INSERT INTO "MenuItem" ("id", "name", "image_url", "price", "sort_order", "created_at", "updated_at") VALUES ('f3c4835b-7100-445a-84ee-7cc4df69eb9c', 'ទឹកដោះគោស្រស់', NULL, 3500, 0, 1768462999172, NULL);
INSERT INTO "MenuItem" ("id", "name", "image_url", "price", "sort_order", "created_at", "updated_at") VALUES ('ff9fd796-2c00-4a68-9dca-473516b2db89', 'ទឹកដោះគោខាប់', NULL, 3000, 0, 1768463042420, NULL);
INSERT INTO "MenuItem" ("id", "name", "image_url", "price", "sort_order", "created_at", "updated_at") VALUES ('8c5530c0-a023-4930-8627-555a616a1b9a', 'ផាសិនទឹកដោះគោ', NULL, 3500, 0, 1768463072836, NULL);
INSERT INTO "MenuItem" ("id", "name", "image_url", "price", "sort_order", "created_at", "updated_at") VALUES ('80fd3c8f-afdc-4381-8384-377bda132154', 'ផាសិនសូដា', NULL, 3500, 0, 1768463092203, NULL);
INSERT INTO "MenuItem" ("id", "name", "image_url", "price", "sort_order", "created_at", "updated_at") VALUES ('4b8a69b5-aa91-4270-b157-cd3b54d1f4d9', 'សេរ៉ូក្រូចឆ្មារ', NULL, 3500, 0, 1768463131001, NULL);
INSERT INTO "MenuItem" ("id", "name", "image_url", "price", "sort_order", "created_at", "updated_at") VALUES ('9494d8c8-9e85-4bbb-810a-0b1802adac1f', 'តែបៃតងជ្រក់', NULL, 2500, 0, 1768463159519, NULL);
INSERT INTO "MenuItem" ("id", "name", "image_url", "price", "sort_order", "created_at", "updated_at") VALUES ('4ed47eb8-3ff3-4069-9c41-ab4029bfd529', 'តែក្រហមជ្រក់', NULL, 2500, 0, 1768463192035, NULL);
INSERT INTO "MenuItem" ("id", "name", "image_url", "price", "sort_order", "created_at", "updated_at") VALUES ('b6544f8f-8ce3-4fde-8fa6-d21980c1e2a4', 'តែម្លិះជ្រក់', NULL, 2500, 0, 1768463213801, NULL);
INSERT INTO "MenuItem" ("id", "name", "image_url", "price", "sort_order", "created_at", "updated_at") VALUES ('7182a19b-cf72-4252-8ef0-acf42566f898', 'តែទឹកឃ្មុំ', NULL, 3500, 0, 1768463247584, NULL);
INSERT INTO "MenuItem" ("id", "name", "image_url", "price", "sort_order", "created_at", "updated_at") VALUES ('1f275ef8-afaf-42c7-a768-bf79074896db', 'តែក្រូចលឿង', NULL, 4000, 0, 1768463265183, NULL);
INSERT INTO "MenuItem" ("id", "name", "image_url", "price", "sort_order", "created_at", "updated_at") VALUES ('aedc5f7c-a3d0-41f7-8026-8c355dcd0988', 'កាហ្វេទឹកកកដូងក្រអូប', NULL, 4000, 0, 1768463332799, NULL);
INSERT INTO "MenuItem" ("id", "name", "image_url", "price", "sort_order", "created_at", "updated_at") VALUES ('8105bb5b-b80d-495e-a4a8-01958f18694c', 'កាហ្វេទឹកដោះគោដូងក្រអូប', NULL, 4500, 0, 1768463369233, NULL);
INSERT INTO "MenuItem" ("id", "name", "image_url", "price", "sort_order", "created_at", "updated_at") VALUES ('02acdb0a-a787-4bb9-9f25-1a7286fb773a', 'តែបៃតងដូងក្រអូប', NULL, 4500, 0, 1768463403649, NULL);
INSERT INTO "MenuItem" ("id", "name", "image_url", "price", "sort_order", "created_at", "updated_at") VALUES ('147073c0-75c6-42f7-b533-b8b620e4f921', 'តែក្រហមដូងក្រអូប', NULL, 4500, 0, 1768463425815, NULL);
INSERT INTO "MenuItem" ("id", "name", "image_url", "price", "sort_order", "created_at", "updated_at") VALUES ('259b0ab5-5773-4e5d-94ac-9477ea12dd0c', 'ទឹកដោះគោដូងក្រអូប', NULL, 4500, 0, 1768463464548, NULL);
INSERT INTO "MenuItem" ("id", "name", "image_url", "price", "sort_order", "created_at", "updated_at") VALUES ('2d73181d-1163-4ed1-bc85-8035147e7b3d', 'អូវ៉ាន់ទីនដូងក្រអូប', NULL, 4500, 0, 1768463485014, NULL);
INSERT INTO "MenuItem" ("id", "name", "image_url", "price", "sort_order", "created_at", "updated_at") VALUES ('2417b791-dbdb-4368-b88d-aaeda50a6919', 'សូកូឡាដូងក្រអូប', NULL, 4500, 0, 1768463510546, NULL);
INSERT INTO "MenuItem" ("id", "name", "image_url", "price", "sort_order", "created_at", "updated_at") VALUES ('98c630c7-6910-44b1-b9cf-316681b799d4', 'សេរ៉ូទឺកដោះគោដូងក្រអូប', NULL, 4500, 0, 1768463545764, NULL);
INSERT INTO "MenuItem" ("id", "name", "image_url", "price", "sort_order", "created_at", "updated_at") VALUES ('a88b6bdc-1f1d-4e21-89e2-ca6b63228426', 'តែខ្មៅដូងក្រអូប', NULL, 5000, 0, 1768463574064, NULL);
INSERT INTO "MenuItem" ("id", "name", "image_url", "price", "sort_order", "created_at", "updated_at") VALUES ('d38fd948-4b9e-41c6-b7c9-d3961cb1c29c', 'ទឹកដោះគោស្រស់ដូងក្រអូប', NULL, 5000, 0, 1768463606963, NULL);
INSERT INTO "MenuItem" ("id", "name", "image_url", "price", "sort_order", "created_at", "updated_at") VALUES ('268d530c-89ed-4950-b07b-45be1478bd38', 'ក្អមកាហ្វេដូងក្រអូប', NULL, 6500, 0, 1768463662096, NULL);
INSERT INTO "MenuItem" ("id", "name", "image_url", "price", "sort_order", "created_at", "updated_at") VALUES ('b7edd196-35e2-4f10-9d24-0bb5fd52b4fa', 'Matcha ដូងក្រអូប', NULL, 7500, 0, 1768463682145, NULL);
INSERT INTO "MenuItem" ("id", "name", "image_url", "price", "sort_order", "created_at", "updated_at") VALUES ('2c488e89-70c0-4f86-bd99-9bc5107fae70', 'ក្អមគុជត្នោត', NULL, 5000, 0, 1768463782292, NULL);
INSERT INTO "MenuItem" ("id", "name", "image_url", "price", "sort_order", "created_at", "updated_at") VALUES ('267fd07d-793c-48c2-9bc8-090031bdbb82', 'តែបៃតងគុជត្នោត', NULL, 5000, 0, 1768464094428, NULL);
INSERT INTO "MenuItem" ("id", "name", "image_url", "price", "sort_order", "created_at", "updated_at") VALUES ('5b7658d0-0aca-4405-ac86-842a28828e38', 'តែក្រហមគុជត្នោត', NULL, 5000, 0, 1768464114376, NULL);
INSERT INTO "MenuItem" ("id", "name", "image_url", "price", "sort_order", "created_at", "updated_at") VALUES ('8e91caca-452c-4ff0-b70b-af84dc9d9bc8', 'តែម្លិះគុជត្នោត', NULL, 5000, 0, 1768464154977, NULL);
INSERT INTO "MenuItem" ("id", "name", "image_url", "price", "sort_order", "created_at", "updated_at") VALUES ('e6a53781-f58d-4776-bb09-e437b437ddee', 'តែខ្មៅគុជត្នោត', NULL, 5000, 0, 1768464174811, NULL);
INSERT INTO "MenuItem" ("id", "name", "image_url", "price", "sort_order", "created_at", "updated_at") VALUES ('a719dc7e-c97a-4670-8a28-0d399242cfc1', 'កាហ្វេគុជត្នោត', NULL, 5500, 0, 1768464230760, NULL);
INSERT INTO "MenuItem" ("id", "name", "image_url", "price", "sort_order", "created_at", "updated_at") VALUES ('ecbb4a92-66bf-473b-9957-38702b5a3899', 'Match គុជត្នោត', NULL, 5500, 0, 1768464274561, NULL);
INSERT INTO "MenuItem" ("id", "name", "image_url", "price", "sort_order", "created_at", "updated_at") VALUES ('cc4b5816-f988-4829-848a-6e15e6fd0b21', 'Chocolate គុជត្នោត', NULL, 5000, 0, 1768464300009, NULL);
INSERT INTO "MenuItem" ("id", "name", "image_url", "price", "sort_order", "created_at", "updated_at") VALUES ('aeaebb6d-054f-45b8-a45c-4af4708156a6', 'អូវ៉ាន់ទីនគុជត្នោត', NULL, 5000, 0, 1768464317141, NULL);
INSERT INTO "MenuItem" ("id", "name", "image_url", "price", "sort_order", "created_at", "updated_at") VALUES ('c7f49cbb-2339-44f0-853d-904c7d019450', 'Match គ្រីម', NULL, 7500, 0, 1768464394375, NULL);
INSERT INTO "MenuItem" ("id", "name", "image_url", "price", "sort_order", "created_at", "updated_at") VALUES ('2dda51cb-3259-4c9a-a3a4-5243824e8374', 'ផាសិនគ្រីម', NULL, 5500, 0, 1768464419207, NULL);
INSERT INTO "MenuItem" ("id", "name", "image_url", "price", "sort_order", "created_at", "updated_at") VALUES ('e528cc14-19e8-4ecc-8a3a-a905eaad199a', 'កាហ្វេទឺកដោះគោគ្រីម', NULL, 5000, 0, 1768464444990, NULL);
INSERT INTO "MenuItem" ("id", "name", "image_url", "price", "sort_order", "created_at", "updated_at") VALUES ('83c0bf4d-95f4-4a03-b2fa-9b5216ed7799', 'ក្អមកាហ្វេគ្រីម', NULL, 6500, 0, 1768464463757, NULL);
INSERT INTO "MenuItem" ("id", "name", "image_url", "price", "sort_order", "created_at", "updated_at") VALUES ('0a8a8ef4-b835-4fee-ad3f-fcbf5f6dc99e', 'អាមេរិកាណូគ្រីម', NULL, 6000, 0, 1768464510522, NULL);
INSERT INTO "MenuItem" ("id", "name", "image_url", "price", "sort_order", "created_at", "updated_at") VALUES ('f2e62d9c-e3d6-4b70-b0b8-55c17ca66dbf', 'Cafe Latte គ្រីម', NULL, 7000, 0, 1768464530940, NULL);
INSERT INTO "MenuItem" ("id", "name", "image_url", "price", "sort_order", "created_at", "updated_at") VALUES ('2d33a0b4-bd1e-4fa6-bab6-10f39b0e462c', 'តែបៃតងគ្រីម', NULL, 5000, 0, 1768464554172, NULL);
INSERT INTO "MenuItem" ("id", "name", "image_url", "price", "sort_order", "created_at", "updated_at") VALUES ('8a002719-ca75-4f8b-9721-658956ccf94d', 'តែក្រហមគ្រីម', NULL, 5000, 0, 1768464571140, NULL);
INSERT INTO "MenuItem" ("id", "name", "image_url", "price", "sort_order", "created_at", "updated_at") VALUES ('beaa54e8-6fa0-4247-9298-172d4af59e12', 'តែខ្មៅគ្រីម', NULL, 5000, 0, 1768464588789, NULL);
INSERT INTO "MenuItem" ("id", "name", "image_url", "price", "sort_order", "created_at", "updated_at") VALUES ('819ee34e-a8e9-497b-96da-d1e3b07394de', 'តែតៃវ៉ាន់គ្រីម', NULL, 5500, 0, 1768464611621, NULL);
INSERT INTO "MenuItem" ("id", "name", "image_url", "price", "sort_order", "created_at", "updated_at") VALUES ('dc797998-b47a-4ac8-9a86-dd23717676b2', 'តែម្លិះគ្រីម', NULL, 5500, 0, 1768464638570, NULL);
INSERT INTO "MenuItem" ("id", "name", "image_url", "price", "sort_order", "created_at", "updated_at") VALUES ('9a3de1e3-3314-44d6-8a6a-5ba3a0a42bd1', 'តែម្លិះទឹកដោះគោគ្រីម', NULL, 5000, 0, 1768464662388, NULL);
INSERT INTO "MenuItem" ("id", "name", "image_url", "price", "sort_order", "created_at", "updated_at") VALUES ('6085161c-7315-4c17-8db0-083f8eb29427', 'សូកូឡាគ្រីម', NULL, 5000, 0, 1768464683404, NULL);
INSERT INTO "MenuItem" ("id", "name", "image_url", "price", "sort_order", "created_at", "updated_at") VALUES ('3dd49ad3-60c1-4fba-9abe-f272d4dd92c8', 'អូវ៉ាន់ទីនគ្រីម', NULL, 5000, 0, 1768464698988, NULL);
INSERT INTO "MenuItem" ("id", "name", "image_url", "price", "sort_order", "created_at", "updated_at") VALUES ('4f150684-2d4c-4d72-b49b-0725f44ff2cd', 'Match គ្រីម', NULL, 7500, 0, 1768464792369, NULL);
INSERT INTO "MenuItem" ("id", "name", "image_url", "price", "sort_order", "created_at", "updated_at") VALUES ('09536f59-6a77-409b-a17a-3250465cca09', 'ផាសិនគ្រីម', NULL, 5500, 0, 1768464839017, NULL);
INSERT INTO "MenuItem" ("id", "name", "image_url", "price", "sort_order", "created_at", "updated_at") VALUES ('1e620281-f310-45c1-870c-c200beacba35', 'កាហ្វេទឹកដោះគោគ្រីម', NULL, 5000, 0, 1768464868968, NULL);
INSERT INTO "MenuItem" ("id", "name", "image_url", "price", "sort_order", "created_at", "updated_at") VALUES ('9bb855b3-f6d1-4945-ba86-2ab81342d88b', 'ក្អមកាហ្វេគ្រីម', NULL, 6500, 0, 1768464888918, NULL);
INSERT INTO "MenuItem" ("id", "name", "image_url", "price", "sort_order", "created_at", "updated_at") VALUES ('126acab8-a3a8-4abe-b2fa-80de5a7961f7', 'អាមេរិកាណូគ្រីម', NULL, 6000, 0, 1768464923052, NULL);
INSERT INTO "MenuItem" ("id", "name", "image_url", "price", "sort_order", "created_at", "updated_at") VALUES ('9dcd9e58-f438-42c6-9009-1209fe7d6e01', 'Cafe Latte គ្រីម', NULL, 7000, 0, 1768464947484, NULL);
INSERT INTO "MenuItem" ("id", "name", "image_url", "price", "sort_order", "created_at", "updated_at") VALUES ('ac2483c0-1a3f-4862-bbdf-f41aa27cce93', 'តែបៃតងគ្រីម', NULL, 5000, 0, 1768464964350, NULL);
INSERT INTO "MenuItem" ("id", "name", "image_url", "price", "sort_order", "created_at", "updated_at") VALUES ('7f66a7b6-0f0d-4c50-afed-370d16b639b2', 'តែក្រហមគ្រីម', NULL, 5000, 0, 1768464986768, NULL);
INSERT INTO "MenuItem" ("id", "name", "image_url", "price", "sort_order", "created_at", "updated_at") VALUES ('6857969a-c64f-4710-a478-a16695034b15', 'តែខ្មៅគ្រីម', NULL, 5000, 0, 1768465020851, NULL);
INSERT INTO "MenuItem" ("id", "name", "image_url", "price", "sort_order", "created_at", "updated_at") VALUES ('209a86c3-6553-409a-b958-0b39094eb7ae', 'តែតៃវ៉ាន់គ្រីម', NULL, 5500, 0, 1768465043983, NULL);
INSERT INTO "MenuItem" ("id", "name", "image_url", "price", "sort_order", "created_at", "updated_at") VALUES ('4f875fb8-3fbb-4b4d-b6d6-c0f1c904d4d1', 'តែម្លិះគ្រីម', NULL, 5500, 0, 1768465066315, NULL);
INSERT INTO "MenuItem" ("id", "name", "image_url", "price", "sort_order", "created_at", "updated_at") VALUES ('b31cf11f-519d-4f6c-a7fb-075808a16ef8', 'តែម្លិះទឹកដោះគោគ្រីម', NULL, 5000, 0, 1768465093766, NULL);
INSERT INTO "MenuItem" ("id", "name", "image_url", "price", "sort_order", "created_at", "updated_at") VALUES ('a6014894-79c3-496d-a39c-8fffcd93b3d5', 'សូកូឡាគ្រីម', NULL, 5000, 0, 1768465130816, NULL);
INSERT INTO "MenuItem" ("id", "name", "image_url", "price", "sort_order", "created_at", "updated_at") VALUES ('c0acb9a0-ed2d-4fa7-b0c2-c4d078333ff6', 'អូវ៉ាន់ទីនគ្រីម', NULL, 5000, 0, 1768465147280, NULL);
INSERT INTO "MenuItem" ("id", "name", "image_url", "price", "sort_order", "created_at", "updated_at") VALUES ('d6a48c95-117c-49b0-943a-91b65315f057', 'តែម្លិះពងមាន់', NULL, 5500, 0, 1768465219448, NULL);
INSERT INTO "MenuItem" ("id", "name", "image_url", "price", "sort_order", "created_at", "updated_at") VALUES ('f4050374-7054-4c2c-8318-0ef402d69fea', 'តែបៃតងពងមាន់', NULL, 5500, 0, 1768465239748, NULL);
INSERT INTO "MenuItem" ("id", "name", "image_url", "price", "sort_order", "created_at", "updated_at") VALUES ('7a7ef6aa-6ede-4e0b-9422-b45c7f477ccf', 'តែក្រហមពងមាន់', NULL, 5500, 0, 1768465264879, NULL);
INSERT INTO "MenuItem" ("id", "name", "image_url", "price", "sort_order", "created_at", "updated_at") VALUES ('e24d61bf-4839-41b3-8ec9-232742c67637', 'តែខ្មៅពងមាន់', NULL, 5500, 0, 1768465291513, NULL);
INSERT INTO "MenuItem" ("id", "name", "image_url", "price", "sort_order", "created_at", "updated_at") VALUES ('2aa12dda-f410-4beb-96c8-bf7574531373', 'អូវ៉ាន់ទីនពងមាន់', NULL, 5500, 0, 1768465307362, NULL);
INSERT INTO "MenuItem" ("id", "name", "image_url", "price", "sort_order", "created_at", "updated_at") VALUES ('9c7b9c3e-f39c-430e-9fa1-0839cad43444', 'សេរ៉ូពងមាន់', NULL, 5500, 0, 1768465324646, NULL);
INSERT INTO "MenuItem" ("id", "name", "image_url", "price", "sort_order", "created_at", "updated_at") VALUES ('74252e35-bad7-4f15-b6b4-8ccafbcbcd5c', 'សូកូឡាពងមាន់', NULL, 5500, 0, 1768465337113, NULL);
INSERT INTO "MenuItem" ("id", "name", "image_url", "price", "sort_order", "created_at", "updated_at") VALUES ('62297b1d-a907-466c-a723-5ec913ea5913', 'ផាសិនពងមាន់', NULL, 5500, 0, 1768465353729, NULL);
INSERT INTO "MenuItem" ("id", "name", "image_url", "price", "sort_order", "created_at", "updated_at") VALUES ('51c8d30b-a55d-42d0-969c-a0457d88930d', 'កាហ្វឿងពងមាន់', NULL, 5500, 0, 1768465370914, NULL);
INSERT INTO "MenuItem" ("id", "name", "image_url", "price", "sort_order", "created_at", "updated_at") VALUES ('1d681383-6b92-4389-8c89-82db290a99c8', 'Americano ពងមាន់', NULL, 6000, 0, 1768465387677, NULL);
INSERT INTO "MenuItem" ("id", "name", "image_url", "price", "sort_order", "created_at", "updated_at") VALUES ('039acc72-000f-4f8d-b29a-506cf6812fb0', 'ទឹកដោះគោស្រស់ពងមាន់', NULL, 6000, 0, 1768465405028, NULL);
INSERT INTO "MenuItem" ("id", "name", "image_url", "price", "sort_order", "created_at", "updated_at") VALUES ('a85b0098-4ae8-45a8-949d-1c56dbaf6467', 'ទឹកដោះគោខាប់ពងមាន់', NULL, 6000, 0, 1768465434493, NULL);
INSERT INTO "MenuItem" ("id", "name", "image_url", "price", "sort_order", "created_at", "updated_at") VALUES ('4b947467-bcd9-47a9-8762-02eb87430aee', 'Matcha ពងមាន់', NULL, 6500, 0, 1768465448461, NULL);
INSERT INTO "MenuItem" ("id", "name", "image_url", "price", "sort_order", "created_at", "updated_at") VALUES ('be95e41f-1a14-488d-a85c-e4b3c1c5b4d7', 'ក្អមកាហ្វេពងមាន់', NULL, 6500, 0, 1768465463215, NULL);
INSERT INTO "MenuItem" ("id", "name", "image_url", "price", "sort_order", "created_at", "updated_at") VALUES ('5cfbb96f-7a6a-4fbf-afed-f7dcac27d461', 'កាហ្វេដូងក្រឡុក', NULL, 7500, 0, 1768465516993, NULL);
INSERT INTO "MenuItem" ("id", "name", "image_url", "price", "sort_order", "created_at", "updated_at") VALUES ('e6f225cf-6e31-496e-b0e8-6082db469766', 'Matcha ដូងក្រឡុក', NULL, 7500, 0, 1768465531676, NULL);
INSERT INTO "MenuItem" ("id", "name", "image_url", "price", "sort_order", "created_at", "updated_at") VALUES ('8afacb19-6f69-4636-8f46-744c7123b061', 'តែបៃតងដូងក្រឡុក', NULL, 6500, 0, 1768465546942, NULL);
INSERT INTO "MenuItem" ("id", "name", "image_url", "price", "sort_order", "created_at", "updated_at") VALUES ('bc3cddb6-e21d-4bbc-bbc9-e7f4a4e84695', 'តែក្រហមដូងក្រឡុក', NULL, 6500, 0, 1768465559325, NULL);
INSERT INTO "MenuItem" ("id", "name", "image_url", "price", "sort_order", "created_at", "updated_at") VALUES ('097fed1c-43e0-4162-8fea-ec85de691ee6', 'តែខ្មៅដូងក្រឡុក', NULL, 6500, 0, 1768465579458, NULL);
INSERT INTO "MenuItem" ("id", "name", "image_url", "price", "sort_order", "created_at", "updated_at") VALUES ('b0fdfa91-c448-4a20-824a-55acd9143f74', 'តែម្លិះដូងក្រឡុក', NULL, 6500, 0, 1768465600257, NULL);
INSERT INTO "MenuItem" ("id", "name", "image_url", "price", "sort_order", "created_at", "updated_at") VALUES ('e7dfdb64-91c7-49c5-8b89-2c8715388af6', 'សូកូឡាដូងក្រឡុក', NULL, 6500, 0, 1768465614975, NULL);
INSERT INTO "MenuItem" ("id", "name", "image_url", "price", "sort_order", "created_at", "updated_at") VALUES ('8eedcbc2-c902-42f6-be6d-2acac683f050', 'អូវ៉ាន់ទីនដូងក្រឡុក', NULL, 6500, 0, 1768465636241, NULL);
INSERT INTO "MenuItem" ("id", "name", "image_url", "price", "sort_order", "created_at", "updated_at") VALUES ('9487c4d3-da4e-4a16-a6fb-7f701f6f1ff0', 'យ៉ាអ៊ួក្រឡុក', NULL, 5500, 0, 1768465651141, NULL);
INSERT INTO "MenuItem" ("id", "name", "image_url", "price", "sort_order", "created_at", "updated_at") VALUES ('f70d3434-fd3d-4ee8-b9f5-fece935a0f95', 'ទឹកដោះគោស្រស់ក្រឡុក', NULL, 5500, 0, 1768465669040, NULL);
INSERT INTO "MenuItem" ("id", "name", "image_url", "price", "sort_order", "created_at", "updated_at") VALUES ('ae9fcaf6-525d-4c46-a4b0-fa65e14e243b', 'Strawberry ក្រឡុក', NULL, 7500, 0, 1768465693008, NULL);
INSERT INTO "MenuItem" ("id", "name", "image_url", "price", "sort_order", "created_at", "updated_at") VALUES ('9b9a2aeb-7abe-4c8c-b83f-f1d9e59494cc', 'ប័រក្រឡុក', NULL, 7000, 0, 1768465710607, NULL);
INSERT INTO "MenuItem" ("id", "name", "image_url", "price", "sort_order", "created_at", "updated_at") VALUES ('0d55d58a-a107-4285-a157-a20fd3896e4b', 'ចេកកក្រឡុក', NULL, 6500, 0, 1768465729255, NULL);
INSERT INTO "MenuItem" ("id", "name", "image_url", "price", "sort_order", "created_at", "updated_at") VALUES ('168b06f4-b6e1-4e5a-b8b6-9891e7bc83ed', 'ផាសិនក្រឡុក', NULL, 6000, 0, 1768465741912, NULL);
INSERT INTO "MenuItem" ("id", "name", "image_url", "price", "sort_order", "created_at", "updated_at") VALUES ('687f649b-b002-4832-ae21-cd547abf7412', 'ដូងក្រឡុក', NULL, 6000, 0, 1768465753538, NULL);
INSERT INTO "MenuItem" ("id", "name", "image_url", "price", "sort_order", "created_at", "updated_at") VALUES ('4a7a69fe-3a7d-4f68-826d-14f81dc0b558', 'ដំឡូងក្រឡុក', NULL, 5500, 0, 1768465768822, 1768465781039);
INSERT INTO "MenuCategory" ("id", "name", "image_url", "sort_order", "created_at") VALUES ('84a77398-39b4-4dd6-bc0b-d6bcf1a20333', 'ប្រភេទម៉ាស៊ីន', NULL, 0, 1768461596873);
INSERT INTO "MenuCategory" ("id", "name", "image_url", "sort_order", "created_at") VALUES ('2c78698b-771f-44bd-8c0e-d829a84f9e33', 'ប្រភេទធម្មតា', NULL, 1, 1768461606853);
INSERT INTO "MenuCategory" ("id", "name", "image_url", "sort_order", "created_at") VALUES ('573d3c4a-adbd-4138-973b-4744e57a09d1', 'ប្រភេទដូងក្រអូប', NULL, 2, 1768461616336);
INSERT INTO "MenuCategory" ("id", "name", "image_url", "sort_order", "created_at") VALUES ('07333057-5770-45a6-87b0-fbb48b694cc7', 'ប្រភេទគុជ', NULL, 3, 1768461623935);
INSERT INTO "MenuCategory" ("id", "name", "image_url", "sort_order", "created_at") VALUES ('eee3ba6f-e998-45a5-809a-b77f6c028ae0', 'ប្រភេទគ្រីមផ្អែម', NULL, 4, 1768461638769);
INSERT INTO "MenuCategory" ("id", "name", "image_url", "sort_order", "created_at") VALUES ('ab30e80d-f03e-4d32-9122-6f6774a56ed6', 'ប្រភេទគ្រីមប្រៃ', NULL, 5, 1768461648519);
INSERT INTO "MenuCategory" ("id", "name", "image_url", "sort_order", "created_at") VALUES ('9b63fd20-8546-4eb7-9f35-d5b9043b0803', 'ប្រភេទគ្រីមពងមាន់', NULL, 6, 1768461662518);
INSERT INTO "MenuCategory" ("id", "name", "image_url", "sort_order", "created_at") VALUES ('4c71472e-f6bb-4b80-b2c9-6ec7e61dcaf6', 'ប្រភេទក្រឡុក', NULL, 7, 1768461673385);
INSERT INTO "MenuCategory" ("id", "name", "image_url", "sort_order", "created_at") VALUES ('6debc41e-2141-4154-8834-a1ee6edf9e94', 'ផ្លែឈើក្រឡុក', NULL, 8, 1768461682671);
INSERT INTO "MenuItemCategoryMap" ("id", "menu_item_id", "menu_category_id") VALUES ('478776df-afe6-49cf-a0d2-227c3420fb8e', '634d4ad0-7bbc-4d6e-8571-5aa2ebd1a57b', '84a77398-39b4-4dd6-bc0b-d6bcf1a20333');
INSERT INTO "MenuItemCategoryMap" ("id", "menu_item_id", "menu_category_id") VALUES ('92ed9084-d796-4799-8b19-307fe5c5e1c5', '5f8bd1a4-bccb-4d15-89a5-d808e74927a3', '84a77398-39b4-4dd6-bc0b-d6bcf1a20333');
INSERT INTO "MenuItemCategoryMap" ("id", "menu_item_id", "menu_category_id") VALUES ('bc97cb94-a2cd-4cc7-879d-b7152ebb5311', '1f69823d-0d32-4665-8c5e-cd4307fff4f0', '84a77398-39b4-4dd6-bc0b-d6bcf1a20333');
INSERT INTO "MenuItemCategoryMap" ("id", "menu_item_id", "menu_category_id") VALUES ('f00f7e2a-6719-4356-b941-ff9d3134de33', '17de86ff-b0f2-411c-bdac-515c7d797316', '84a77398-39b4-4dd6-bc0b-d6bcf1a20333');
INSERT INTO "MenuItemCategoryMap" ("id", "menu_item_id", "menu_category_id") VALUES ('85d79d33-a14b-48c0-af2f-0246f027e7f7', 'b1c9d49f-e7c9-4d56-b693-b2e0a39cfb24', '84a77398-39b4-4dd6-bc0b-d6bcf1a20333');
INSERT INTO "MenuItemCategoryMap" ("id", "menu_item_id", "menu_category_id") VALUES ('08d924b0-141f-4184-b99f-d9e3c829cdc2', '4f670355-c659-4523-83ef-43ee8084e651', '84a77398-39b4-4dd6-bc0b-d6bcf1a20333');
INSERT INTO "MenuItemCategoryMap" ("id", "menu_item_id", "menu_category_id") VALUES ('c5d28a60-e339-4e89-a463-0cb417cd939c', 'dc21ef49-1385-4672-b2f5-0dbce6a91c0b', '84a77398-39b4-4dd6-bc0b-d6bcf1a20333');
INSERT INTO "MenuItemCategoryMap" ("id", "menu_item_id", "menu_category_id") VALUES ('80e031f8-8edf-4d34-ba56-cf2d5383feb2', '4e9e9270-588f-40a4-bf44-24f3c836685f', '84a77398-39b4-4dd6-bc0b-d6bcf1a20333');
INSERT INTO "MenuItemCategoryMap" ("id", "menu_item_id", "menu_category_id") VALUES ('d9768609-b259-4c79-9652-ab94982ffbed', '1a800221-1e86-4ed3-9c41-f7510f771e69', '84a77398-39b4-4dd6-bc0b-d6bcf1a20333');
INSERT INTO "MenuItemCategoryMap" ("id", "menu_item_id", "menu_category_id") VALUES ('10ad1a42-5a31-43a8-bc09-9c19038f1902', '211de09d-8f29-4325-8657-52bd56f033c0', '84a77398-39b4-4dd6-bc0b-d6bcf1a20333');
INSERT INTO "MenuItemCategoryMap" ("id", "menu_item_id", "menu_category_id") VALUES ('83204a56-94a2-409c-98b5-4fa2c6c2ef05', 'b0683c48-5dd5-4c7e-968b-8d879417c92c', '2c78698b-771f-44bd-8c0e-d829a84f9e33');
INSERT INTO "MenuItemCategoryMap" ("id", "menu_item_id", "menu_category_id") VALUES ('63956c8a-9b1a-48dc-b945-d696ffa60a2f', '7f4998a7-51b9-4233-8570-d5252f70383c', '2c78698b-771f-44bd-8c0e-d829a84f9e33');
INSERT INTO "MenuItemCategoryMap" ("id", "menu_item_id", "menu_category_id") VALUES ('628c2a79-4630-4c9d-aad5-91e315e41c06', '83826401-f891-45ec-801c-2c9499d195de', '2c78698b-771f-44bd-8c0e-d829a84f9e33');
INSERT INTO "MenuItemCategoryMap" ("id", "menu_item_id", "menu_category_id") VALUES ('95edc3ab-e464-436d-aa10-f41bc01869ed', '07b695d9-a7f8-45e7-943a-c4e64ed50fb9', '2c78698b-771f-44bd-8c0e-d829a84f9e33');
INSERT INTO "MenuItemCategoryMap" ("id", "menu_item_id", "menu_category_id") VALUES ('e92c5e76-2614-4ad5-8069-abe550ac352e', '57d8fa78-e098-430d-afc6-a4ae411691c6', '2c78698b-771f-44bd-8c0e-d829a84f9e33');
INSERT INTO "MenuItemCategoryMap" ("id", "menu_item_id", "menu_category_id") VALUES ('f1e8c20c-7185-4028-8067-c00ccb5dbb9a', '4a17ba41-afde-4b89-818c-a8c45d11febd', '2c78698b-771f-44bd-8c0e-d829a84f9e33');
INSERT INTO "MenuItemCategoryMap" ("id", "menu_item_id", "menu_category_id") VALUES ('908e9695-82a1-4f8f-9b82-3f1e383c7290', '051fc2be-e75a-49b7-9ae4-f16fe2107722', '2c78698b-771f-44bd-8c0e-d829a84f9e33');
INSERT INTO "MenuItemCategoryMap" ("id", "menu_item_id", "menu_category_id") VALUES ('329e0e9e-6744-41d8-9303-96674a234578', 'fe34cfb5-113a-4443-8e02-f40527200a32', '2c78698b-771f-44bd-8c0e-d829a84f9e33');
INSERT INTO "MenuItemCategoryMap" ("id", "menu_item_id", "menu_category_id") VALUES ('d70a3d09-b01c-4a32-bb5a-9889b898fe64', 'cb2b64ed-79bc-4cd0-80a6-c42101882ed0', '2c78698b-771f-44bd-8c0e-d829a84f9e33');
INSERT INTO "MenuItemCategoryMap" ("id", "menu_item_id", "menu_category_id") VALUES ('9225a5db-02ad-407a-9545-490cf0c1dde3', 'f3c4835b-7100-445a-84ee-7cc4df69eb9c', '2c78698b-771f-44bd-8c0e-d829a84f9e33');
INSERT INTO "MenuItemCategoryMap" ("id", "menu_item_id", "menu_category_id") VALUES ('f4a42ccc-1e3c-49fe-9630-af4735ca4c40', 'ff9fd796-2c00-4a68-9dca-473516b2db89', '2c78698b-771f-44bd-8c0e-d829a84f9e33');
INSERT INTO "MenuItemCategoryMap" ("id", "menu_item_id", "menu_category_id") VALUES ('1b5a7a0e-c3a3-443d-9a6f-fcb6f79529f3', '8c5530c0-a023-4930-8627-555a616a1b9a', '2c78698b-771f-44bd-8c0e-d829a84f9e33');
INSERT INTO "MenuItemCategoryMap" ("id", "menu_item_id", "menu_category_id") VALUES ('53cceab5-e004-4c21-aff9-917bc3869755', '80fd3c8f-afdc-4381-8384-377bda132154', '2c78698b-771f-44bd-8c0e-d829a84f9e33');
INSERT INTO "MenuItemCategoryMap" ("id", "menu_item_id", "menu_category_id") VALUES ('cb487a7d-71c3-481e-b923-64808e73b210', '4b8a69b5-aa91-4270-b157-cd3b54d1f4d9', '2c78698b-771f-44bd-8c0e-d829a84f9e33');
INSERT INTO "MenuItemCategoryMap" ("id", "menu_item_id", "menu_category_id") VALUES ('baabb479-1ae2-4025-87e0-254692dbbfef', '9494d8c8-9e85-4bbb-810a-0b1802adac1f', '2c78698b-771f-44bd-8c0e-d829a84f9e33');
INSERT INTO "MenuItemCategoryMap" ("id", "menu_item_id", "menu_category_id") VALUES ('7215b655-090f-43d0-9c3c-fba147a3c866', '4ed47eb8-3ff3-4069-9c41-ab4029bfd529', '2c78698b-771f-44bd-8c0e-d829a84f9e33');
INSERT INTO "MenuItemCategoryMap" ("id", "menu_item_id", "menu_category_id") VALUES ('648c87ef-12ad-4e0f-880e-e8ee60932625', 'b6544f8f-8ce3-4fde-8fa6-d21980c1e2a4', '2c78698b-771f-44bd-8c0e-d829a84f9e33');
INSERT INTO "MenuItemCategoryMap" ("id", "menu_item_id", "menu_category_id") VALUES ('93729441-25cf-4b34-86bf-fb69da261b5a', '7182a19b-cf72-4252-8ef0-acf42566f898', '2c78698b-771f-44bd-8c0e-d829a84f9e33');
INSERT INTO "MenuItemCategoryMap" ("id", "menu_item_id", "menu_category_id") VALUES ('6e9a6f88-b744-48e9-80e8-0dff4fd386cd', '1f275ef8-afaf-42c7-a768-bf79074896db', '2c78698b-771f-44bd-8c0e-d829a84f9e33');
INSERT INTO "MenuItemCategoryMap" ("id", "menu_item_id", "menu_category_id") VALUES ('11514314-72cd-469c-90a5-98fd765e59e8', 'aedc5f7c-a3d0-41f7-8026-8c355dcd0988', '573d3c4a-adbd-4138-973b-4744e57a09d1');
INSERT INTO "MenuItemCategoryMap" ("id", "menu_item_id", "menu_category_id") VALUES ('b111f303-e2b4-4c75-9171-034776fc5d1b', '8105bb5b-b80d-495e-a4a8-01958f18694c', '573d3c4a-adbd-4138-973b-4744e57a09d1');
INSERT INTO "MenuItemCategoryMap" ("id", "menu_item_id", "menu_category_id") VALUES ('816cb783-2b12-42be-828a-fbc87c6a39d8', '02acdb0a-a787-4bb9-9f25-1a7286fb773a', '573d3c4a-adbd-4138-973b-4744e57a09d1');
INSERT INTO "MenuItemCategoryMap" ("id", "menu_item_id", "menu_category_id") VALUES ('7b499541-6220-4fa7-aafc-7c7728b56325', '147073c0-75c6-42f7-b533-b8b620e4f921', '573d3c4a-adbd-4138-973b-4744e57a09d1');
INSERT INTO "MenuItemCategoryMap" ("id", "menu_item_id", "menu_category_id") VALUES ('1b25aa05-6e48-42a7-9777-c9be5d72ebb9', '259b0ab5-5773-4e5d-94ac-9477ea12dd0c', '573d3c4a-adbd-4138-973b-4744e57a09d1');
INSERT INTO "MenuItemCategoryMap" ("id", "menu_item_id", "menu_category_id") VALUES ('1bb327cf-6d32-4837-b4d1-6f754672da39', '2d73181d-1163-4ed1-bc85-8035147e7b3d', '573d3c4a-adbd-4138-973b-4744e57a09d1');
INSERT INTO "MenuItemCategoryMap" ("id", "menu_item_id", "menu_category_id") VALUES ('96a85b93-0066-4298-aa8c-2af4d85e1a30', '2417b791-dbdb-4368-b88d-aaeda50a6919', '573d3c4a-adbd-4138-973b-4744e57a09d1');
INSERT INTO "MenuItemCategoryMap" ("id", "menu_item_id", "menu_category_id") VALUES ('23caaae7-4f35-42db-ac7b-816a7b400cb9', '98c630c7-6910-44b1-b9cf-316681b799d4', '573d3c4a-adbd-4138-973b-4744e57a09d1');
INSERT INTO "MenuItemCategoryMap" ("id", "menu_item_id", "menu_category_id") VALUES ('a344dcf8-1040-433e-a4a5-285a7c05a71a', 'a88b6bdc-1f1d-4e21-89e2-ca6b63228426', '573d3c4a-adbd-4138-973b-4744e57a09d1');
INSERT INTO "MenuItemCategoryMap" ("id", "menu_item_id", "menu_category_id") VALUES ('fb8453df-4290-4d9f-859c-3974d3d66cbc', 'd38fd948-4b9e-41c6-b7c9-d3961cb1c29c', '573d3c4a-adbd-4138-973b-4744e57a09d1');
INSERT INTO "MenuItemCategoryMap" ("id", "menu_item_id", "menu_category_id") VALUES ('a36b7189-f1bf-4304-9a5b-68fa95e26d7a', '268d530c-89ed-4950-b07b-45be1478bd38', '573d3c4a-adbd-4138-973b-4744e57a09d1');
INSERT INTO "MenuItemCategoryMap" ("id", "menu_item_id", "menu_category_id") VALUES ('21bd55dd-041c-4f07-867a-e158f7b73328', 'b7edd196-35e2-4f10-9d24-0bb5fd52b4fa', '573d3c4a-adbd-4138-973b-4744e57a09d1');
INSERT INTO "MenuItemCategoryMap" ("id", "menu_item_id", "menu_category_id") VALUES ('03493478-d1d7-42f4-a657-dacc7bcec360', '2c488e89-70c0-4f86-bd99-9bc5107fae70', '07333057-5770-45a6-87b0-fbb48b694cc7');
INSERT INTO "MenuItemCategoryMap" ("id", "menu_item_id", "menu_category_id") VALUES ('9595d6c3-a50e-47d3-a2cc-e34ee45cc7a8', '267fd07d-793c-48c2-9bc8-090031bdbb82', '07333057-5770-45a6-87b0-fbb48b694cc7');
INSERT INTO "MenuItemCategoryMap" ("id", "menu_item_id", "menu_category_id") VALUES ('0068f997-5df4-4272-8f97-053de7fd5f84', '5b7658d0-0aca-4405-ac86-842a28828e38', '07333057-5770-45a6-87b0-fbb48b694cc7');
INSERT INTO "MenuItemCategoryMap" ("id", "menu_item_id", "menu_category_id") VALUES ('c27600bd-d28e-41be-b13e-8c9701d4f4bb', '8e91caca-452c-4ff0-b70b-af84dc9d9bc8', '07333057-5770-45a6-87b0-fbb48b694cc7');
INSERT INTO "MenuItemCategoryMap" ("id", "menu_item_id", "menu_category_id") VALUES ('14fedc5e-87c1-47e4-a2f0-e3308cb001df', 'e6a53781-f58d-4776-bb09-e437b437ddee', '07333057-5770-45a6-87b0-fbb48b694cc7');
INSERT INTO "MenuItemCategoryMap" ("id", "menu_item_id", "menu_category_id") VALUES ('d9997b8a-8545-4087-9e98-ed3fe2137899', 'a719dc7e-c97a-4670-8a28-0d399242cfc1', '07333057-5770-45a6-87b0-fbb48b694cc7');
INSERT INTO "MenuItemCategoryMap" ("id", "menu_item_id", "menu_category_id") VALUES ('150074eb-3019-4d76-a0c0-2a09d217594d', 'ecbb4a92-66bf-473b-9957-38702b5a3899', '07333057-5770-45a6-87b0-fbb48b694cc7');
INSERT INTO "MenuItemCategoryMap" ("id", "menu_item_id", "menu_category_id") VALUES ('1b274eed-d15c-46dc-8c9f-0219e0a566c2', 'cc4b5816-f988-4829-848a-6e15e6fd0b21', '07333057-5770-45a6-87b0-fbb48b694cc7');
INSERT INTO "MenuItemCategoryMap" ("id", "menu_item_id", "menu_category_id") VALUES ('536cf988-1869-4290-b47b-3d699d929d37', 'aeaebb6d-054f-45b8-a45c-4af4708156a6', '07333057-5770-45a6-87b0-fbb48b694cc7');
INSERT INTO "MenuItemCategoryMap" ("id", "menu_item_id", "menu_category_id") VALUES ('f76a650c-b816-468c-b6d8-0522155cc970', 'c7f49cbb-2339-44f0-853d-904c7d019450', 'eee3ba6f-e998-45a5-809a-b77f6c028ae0');
INSERT INTO "MenuItemCategoryMap" ("id", "menu_item_id", "menu_category_id") VALUES ('d75981ea-5f75-424b-a3b0-f25a02218176', '2dda51cb-3259-4c9a-a3a4-5243824e8374', 'eee3ba6f-e998-45a5-809a-b77f6c028ae0');
INSERT INTO "MenuItemCategoryMap" ("id", "menu_item_id", "menu_category_id") VALUES ('d4e9edc4-b02b-4d49-9314-d6944a1b720a', 'e528cc14-19e8-4ecc-8a3a-a905eaad199a', 'eee3ba6f-e998-45a5-809a-b77f6c028ae0');
INSERT INTO "MenuItemCategoryMap" ("id", "menu_item_id", "menu_category_id") VALUES ('ebef126e-f474-4b9c-a9a4-36a1a4219789', '83c0bf4d-95f4-4a03-b2fa-9b5216ed7799', 'eee3ba6f-e998-45a5-809a-b77f6c028ae0');
INSERT INTO "MenuItemCategoryMap" ("id", "menu_item_id", "menu_category_id") VALUES ('aa261b5c-0e7d-440a-bb91-a1e7ece95e25', '0a8a8ef4-b835-4fee-ad3f-fcbf5f6dc99e', 'eee3ba6f-e998-45a5-809a-b77f6c028ae0');
INSERT INTO "MenuItemCategoryMap" ("id", "menu_item_id", "menu_category_id") VALUES ('b483b39a-aaf9-4e20-806c-89442d1f8105', 'f2e62d9c-e3d6-4b70-b0b8-55c17ca66dbf', 'eee3ba6f-e998-45a5-809a-b77f6c028ae0');
INSERT INTO "MenuItemCategoryMap" ("id", "menu_item_id", "menu_category_id") VALUES ('011c49d1-71dd-4b03-909d-125f940330db', '2d33a0b4-bd1e-4fa6-bab6-10f39b0e462c', 'eee3ba6f-e998-45a5-809a-b77f6c028ae0');
INSERT INTO "MenuItemCategoryMap" ("id", "menu_item_id", "menu_category_id") VALUES ('8d97f8f4-5d87-4cee-a062-b7ffd39aa6f2', '8a002719-ca75-4f8b-9721-658956ccf94d', 'eee3ba6f-e998-45a5-809a-b77f6c028ae0');
INSERT INTO "MenuItemCategoryMap" ("id", "menu_item_id", "menu_category_id") VALUES ('57620946-1c94-42a3-b84b-2088f7ab30f5', 'beaa54e8-6fa0-4247-9298-172d4af59e12', 'eee3ba6f-e998-45a5-809a-b77f6c028ae0');
INSERT INTO "MenuItemCategoryMap" ("id", "menu_item_id", "menu_category_id") VALUES ('4f7d75cc-4f2c-413e-9ba4-a661155b69ec', '819ee34e-a8e9-497b-96da-d1e3b07394de', 'eee3ba6f-e998-45a5-809a-b77f6c028ae0');
INSERT INTO "MenuItemCategoryMap" ("id", "menu_item_id", "menu_category_id") VALUES ('dbb18d41-0bbb-4ece-8ccf-61d53e33c4d5', 'dc797998-b47a-4ac8-9a86-dd23717676b2', 'eee3ba6f-e998-45a5-809a-b77f6c028ae0');
INSERT INTO "MenuItemCategoryMap" ("id", "menu_item_id", "menu_category_id") VALUES ('ef925391-5b75-48d8-bb61-8e2f251c6600', '9a3de1e3-3314-44d6-8a6a-5ba3a0a42bd1', 'eee3ba6f-e998-45a5-809a-b77f6c028ae0');
INSERT INTO "MenuItemCategoryMap" ("id", "menu_item_id", "menu_category_id") VALUES ('17308146-a86d-4a6a-9276-dd452cedb835', '6085161c-7315-4c17-8db0-083f8eb29427', 'eee3ba6f-e998-45a5-809a-b77f6c028ae0');
INSERT INTO "MenuItemCategoryMap" ("id", "menu_item_id", "menu_category_id") VALUES ('dad59694-c54c-4adf-b573-1ff3692b067a', '3dd49ad3-60c1-4fba-9abe-f272d4dd92c8', 'eee3ba6f-e998-45a5-809a-b77f6c028ae0');
INSERT INTO "MenuItemCategoryMap" ("id", "menu_item_id", "menu_category_id") VALUES ('36ca1344-90db-431c-94ab-e5023711a5e9', '4f150684-2d4c-4d72-b49b-0725f44ff2cd', 'ab30e80d-f03e-4d32-9122-6f6774a56ed6');
INSERT INTO "MenuItemCategoryMap" ("id", "menu_item_id", "menu_category_id") VALUES ('0fb4ddee-a5d1-4fe7-9432-73d507e73a93', '09536f59-6a77-409b-a17a-3250465cca09', 'ab30e80d-f03e-4d32-9122-6f6774a56ed6');
INSERT INTO "MenuItemCategoryMap" ("id", "menu_item_id", "menu_category_id") VALUES ('482760b8-8b55-4bfc-982a-d8a5bd41ab30', '1e620281-f310-45c1-870c-c200beacba35', 'ab30e80d-f03e-4d32-9122-6f6774a56ed6');
INSERT INTO "MenuItemCategoryMap" ("id", "menu_item_id", "menu_category_id") VALUES ('a931cd2a-cfc0-4c46-952c-eb96481dd255', '9bb855b3-f6d1-4945-ba86-2ab81342d88b', 'ab30e80d-f03e-4d32-9122-6f6774a56ed6');
INSERT INTO "MenuItemCategoryMap" ("id", "menu_item_id", "menu_category_id") VALUES ('49829138-dbf0-4169-9611-804a0c59bae0', '126acab8-a3a8-4abe-b2fa-80de5a7961f7', 'ab30e80d-f03e-4d32-9122-6f6774a56ed6');
INSERT INTO "MenuItemCategoryMap" ("id", "menu_item_id", "menu_category_id") VALUES ('84b8b168-0c91-4fd2-a718-ce8890639be1', '9dcd9e58-f438-42c6-9009-1209fe7d6e01', 'ab30e80d-f03e-4d32-9122-6f6774a56ed6');
INSERT INTO "MenuItemCategoryMap" ("id", "menu_item_id", "menu_category_id") VALUES ('1db3d886-4cac-4130-991f-19adc9fbd45f', 'ac2483c0-1a3f-4862-bbdf-f41aa27cce93', 'ab30e80d-f03e-4d32-9122-6f6774a56ed6');
INSERT INTO "MenuItemCategoryMap" ("id", "menu_item_id", "menu_category_id") VALUES ('0d3dd125-a8a0-4e27-afd1-263c689f5925', '7f66a7b6-0f0d-4c50-afed-370d16b639b2', 'ab30e80d-f03e-4d32-9122-6f6774a56ed6');
INSERT INTO "MenuItemCategoryMap" ("id", "menu_item_id", "menu_category_id") VALUES ('3b20c363-14a8-4e1d-8e9b-f2e7fa03b60e', '6857969a-c64f-4710-a478-a16695034b15', 'ab30e80d-f03e-4d32-9122-6f6774a56ed6');
INSERT INTO "MenuItemCategoryMap" ("id", "menu_item_id", "menu_category_id") VALUES ('62db8646-5ee2-4a3c-9074-40c07a679915', '209a86c3-6553-409a-b958-0b39094eb7ae', 'ab30e80d-f03e-4d32-9122-6f6774a56ed6');
INSERT INTO "MenuItemCategoryMap" ("id", "menu_item_id", "menu_category_id") VALUES ('af31e8ae-97d6-4377-908d-85ac4b63cc21', '4f875fb8-3fbb-4b4d-b6d6-c0f1c904d4d1', 'ab30e80d-f03e-4d32-9122-6f6774a56ed6');
INSERT INTO "MenuItemCategoryMap" ("id", "menu_item_id", "menu_category_id") VALUES ('141f098d-ffaa-46c5-8da4-9f7a0cfa2cd6', 'b31cf11f-519d-4f6c-a7fb-075808a16ef8', 'ab30e80d-f03e-4d32-9122-6f6774a56ed6');
INSERT INTO "MenuItemCategoryMap" ("id", "menu_item_id", "menu_category_id") VALUES ('d3f0ce88-2ed8-452b-9207-cb5ca8e80b34', 'a6014894-79c3-496d-a39c-8fffcd93b3d5', 'ab30e80d-f03e-4d32-9122-6f6774a56ed6');
INSERT INTO "MenuItemCategoryMap" ("id", "menu_item_id", "menu_category_id") VALUES ('16f3fef8-6ec3-43bd-98d5-359ca160dcc4', 'c0acb9a0-ed2d-4fa7-b0c2-c4d078333ff6', 'ab30e80d-f03e-4d32-9122-6f6774a56ed6');
INSERT INTO "MenuItemCategoryMap" ("id", "menu_item_id", "menu_category_id") VALUES ('c444ca2e-2f13-483e-9734-4822c8cfb748', 'd6a48c95-117c-49b0-943a-91b65315f057', '9b63fd20-8546-4eb7-9f35-d5b9043b0803');
INSERT INTO "MenuItemCategoryMap" ("id", "menu_item_id", "menu_category_id") VALUES ('8b7f1b71-f062-40ea-b622-f32b8e0a2b10', 'f4050374-7054-4c2c-8318-0ef402d69fea', '9b63fd20-8546-4eb7-9f35-d5b9043b0803');
INSERT INTO "MenuItemCategoryMap" ("id", "menu_item_id", "menu_category_id") VALUES ('ff6ffccc-4a0c-4f1a-b720-f51a61eafa8f', '7a7ef6aa-6ede-4e0b-9422-b45c7f477ccf', '9b63fd20-8546-4eb7-9f35-d5b9043b0803');
INSERT INTO "MenuItemCategoryMap" ("id", "menu_item_id", "menu_category_id") VALUES ('cd11cffd-d15e-4b5c-ac27-23e0095e08c8', 'e24d61bf-4839-41b3-8ec9-232742c67637', '9b63fd20-8546-4eb7-9f35-d5b9043b0803');
INSERT INTO "MenuItemCategoryMap" ("id", "menu_item_id", "menu_category_id") VALUES ('ce29f569-c278-4937-a2c0-ed4232c687bb', '2aa12dda-f410-4beb-96c8-bf7574531373', '9b63fd20-8546-4eb7-9f35-d5b9043b0803');
INSERT INTO "MenuItemCategoryMap" ("id", "menu_item_id", "menu_category_id") VALUES ('27baf643-264e-4889-9cd5-9d2246e6a655', '9c7b9c3e-f39c-430e-9fa1-0839cad43444', '9b63fd20-8546-4eb7-9f35-d5b9043b0803');
INSERT INTO "MenuItemCategoryMap" ("id", "menu_item_id", "menu_category_id") VALUES ('11544998-6007-46c4-8276-88753b79c0ed', '74252e35-bad7-4f15-b6b4-8ccafbcbcd5c', '9b63fd20-8546-4eb7-9f35-d5b9043b0803');
INSERT INTO "MenuItemCategoryMap" ("id", "menu_item_id", "menu_category_id") VALUES ('f1387e2b-7ec9-46b7-b617-40e88fef911f', '62297b1d-a907-466c-a723-5ec913ea5913', '9b63fd20-8546-4eb7-9f35-d5b9043b0803');
INSERT INTO "MenuItemCategoryMap" ("id", "menu_item_id", "menu_category_id") VALUES ('871e9103-f544-43d1-93ed-56882235a243', '51c8d30b-a55d-42d0-969c-a0457d88930d', '9b63fd20-8546-4eb7-9f35-d5b9043b0803');
INSERT INTO "MenuItemCategoryMap" ("id", "menu_item_id", "menu_category_id") VALUES ('188384e4-39e0-494c-acf7-800569757e58', '1d681383-6b92-4389-8c89-82db290a99c8', '9b63fd20-8546-4eb7-9f35-d5b9043b0803');
INSERT INTO "MenuItemCategoryMap" ("id", "menu_item_id", "menu_category_id") VALUES ('06556d38-34d1-4139-aaf5-b7c250e5bdd4', '039acc72-000f-4f8d-b29a-506cf6812fb0', '9b63fd20-8546-4eb7-9f35-d5b9043b0803');
INSERT INTO "MenuItemCategoryMap" ("id", "menu_item_id", "menu_category_id") VALUES ('3391ff85-f5bb-4587-b807-c438b8e924fd', 'a85b0098-4ae8-45a8-949d-1c56dbaf6467', '9b63fd20-8546-4eb7-9f35-d5b9043b0803');
INSERT INTO "MenuItemCategoryMap" ("id", "menu_item_id", "menu_category_id") VALUES ('9c65a041-a8e1-4889-94f7-16047bd740b2', '4b947467-bcd9-47a9-8762-02eb87430aee', '9b63fd20-8546-4eb7-9f35-d5b9043b0803');
INSERT INTO "MenuItemCategoryMap" ("id", "menu_item_id", "menu_category_id") VALUES ('467af0b8-2964-4627-a8c3-1b7166c605c5', 'be95e41f-1a14-488d-a85c-e4b3c1c5b4d7', '9b63fd20-8546-4eb7-9f35-d5b9043b0803');
INSERT INTO "MenuItemCategoryMap" ("id", "menu_item_id", "menu_category_id") VALUES ('08d61fc8-f5cf-47e1-9525-ae79461ccd06', '5cfbb96f-7a6a-4fbf-afed-f7dcac27d461', '4c71472e-f6bb-4b80-b2c9-6ec7e61dcaf6');
INSERT INTO "MenuItemCategoryMap" ("id", "menu_item_id", "menu_category_id") VALUES ('8fa376ce-532b-475d-a0c3-5a7f04c54d86', 'e6f225cf-6e31-496e-b0e8-6082db469766', '4c71472e-f6bb-4b80-b2c9-6ec7e61dcaf6');
INSERT INTO "MenuItemCategoryMap" ("id", "menu_item_id", "menu_category_id") VALUES ('b5c1887a-079d-4381-afed-b56fd51de5b8', '8afacb19-6f69-4636-8f46-744c7123b061', '4c71472e-f6bb-4b80-b2c9-6ec7e61dcaf6');
INSERT INTO "MenuItemCategoryMap" ("id", "menu_item_id", "menu_category_id") VALUES ('d8c871c7-fd42-4a67-be24-31689fc941e8', 'bc3cddb6-e21d-4bbc-bbc9-e7f4a4e84695', '4c71472e-f6bb-4b80-b2c9-6ec7e61dcaf6');
INSERT INTO "MenuItemCategoryMap" ("id", "menu_item_id", "menu_category_id") VALUES ('251d2b3e-e61d-4a67-b4d1-56e4ba9c7f2d', '097fed1c-43e0-4162-8fea-ec85de691ee6', '4c71472e-f6bb-4b80-b2c9-6ec7e61dcaf6');
INSERT INTO "MenuItemCategoryMap" ("id", "menu_item_id", "menu_category_id") VALUES ('01661aef-4c45-42d1-b67d-9df391e5f774', 'b0fdfa91-c448-4a20-824a-55acd9143f74', '4c71472e-f6bb-4b80-b2c9-6ec7e61dcaf6');
INSERT INTO "MenuItemCategoryMap" ("id", "menu_item_id", "menu_category_id") VALUES ('00def47c-749d-4530-9a07-fab9548212a4', 'e7dfdb64-91c7-49c5-8b89-2c8715388af6', '4c71472e-f6bb-4b80-b2c9-6ec7e61dcaf6');
INSERT INTO "MenuItemCategoryMap" ("id", "menu_item_id", "menu_category_id") VALUES ('1bac6c80-f185-45db-9fe3-b8fe0101b455', '8eedcbc2-c902-42f6-be6d-2acac683f050', '4c71472e-f6bb-4b80-b2c9-6ec7e61dcaf6');
INSERT INTO "MenuItemCategoryMap" ("id", "menu_item_id", "menu_category_id") VALUES ('66e80c85-ba23-4b78-81b6-b22c7700ed95', '9487c4d3-da4e-4a16-a6fb-7f701f6f1ff0', '4c71472e-f6bb-4b80-b2c9-6ec7e61dcaf6');
INSERT INTO "MenuItemCategoryMap" ("id", "menu_item_id", "menu_category_id") VALUES ('1d1658c0-0ecc-4a63-9f55-33ce9917fef2', 'f70d3434-fd3d-4ee8-b9f5-fece935a0f95', '4c71472e-f6bb-4b80-b2c9-6ec7e61dcaf6');
INSERT INTO "MenuItemCategoryMap" ("id", "menu_item_id", "menu_category_id") VALUES ('9c9557c5-76ce-4f16-a740-06b70683f1f7', 'ae9fcaf6-525d-4c46-a4b0-fa65e14e243b', '6debc41e-2141-4154-8834-a1ee6edf9e94');
INSERT INTO "MenuItemCategoryMap" ("id", "menu_item_id", "menu_category_id") VALUES ('a6dc255a-128c-4cab-b2e7-f37af46b448e', '9b9a2aeb-7abe-4c8c-b83f-f1d9e59494cc', '6debc41e-2141-4154-8834-a1ee6edf9e94');
INSERT INTO "MenuItemCategoryMap" ("id", "menu_item_id", "menu_category_id") VALUES ('86a143d4-1856-4fcf-af62-7efdd7f47760', '0d55d58a-a107-4285-a157-a20fd3896e4b', '6debc41e-2141-4154-8834-a1ee6edf9e94');
INSERT INTO "MenuItemCategoryMap" ("id", "menu_item_id", "menu_category_id") VALUES ('f73843b2-4a26-4e7e-84f8-706993e6b946', '168b06f4-b6e1-4e5a-b8b6-9891e7bc83ed', '6debc41e-2141-4154-8834-a1ee6edf9e94');
INSERT INTO "MenuItemCategoryMap" ("id", "menu_item_id", "menu_category_id") VALUES ('fe798858-6ffb-460a-9c72-4cf71a1a4aca', '687f649b-b002-4832-ae21-cd547abf7412', '6debc41e-2141-4154-8834-a1ee6edf9e94');
INSERT INTO "MenuItemCategoryMap" ("id", "menu_item_id", "menu_category_id") VALUES ('a69545a6-cf43-4716-8831-8ccdaa048909', '4a7a69fe-3a7d-4f68-826d-14f81dc0b558', '6debc41e-2141-4154-8834-a1ee6edf9e94');
INSERT INTO "Staff" ("id", "name", "password", "role", "status", "created_at", "updated_at") VALUES ('135f779d-4e5f-4ef8-904c-fc9bbde106ca', 'speypos-admin', 'e969ab8dff039d64611b1f93e22c111a982d78a15e08f1e13834f71444319afa74a8d676c8f0d8fde09dfe18bd29f0605503b7a4c3e4f162f9920b20f1ab4779', 'admin', 'active', 1768818536184, NULL);
INSERT INTO "Shift" ("id", "status", "started_at", "ended_at", "date", "telegram_reported_at") VALUES ('3982e9d8-9d03-4f84-8b1d-8af39b55ae25', 'open', 1768818579789, NULL, '2026-01-19', NULL);
INSERT INTO "StaffShift" ("id", "shift_id", "staff_id") VALUES ('f1591a87-13c0-4e4c-a30b-bf3f5a2bca1b', '3982e9d8-9d03-4f84-8b1d-8af39b55ae25', '135f779d-4e5f-4ef8-904c-fc9bbde106ca');
INSERT INTO "Order" ("id", "shift_id", "staff_id", "status", "customer_type", "total_amount", "total_items", "created_at", "printed_at", "telegram_reported_at") VALUES ('08ba8a70-c370-4fdc-8097-a7cc08112a81', '3982e9d8-9d03-4f84-8b1d-8af39b55ae25', '135f779d-4e5f-4ef8-904c-fc9bbde106ca', 'completed', 'take-away', 4000, 1, 1768818854300, 1768818854, 1768818854);
INSERT INTO "Order" ("id", "shift_id", "staff_id", "status", "customer_type", "total_amount", "total_items", "created_at", "printed_at", "telegram_reported_at") VALUES ('91199472-9d38-467b-8032-a04d0e4a7847', '3982e9d8-9d03-4f84-8b1d-8af39b55ae25', '135f779d-4e5f-4ef8-904c-fc9bbde106ca', 'completed', 'take-away', 4000, 1, 1768819709003, 1768819709, 1768819709);
INSERT INTO "OrderItem" ("id", "order_id", "menu_item_id", "quantity", "unit_price") VALUES ('ad6915e5-56ab-40fb-8a66-c35fdb74d02b', '08ba8a70-c370-4fdc-8097-a7cc08112a81', '634d4ad0-7bbc-4d6e-8571-5aa2ebd1a57b', 1, 4000);
INSERT INTO "OrderItem" ("id", "order_id", "menu_item_id", "quantity", "unit_price") VALUES ('701122ea-4462-41ff-84b0-80847c543da2', '91199472-9d38-467b-8032-a04d0e4a7847', '634d4ad0-7bbc-4d6e-8571-5aa2ebd1a57b', 1, 4000);
INSERT INTO "OrderCustomization" ("id", "order_item_id", "name", "option_type", "value", "price") VALUES ('63893da1-ae80-4c42-b5bb-2a174d30d0a7', 'ad6915e5-56ab-40fb-8a66-c35fdb74d02b', 'កម្ដៅ', NULL, 'ត្រជាក់', 0);
INSERT INTO "OrderCustomization" ("id", "order_item_id", "name", "option_type", "value", "price") VALUES ('f81ff701-435c-4de9-a978-ed98f0bb0f91', 'ad6915e5-56ab-40fb-8a66-c35fdb74d02b', 'ស្ក', NULL, '0%', 0);
INSERT INTO "OrderCustomization" ("id", "order_item_id", "name", "option_type", "value", "price") VALUES ('d0e614ce-ed33-4894-b456-ec1d388f6dad', '701122ea-4462-41ff-84b0-80847c543da2', 'កម្ដៅ', NULL, 'ត្រជាក់', 0);
INSERT INTO "OrderCustomization" ("id", "order_item_id", "name", "option_type", "value", "price") VALUES ('9532a1bb-049c-4472-a85d-1431f9de047f', '701122ea-4462-41ff-84b0-80847c543da2', 'ស្ក', NULL, '20%', 0);
INSERT INTO "Payment" ("id", "order_id", "status", "payment_type", "amount", "received_cash", "change", "created_at") VALUES ('49a6cb8d-78cf-4162-8ccd-74f1d5128897', '08ba8a70-c370-4fdc-8097-a7cc08112a81', 'completed', 'cash', 4000, 5000, 1000, 1768818854308);
INSERT INTO "Payment" ("id", "order_id", "status", "payment_type", "amount", "received_cash", "change", "created_at") VALUES ('b45c5751-629d-4e46-b123-bc0e08e38860', '91199472-9d38-467b-8032-a04d0e4a7847', 'completed', 'cash', 4000, 5000, 1000, 1768819709012);
INSERT INTO "CustomizationOptionGroup" ("id", "name", "selection_type", "required", "sort_order", "created_at", "updated_at", "default_option_id") VALUES ('359fbc36-81ce-4512-8bf7-d219d0ef9e7c', 'ស្ក', 'single', 1, 0, 1768445899777, NULL, NULL);
INSERT INTO "CustomizationOptionGroup" ("id", "name", "selection_type", "required", "sort_order", "created_at", "updated_at", "default_option_id") VALUES ('5bb72f25-a306-4d72-a10a-1540dcbf45da', 'កម្ដៅ', 'single', 1, 0, 1768445911060, 1768461887506, NULL);
INSERT INTO "CustomizationOptionGroup" ("id", "name", "selection_type", "required", "sort_order", "created_at", "updated_at", "default_option_id") VALUES ('93a26e07-3ad1-47d5-8ced-8868cbf4c24b', '500+ size up', 'single', 1, 0, 1768462480732, 1768462500127, '00175e41-6295-44c1-92c7-b79409f5ce1a');
INSERT INTO "CustomizationOptionGroup" ("id", "name", "selection_type", "required", "sort_order", "created_at", "updated_at", "default_option_id") VALUES ('af54e769-9b48-49a4-89ad-67f0fd2ff1cf', '1000+ size up', 'single', 1, 0, 1768462524291, 1768462536440, '0c340be3-1a36-462d-b79b-764f777c9dbb');
INSERT INTO "CustomizationOptionGroup" ("id", "name", "selection_type", "required", "sort_order", "created_at", "updated_at", "default_option_id") VALUES ('80e3f218-f434-456e-8318-a495f864fff9', '1500+ size up', 'single', 1, 0, 1768462586560, 1768462597675, '79f3a5ba-13c9-44b8-ace0-67469f74944a');
INSERT INTO "CustomizationOptionGroup" ("id", "name", "selection_type", "required", "sort_order", "created_at", "updated_at", "default_option_id") VALUES ('d9aee916-cdde-4081-8e50-655a2e9a50f7', '2000+ size up', 'single', 1, 0, 1768462617393, 1768462642859, '86f46716-8f3f-4f1d-b51e-ea16755f1c84');
INSERT INTO "CustomizationOptionGroup" ("id", "name", "selection_type", "required", "sort_order", "created_at", "updated_at", "default_option_id") VALUES ('2357efca-28aa-4e9f-99ee-9f647faf9516', 'Topping', 'multiple', 0, 0, 1768535083121, NULL, NULL);
INSERT INTO "CustomizationOption" ("id", "customization_group_id", "label", "price_delta", "sort_order", "created_at", "updated_at") VALUES ('0d169af5-8f41-4211-aa77-0b362ef3ac96', '359fbc36-81ce-4512-8bf7-d219d0ef9e7c', '10%', 0, 1, 1768445963008, 1768461992432);
INSERT INTO "CustomizationOption" ("id", "customization_group_id", "label", "price_delta", "sort_order", "created_at", "updated_at") VALUES ('60c0fbda-ec09-4f22-a85a-b62872c3fa37', '5bb72f25-a306-4d72-a10a-1540dcbf45da', 'ក្ដៅ', 0, 1, 1768446017273, 1768461902933);
INSERT INTO "CustomizationOption" ("id", "customization_group_id", "label", "price_delta", "sort_order", "created_at", "updated_at") VALUES ('ff19e871-fbee-47a3-abe4-57e1cdb5fb3c', '5bb72f25-a306-4d72-a10a-1540dcbf45da', 'ត្រជាក់', 0, 0, 1768446023938, 1768461899234);
INSERT INTO "CustomizationOption" ("id", "customization_group_id", "label", "price_delta", "sort_order", "created_at", "updated_at") VALUES ('228eab9a-7094-4242-969b-6760874345a0', '359fbc36-81ce-4512-8bf7-d219d0ef9e7c', '20%', 0, 2, 1768461925099, 1768461989016);
INSERT INTO "CustomizationOption" ("id", "customization_group_id", "label", "price_delta", "sort_order", "created_at", "updated_at") VALUES ('450610ac-1c35-4a7b-867c-e47f00077c5a', '359fbc36-81ce-4512-8bf7-d219d0ef9e7c', '30%', 0, 3, 1768461931082, 1768461985398);
INSERT INTO "CustomizationOption" ("id", "customization_group_id", "label", "price_delta", "sort_order", "created_at", "updated_at") VALUES ('3b34906c-f30b-4183-82c2-1f0d3f0e43bd', '359fbc36-81ce-4512-8bf7-d219d0ef9e7c', '40%', 0, 4, 1768461937182, 1768461981114);
INSERT INTO "CustomizationOption" ("id", "customization_group_id", "label", "price_delta", "sort_order", "created_at", "updated_at") VALUES ('e353db34-c6e3-4567-b662-e8b418d9fdb7', '359fbc36-81ce-4512-8bf7-d219d0ef9e7c', '50%', 0, 5, 1768461976832, NULL);
INSERT INTO "CustomizationOption" ("id", "customization_group_id", "label", "price_delta", "sort_order", "created_at", "updated_at") VALUES ('949d70f8-a2fc-448b-83ae-0ab6344294f5', '359fbc36-81ce-4512-8bf7-d219d0ef9e7c', '0%', 0, 0, 1768461996815, NULL);
INSERT INTO "CustomizationOption" ("id", "customization_group_id", "label", "price_delta", "sort_order", "created_at", "updated_at") VALUES ('8e28797e-c571-4f73-b366-95de052275a1', '359fbc36-81ce-4512-8bf7-d219d0ef9e7c', '60%', 0, 6, 1768462002981, NULL);
INSERT INTO "CustomizationOption" ("id", "customization_group_id", "label", "price_delta", "sort_order", "created_at", "updated_at") VALUES ('397459ce-2527-47c8-8625-324cfa8c91f7', '359fbc36-81ce-4512-8bf7-d219d0ef9e7c', '70%', 0, 7, 1768462011064, NULL);
INSERT INTO "CustomizationOption" ("id", "customization_group_id", "label", "price_delta", "sort_order", "created_at", "updated_at") VALUES ('a6c9d7ff-a89f-4a46-8561-ba6dcc2fae0b', '359fbc36-81ce-4512-8bf7-d219d0ef9e7c', '80%', 0, 8, 1768462018264, NULL);
INSERT INTO "CustomizationOption" ("id", "customization_group_id", "label", "price_delta", "sort_order", "created_at", "updated_at") VALUES ('a3ded74d-f524-47e9-a279-9b732c7c11dc', '359fbc36-81ce-4512-8bf7-d219d0ef9e7c', '90%', 0, 9, 1768462026666, NULL);
INSERT INTO "CustomizationOption" ("id", "customization_group_id", "label", "price_delta", "sort_order", "created_at", "updated_at") VALUES ('34ca0cbf-3afd-4e3f-b03f-7bb02e0ae4e9', '359fbc36-81ce-4512-8bf7-d219d0ef9e7c', '100%', 0, 10, 1768462036464, NULL);
INSERT INTO "CustomizationOption" ("id", "customization_group_id", "label", "price_delta", "sort_order", "created_at", "updated_at") VALUES ('98feadb4-2c4c-4dcd-94b3-d664462c98fb', '359fbc36-81ce-4512-8bf7-d219d0ef9e7c', '110%', 0, 11, 1768462043698, NULL);
INSERT INTO "CustomizationOption" ("id", "customization_group_id", "label", "price_delta", "sort_order", "created_at", "updated_at") VALUES ('27dafa05-5fc1-4c41-a572-552449683320', '359fbc36-81ce-4512-8bf7-d219d0ef9e7c', '120%', 0, 12, 1768462048830, NULL);
INSERT INTO "CustomizationOption" ("id", "customization_group_id", "label", "price_delta", "sort_order", "created_at", "updated_at") VALUES ('00175e41-6295-44c1-92c7-b79409f5ce1a', '93a26e07-3ad1-47d5-8ced-8868cbf4c24b', 'កែវតូច', 0, 0, 1768462498576, NULL);
INSERT INTO "CustomizationOption" ("id", "customization_group_id", "label", "price_delta", "sort_order", "created_at", "updated_at") VALUES ('8d98c9a7-3f92-494f-8e74-422704bd6a6c', '93a26e07-3ad1-47d5-8ced-8868cbf4c24b', 'កែវធំ', 500, 1, 1768462515093, NULL);
INSERT INTO "CustomizationOption" ("id", "customization_group_id", "label", "price_delta", "sort_order", "created_at", "updated_at") VALUES ('0c340be3-1a36-462d-b79b-764f777c9dbb', 'af54e769-9b48-49a4-89ad-67f0fd2ff1cf', 'កែវតូច', 0, 0, 1768462535192, NULL);
INSERT INTO "CustomizationOption" ("id", "customization_group_id", "label", "price_delta", "sort_order", "created_at", "updated_at") VALUES ('9275abde-ac6f-490c-9a54-5f3f273da4d2', 'af54e769-9b48-49a4-89ad-67f0fd2ff1cf', 'កែវធំ', 1000, 1, 1768462544804, NULL);
INSERT INTO "CustomizationOption" ("id", "customization_group_id", "label", "price_delta", "sort_order", "created_at", "updated_at") VALUES ('79f3a5ba-13c9-44b8-ace0-67469f74944a', '80e3f218-f434-456e-8318-a495f864fff9', 'កែវតូច', 0, 0, 1768462596042, NULL);
INSERT INTO "CustomizationOption" ("id", "customization_group_id", "label", "price_delta", "sort_order", "created_at", "updated_at") VALUES ('2af82f02-66ee-4151-858e-c924f33648bf', '80e3f218-f434-456e-8318-a495f864fff9', 'កែវធំ', 1500, 1, 1768462606758, NULL);
INSERT INTO "CustomizationOption" ("id", "customization_group_id", "label", "price_delta", "sort_order", "created_at", "updated_at") VALUES ('86f46716-8f3f-4f1d-b51e-ea16755f1c84', 'd9aee916-cdde-4081-8e50-655a2e9a50f7', 'កែវតូច', 0, 0, 1768462631758, NULL);
INSERT INTO "CustomizationOption" ("id", "customization_group_id", "label", "price_delta", "sort_order", "created_at", "updated_at") VALUES ('83335cdd-a583-4104-a1e4-cd34cea3854d', 'd9aee916-cdde-4081-8e50-655a2e9a50f7', 'កែវធំ', 2000, 1, 1768462641675, NULL);
INSERT INTO "CustomizationOption" ("id", "customization_group_id", "label", "price_delta", "sort_order", "created_at", "updated_at") VALUES ('a5820ef8-22a0-4c03-b861-c7fb4a62f3b4', '2357efca-28aa-4e9f-99ee-9f647faf9516', 'គុជ', 1000, 0, 1768535096921, NULL);
INSERT INTO "CustomizationOption" ("id", "customization_group_id", "label", "price_delta", "sort_order", "created_at", "updated_at") VALUES ('e9e8b2e2-43c5-4639-bfae-18dd366386ae', '2357efca-28aa-4e9f-99ee-9f647faf9516', 'គ្រីមផ្អែម', 1500, 1, 1768535110888, 1768535119903);
INSERT INTO "CustomizationOption" ("id", "customization_group_id", "label", "price_delta", "sort_order", "created_at", "updated_at") VALUES ('68050a28-68c7-49de-aa0a-8e33822e7904', '2357efca-28aa-4e9f-99ee-9f647faf9516', 'គ្រីមប្រៃ', 1500, 2, 1768535133554, NULL);
INSERT INTO "CustomizationOption" ("id", "customization_group_id", "label", "price_delta", "sort_order", "created_at", "updated_at") VALUES ('5a816942-69b7-4df2-8e93-427fcdbe54e3', '2357efca-28aa-4e9f-99ee-9f647faf9516', 'គ្រីមពងមាន់', 1500, 3, 1768535158535, NULL);
INSERT INTO "CustomizationOption" ("id", "customization_group_id", "label", "price_delta", "sort_order", "created_at", "updated_at") VALUES ('0486b22a-dc93-4ce3-8db7-2e3901eaa12b', '2357efca-28aa-4e9f-99ee-9f647faf9516', 'ទឹកដូងក្រអូប', 2000, 4, 1768535181506, NULL);
INSERT INTO "CustomizationOption" ("id", "customization_group_id", "label", "price_delta", "sort_order", "created_at", "updated_at") VALUES ('f624bfa8-5365-4265-a691-de53537b22cf', '2357efca-28aa-4e9f-99ee-9f647faf9516', 'កាហ្វេម៉ាសុីន', 2000, 5, 1768535196204, NULL);
INSERT INTO "CustomizationOption" ("id", "customization_group_id", "label", "price_delta", "sort_order", "created_at", "updated_at") VALUES ('ba197fec-282b-441f-a1c4-0c960bbd4e17', '2357efca-28aa-4e9f-99ee-9f647faf9516', 'ធូរ៉េន', 3500, 6, 1768535210086, NULL);
INSERT INTO "CustomizationOption" ("id", "customization_group_id", "label", "price_delta", "sort_order", "created_at", "updated_at") VALUES ('a3542c41-60ca-4701-90d7-82a54959c9d0', '2357efca-28aa-4e9f-99ee-9f647faf9516', 'Matcha 1 ខាំ', 1000, 7, 1768535223303, NULL);
INSERT INTO "MenuItemCustomizationGroup" ("id", "menu_item_id", "customization_group_id") VALUES ('b7b23953-c101-4c51-9de6-3f735e11a444', '634d4ad0-7bbc-4d6e-8571-5aa2ebd1a57b', '5bb72f25-a306-4d72-a10a-1540dcbf45da');
INSERT INTO "MenuItemCustomizationGroup" ("id", "menu_item_id", "customization_group_id") VALUES ('e857f0a7-5a9a-4607-a191-ddee54e6ae05', '634d4ad0-7bbc-4d6e-8571-5aa2ebd1a57b', '359fbc36-81ce-4512-8bf7-d219d0ef9e7c');
INSERT INTO "MenuItemCustomizationGroup" ("id", "menu_item_id", "customization_group_id") VALUES ('d1123189-1291-49b9-a111-9c037fbd73bd', '5f8bd1a4-bccb-4d15-89a5-d808e74927a3', '359fbc36-81ce-4512-8bf7-d219d0ef9e7c');
INSERT INTO "MenuItemCustomizationGroup" ("id", "menu_item_id", "customization_group_id") VALUES ('be1737c3-13bd-463c-ba69-20b28b58e197', '5f8bd1a4-bccb-4d15-89a5-d808e74927a3', '5bb72f25-a306-4d72-a10a-1540dcbf45da');
INSERT INTO "MenuItemCustomizationGroup" ("id", "menu_item_id", "customization_group_id") VALUES ('1e5f20d8-db14-45c1-ad3c-ce770a9bb3d9', '1f69823d-0d32-4665-8c5e-cd4307fff4f0', '5bb72f25-a306-4d72-a10a-1540dcbf45da');
INSERT INTO "MenuItemCustomizationGroup" ("id", "menu_item_id", "customization_group_id") VALUES ('74794896-e96e-4d99-98e9-c1862130143b', '1f69823d-0d32-4665-8c5e-cd4307fff4f0', '359fbc36-81ce-4512-8bf7-d219d0ef9e7c');
INSERT INTO "MenuItemCustomizationGroup" ("id", "menu_item_id", "customization_group_id") VALUES ('1267cedf-3093-4ea9-8236-e0884e9bc4f8', '17de86ff-b0f2-411c-bdac-515c7d797316', '359fbc36-81ce-4512-8bf7-d219d0ef9e7c');
INSERT INTO "MenuItemCustomizationGroup" ("id", "menu_item_id", "customization_group_id") VALUES ('e7265f58-ee0b-4232-8d20-a2c3f8163e78', '17de86ff-b0f2-411c-bdac-515c7d797316', '5bb72f25-a306-4d72-a10a-1540dcbf45da');
INSERT INTO "MenuItemCustomizationGroup" ("id", "menu_item_id", "customization_group_id") VALUES ('d864d35e-19ef-427b-b540-bdf6ff5a2091', 'b1c9d49f-e7c9-4d56-b693-b2e0a39cfb24', '359fbc36-81ce-4512-8bf7-d219d0ef9e7c');
INSERT INTO "MenuItemCustomizationGroup" ("id", "menu_item_id", "customization_group_id") VALUES ('de6a2e1d-a1d0-4d5a-be46-ff06b87ce055', 'b1c9d49f-e7c9-4d56-b693-b2e0a39cfb24', '5bb72f25-a306-4d72-a10a-1540dcbf45da');
INSERT INTO "MenuItemCustomizationGroup" ("id", "menu_item_id", "customization_group_id") VALUES ('022db516-f74a-4735-ba5e-4d8acb96c397', '4f670355-c659-4523-83ef-43ee8084e651', '5bb72f25-a306-4d72-a10a-1540dcbf45da');
INSERT INTO "MenuItemCustomizationGroup" ("id", "menu_item_id", "customization_group_id") VALUES ('915b48ac-f92d-40b0-803e-78aae59fef57', '4f670355-c659-4523-83ef-43ee8084e651', '359fbc36-81ce-4512-8bf7-d219d0ef9e7c');
INSERT INTO "MenuItemCustomizationGroup" ("id", "menu_item_id", "customization_group_id") VALUES ('233bf1a8-9564-46e8-9cdc-89e6d5d17f4f', 'dc21ef49-1385-4672-b2f5-0dbce6a91c0b', '5bb72f25-a306-4d72-a10a-1540dcbf45da');
INSERT INTO "MenuItemCustomizationGroup" ("id", "menu_item_id", "customization_group_id") VALUES ('455df538-01f6-4b3a-b049-5f94723e7cd3', 'dc21ef49-1385-4672-b2f5-0dbce6a91c0b', '359fbc36-81ce-4512-8bf7-d219d0ef9e7c');
INSERT INTO "MenuItemCustomizationGroup" ("id", "menu_item_id", "customization_group_id") VALUES ('bfbe5305-15b1-430a-b476-f2e3adcc015f', '4e9e9270-588f-40a4-bf44-24f3c836685f', '359fbc36-81ce-4512-8bf7-d219d0ef9e7c');
INSERT INTO "MenuItemCustomizationGroup" ("id", "menu_item_id", "customization_group_id") VALUES ('e9548664-5cf1-4f67-864d-ab84da5cec6c', '4e9e9270-588f-40a4-bf44-24f3c836685f', '5bb72f25-a306-4d72-a10a-1540dcbf45da');
INSERT INTO "MenuItemCustomizationGroup" ("id", "menu_item_id", "customization_group_id") VALUES ('4423d12e-f21d-4bc9-8122-0a1544801c99', '1a800221-1e86-4ed3-9c41-f7510f771e69', '359fbc36-81ce-4512-8bf7-d219d0ef9e7c');
INSERT INTO "MenuItemCustomizationGroup" ("id", "menu_item_id", "customization_group_id") VALUES ('c3994c19-afde-4251-ac4d-c38727e37979', '1a800221-1e86-4ed3-9c41-f7510f771e69', '5bb72f25-a306-4d72-a10a-1540dcbf45da');
INSERT INTO "MenuItemCustomizationGroup" ("id", "menu_item_id", "customization_group_id") VALUES ('fa2334d7-a246-4f37-9bf0-461997484ad0', '211de09d-8f29-4325-8657-52bd56f033c0', '359fbc36-81ce-4512-8bf7-d219d0ef9e7c');
INSERT INTO "MenuItemCustomizationGroup" ("id", "menu_item_id", "customization_group_id") VALUES ('bd23cb9e-ca7f-4250-9ff8-dc464b5d9b01', 'b0683c48-5dd5-4c7e-968b-8d879417c92c', '93a26e07-3ad1-47d5-8ced-8868cbf4c24b');
INSERT INTO "MenuItemCustomizationGroup" ("id", "menu_item_id", "customization_group_id") VALUES ('37783a67-d486-4592-84b8-dbe4d61d0f91', 'b0683c48-5dd5-4c7e-968b-8d879417c92c', '359fbc36-81ce-4512-8bf7-d219d0ef9e7c');
INSERT INTO "MenuItemCustomizationGroup" ("id", "menu_item_id", "customization_group_id") VALUES ('2c6ce36a-e60f-4c32-ac1a-b21be89cd951', '7f4998a7-51b9-4233-8570-d5252f70383c', '93a26e07-3ad1-47d5-8ced-8868cbf4c24b');
INSERT INTO "MenuItemCustomizationGroup" ("id", "menu_item_id", "customization_group_id") VALUES ('f3ba8c04-e750-4f19-a46b-a2ecf5f11b1d', '7f4998a7-51b9-4233-8570-d5252f70383c', '359fbc36-81ce-4512-8bf7-d219d0ef9e7c');
INSERT INTO "MenuItemCustomizationGroup" ("id", "menu_item_id", "customization_group_id") VALUES ('fe8626bb-ed38-41db-aa3d-c5383dbd6861', '83826401-f891-45ec-801c-2c9499d195de', '80e3f218-f434-456e-8318-a495f864fff9');
INSERT INTO "MenuItemCustomizationGroup" ("id", "menu_item_id", "customization_group_id") VALUES ('4fae85b5-c7db-4c6c-8412-2c71d607718a', '83826401-f891-45ec-801c-2c9499d195de', '359fbc36-81ce-4512-8bf7-d219d0ef9e7c');
INSERT INTO "MenuItemCustomizationGroup" ("id", "menu_item_id", "customization_group_id") VALUES ('9fd17677-a0ed-4a64-b5c5-97a3a8088356', '07b695d9-a7f8-45e7-943a-c4e64ed50fb9', '93a26e07-3ad1-47d5-8ced-8868cbf4c24b');
INSERT INTO "MenuItemCustomizationGroup" ("id", "menu_item_id", "customization_group_id") VALUES ('8ec9c044-2f08-4ccb-9558-9004554f12c5', '07b695d9-a7f8-45e7-943a-c4e64ed50fb9', '359fbc36-81ce-4512-8bf7-d219d0ef9e7c');
INSERT INTO "MenuItemCustomizationGroup" ("id", "menu_item_id", "customization_group_id") VALUES ('d8c756f0-f36b-48c3-a37c-f952cd80165e', '57d8fa78-e098-430d-afc6-a4ae411691c6', '93a26e07-3ad1-47d5-8ced-8868cbf4c24b');
INSERT INTO "MenuItemCustomizationGroup" ("id", "menu_item_id", "customization_group_id") VALUES ('020e7654-0151-465e-ae38-520bc879d8d4', '57d8fa78-e098-430d-afc6-a4ae411691c6', '359fbc36-81ce-4512-8bf7-d219d0ef9e7c');
INSERT INTO "MenuItemCustomizationGroup" ("id", "menu_item_id", "customization_group_id") VALUES ('27a4da28-155b-4b0e-b5dc-2fbc05853966', '93d8b8bf-475f-4382-8712-0701f2398f3a', '93a26e07-3ad1-47d5-8ced-8868cbf4c24b');
INSERT INTO "MenuItemCustomizationGroup" ("id", "menu_item_id", "customization_group_id") VALUES ('c60728de-4e9e-40ce-bf65-5d9967d93b8f', '93d8b8bf-475f-4382-8712-0701f2398f3a', '359fbc36-81ce-4512-8bf7-d219d0ef9e7c');
INSERT INTO "MenuItemCustomizationGroup" ("id", "menu_item_id", "customization_group_id") VALUES ('12d8d2c2-94b2-4f5b-aff3-9ebacda43f25', '4a17ba41-afde-4b89-818c-a8c45d11febd', '93a26e07-3ad1-47d5-8ced-8868cbf4c24b');
INSERT INTO "MenuItemCustomizationGroup" ("id", "menu_item_id", "customization_group_id") VALUES ('2b3809e1-ec27-4b43-b884-b4c86e6ef5e5', '4a17ba41-afde-4b89-818c-a8c45d11febd', '359fbc36-81ce-4512-8bf7-d219d0ef9e7c');
INSERT INTO "MenuItemCustomizationGroup" ("id", "menu_item_id", "customization_group_id") VALUES ('d64c2576-32d0-48ce-9f02-455ae24fc2e6', '051fc2be-e75a-49b7-9ae4-f16fe2107722', '93a26e07-3ad1-47d5-8ced-8868cbf4c24b');
INSERT INTO "MenuItemCustomizationGroup" ("id", "menu_item_id", "customization_group_id") VALUES ('86d8861a-cb35-400f-9196-2acdad467350', '051fc2be-e75a-49b7-9ae4-f16fe2107722', '359fbc36-81ce-4512-8bf7-d219d0ef9e7c');
INSERT INTO "MenuItemCustomizationGroup" ("id", "menu_item_id", "customization_group_id") VALUES ('4c372f0a-90dd-4b43-88d8-d5621d49a4e7', 'fe34cfb5-113a-4443-8e02-f40527200a32', '93a26e07-3ad1-47d5-8ced-8868cbf4c24b');
INSERT INTO "MenuItemCustomizationGroup" ("id", "menu_item_id", "customization_group_id") VALUES ('d368b646-84e4-471f-b7e6-b6be0d655ac0', 'fe34cfb5-113a-4443-8e02-f40527200a32', '359fbc36-81ce-4512-8bf7-d219d0ef9e7c');
INSERT INTO "MenuItemCustomizationGroup" ("id", "menu_item_id", "customization_group_id") VALUES ('c4628365-8fda-42dc-93b5-394fdb85c80a', 'cb2b64ed-79bc-4cd0-80a6-c42101882ed0', '93a26e07-3ad1-47d5-8ced-8868cbf4c24b');
INSERT INTO "MenuItemCustomizationGroup" ("id", "menu_item_id", "customization_group_id") VALUES ('94f0d454-0715-40c7-b536-55908f0fab4b', 'cb2b64ed-79bc-4cd0-80a6-c42101882ed0', '359fbc36-81ce-4512-8bf7-d219d0ef9e7c');
INSERT INTO "MenuItemCustomizationGroup" ("id", "menu_item_id", "customization_group_id") VALUES ('0251f986-c062-48d6-8816-c299fab34ad0', 'f3c4835b-7100-445a-84ee-7cc4df69eb9c', 'af54e769-9b48-49a4-89ad-67f0fd2ff1cf');
INSERT INTO "MenuItemCustomizationGroup" ("id", "menu_item_id", "customization_group_id") VALUES ('92100122-acb1-4fe7-802f-86ea0afe2fe1', 'f3c4835b-7100-445a-84ee-7cc4df69eb9c', '359fbc36-81ce-4512-8bf7-d219d0ef9e7c');
INSERT INTO "MenuItemCustomizationGroup" ("id", "menu_item_id", "customization_group_id") VALUES ('797e09cb-0c54-43d0-8f64-940cdd729c3d', 'ff9fd796-2c00-4a68-9dca-473516b2db89', '93a26e07-3ad1-47d5-8ced-8868cbf4c24b');
INSERT INTO "MenuItemCustomizationGroup" ("id", "menu_item_id", "customization_group_id") VALUES ('8685874c-e77d-4cf0-a3b6-3f856afbf0c1', 'ff9fd796-2c00-4a68-9dca-473516b2db89', '359fbc36-81ce-4512-8bf7-d219d0ef9e7c');
INSERT INTO "MenuItemCustomizationGroup" ("id", "menu_item_id", "customization_group_id") VALUES ('31c2edad-0429-4342-a6cf-7b3404f47605', '8c5530c0-a023-4930-8627-555a616a1b9a', 'af54e769-9b48-49a4-89ad-67f0fd2ff1cf');
INSERT INTO "MenuItemCustomizationGroup" ("id", "menu_item_id", "customization_group_id") VALUES ('4e73a1ef-f4a0-4932-8336-cdf34b669501', '8c5530c0-a023-4930-8627-555a616a1b9a', '359fbc36-81ce-4512-8bf7-d219d0ef9e7c');
INSERT INTO "MenuItemCustomizationGroup" ("id", "menu_item_id", "customization_group_id") VALUES ('dd8a2760-89a9-4a46-b2c3-c9e74361ad40', '80fd3c8f-afdc-4381-8384-377bda132154', 'af54e769-9b48-49a4-89ad-67f0fd2ff1cf');
INSERT INTO "MenuItemCustomizationGroup" ("id", "menu_item_id", "customization_group_id") VALUES ('bcf8e27a-99d1-4dc0-8528-6b184f5d284a', '80fd3c8f-afdc-4381-8384-377bda132154', '359fbc36-81ce-4512-8bf7-d219d0ef9e7c');
INSERT INTO "MenuItemCustomizationGroup" ("id", "menu_item_id", "customization_group_id") VALUES ('c36ea249-7c82-419e-b9d7-2dd7d02f4e5e', '4b8a69b5-aa91-4270-b157-cd3b54d1f4d9', 'af54e769-9b48-49a4-89ad-67f0fd2ff1cf');
INSERT INTO "MenuItemCustomizationGroup" ("id", "menu_item_id", "customization_group_id") VALUES ('2ccf26d2-a61e-401b-a1f7-e9d340dc028e', '4b8a69b5-aa91-4270-b157-cd3b54d1f4d9', '359fbc36-81ce-4512-8bf7-d219d0ef9e7c');
INSERT INTO "MenuItemCustomizationGroup" ("id", "menu_item_id", "customization_group_id") VALUES ('e1b22dac-c719-44c1-a9d7-3d91e796e850', '9494d8c8-9e85-4bbb-810a-0b1802adac1f', 'af54e769-9b48-49a4-89ad-67f0fd2ff1cf');
INSERT INTO "MenuItemCustomizationGroup" ("id", "menu_item_id", "customization_group_id") VALUES ('7a285717-841b-4017-b808-ea5c6658c314', '9494d8c8-9e85-4bbb-810a-0b1802adac1f', '359fbc36-81ce-4512-8bf7-d219d0ef9e7c');
INSERT INTO "MenuItemCustomizationGroup" ("id", "menu_item_id", "customization_group_id") VALUES ('bb1a7cca-513d-4a76-8768-3b2bf348ccde', '4ed47eb8-3ff3-4069-9c41-ab4029bfd529', 'af54e769-9b48-49a4-89ad-67f0fd2ff1cf');
INSERT INTO "MenuItemCustomizationGroup" ("id", "menu_item_id", "customization_group_id") VALUES ('58d92ce1-5c44-44a4-a069-7a77eaf236b9', '4ed47eb8-3ff3-4069-9c41-ab4029bfd529', '359fbc36-81ce-4512-8bf7-d219d0ef9e7c');
INSERT INTO "MenuItemCustomizationGroup" ("id", "menu_item_id", "customization_group_id") VALUES ('f0f95a1f-9d59-4200-aeb4-ff742f10f7cc', 'b6544f8f-8ce3-4fde-8fa6-d21980c1e2a4', 'af54e769-9b48-49a4-89ad-67f0fd2ff1cf');
INSERT INTO "MenuItemCustomizationGroup" ("id", "menu_item_id", "customization_group_id") VALUES ('4bbae1cc-5231-4b9c-aa50-9460042a5f25', 'b6544f8f-8ce3-4fde-8fa6-d21980c1e2a4', '359fbc36-81ce-4512-8bf7-d219d0ef9e7c');
INSERT INTO "MenuItemCustomizationGroup" ("id", "menu_item_id", "customization_group_id") VALUES ('d7437f87-bb34-451f-8ce4-72e9ee8310c8', '7182a19b-cf72-4252-8ef0-acf42566f898', 'af54e769-9b48-49a4-89ad-67f0fd2ff1cf');
INSERT INTO "MenuItemCustomizationGroup" ("id", "menu_item_id", "customization_group_id") VALUES ('915fd734-fa78-4d58-b2d5-58dc40e803c9', '7182a19b-cf72-4252-8ef0-acf42566f898', '359fbc36-81ce-4512-8bf7-d219d0ef9e7c');
INSERT INTO "MenuItemCustomizationGroup" ("id", "menu_item_id", "customization_group_id") VALUES ('898c3475-6908-4914-80de-f2874ecb8f03', '1f275ef8-afaf-42c7-a768-bf79074896db', 'af54e769-9b48-49a4-89ad-67f0fd2ff1cf');
INSERT INTO "MenuItemCustomizationGroup" ("id", "menu_item_id", "customization_group_id") VALUES ('41ca04d4-6313-4442-a609-b781d2e0f382', '1f275ef8-afaf-42c7-a768-bf79074896db', '359fbc36-81ce-4512-8bf7-d219d0ef9e7c');
INSERT INTO "MenuItemCustomizationGroup" ("id", "menu_item_id", "customization_group_id") VALUES ('a898e2f1-258b-4c95-997e-e15ff1834ead', 'aedc5f7c-a3d0-41f7-8026-8c355dcd0988', 'af54e769-9b48-49a4-89ad-67f0fd2ff1cf');
INSERT INTO "MenuItemCustomizationGroup" ("id", "menu_item_id", "customization_group_id") VALUES ('121d894b-d769-496f-8742-c6465dd6767b', 'aedc5f7c-a3d0-41f7-8026-8c355dcd0988', '359fbc36-81ce-4512-8bf7-d219d0ef9e7c');
INSERT INTO "MenuItemCustomizationGroup" ("id", "menu_item_id", "customization_group_id") VALUES ('dd8ac47c-8c10-448a-bee5-0bb6c31c34e0', '8105bb5b-b80d-495e-a4a8-01958f18694c', 'af54e769-9b48-49a4-89ad-67f0fd2ff1cf');
INSERT INTO "MenuItemCustomizationGroup" ("id", "menu_item_id", "customization_group_id") VALUES ('8028922c-966c-43ce-979f-b5837de1e641', '8105bb5b-b80d-495e-a4a8-01958f18694c', '359fbc36-81ce-4512-8bf7-d219d0ef9e7c');
INSERT INTO "MenuItemCustomizationGroup" ("id", "menu_item_id", "customization_group_id") VALUES ('badc93cf-3fb9-4265-b5ee-491611e3f933', '02acdb0a-a787-4bb9-9f25-1a7286fb773a', 'af54e769-9b48-49a4-89ad-67f0fd2ff1cf');
INSERT INTO "MenuItemCustomizationGroup" ("id", "menu_item_id", "customization_group_id") VALUES ('e4828003-06ea-401c-9b14-1bb3afc816b0', '02acdb0a-a787-4bb9-9f25-1a7286fb773a', '359fbc36-81ce-4512-8bf7-d219d0ef9e7c');
INSERT INTO "MenuItemCustomizationGroup" ("id", "menu_item_id", "customization_group_id") VALUES ('0e9069e0-1302-4ffb-9918-f0ab5bc990fd', '147073c0-75c6-42f7-b533-b8b620e4f921', 'af54e769-9b48-49a4-89ad-67f0fd2ff1cf');
INSERT INTO "MenuItemCustomizationGroup" ("id", "menu_item_id", "customization_group_id") VALUES ('2cf858eb-1cc5-43b0-b82b-41d463c52e9e', '147073c0-75c6-42f7-b533-b8b620e4f921', '359fbc36-81ce-4512-8bf7-d219d0ef9e7c');
INSERT INTO "MenuItemCustomizationGroup" ("id", "menu_item_id", "customization_group_id") VALUES ('0c722571-ae39-43d1-89a7-0857bc3518ef', '259b0ab5-5773-4e5d-94ac-9477ea12dd0c', 'af54e769-9b48-49a4-89ad-67f0fd2ff1cf');
INSERT INTO "MenuItemCustomizationGroup" ("id", "menu_item_id", "customization_group_id") VALUES ('3f2953fe-da0a-46fe-8bec-69b4850004da', '259b0ab5-5773-4e5d-94ac-9477ea12dd0c', '359fbc36-81ce-4512-8bf7-d219d0ef9e7c');
INSERT INTO "MenuItemCustomizationGroup" ("id", "menu_item_id", "customization_group_id") VALUES ('c2e29453-df2d-4c35-b2b6-e17c5933cf14', '2d73181d-1163-4ed1-bc85-8035147e7b3d', 'af54e769-9b48-49a4-89ad-67f0fd2ff1cf');
INSERT INTO "MenuItemCustomizationGroup" ("id", "menu_item_id", "customization_group_id") VALUES ('d3e8bba4-3ed6-4d6b-8da1-e874d743a47b', '2d73181d-1163-4ed1-bc85-8035147e7b3d', '359fbc36-81ce-4512-8bf7-d219d0ef9e7c');
INSERT INTO "MenuItemCustomizationGroup" ("id", "menu_item_id", "customization_group_id") VALUES ('450a4a39-c0e0-4e95-96f6-7d43309dcc2e', '2417b791-dbdb-4368-b88d-aaeda50a6919', 'af54e769-9b48-49a4-89ad-67f0fd2ff1cf');
INSERT INTO "MenuItemCustomizationGroup" ("id", "menu_item_id", "customization_group_id") VALUES ('e77200fc-d66e-466d-9409-9b1742278756', '2417b791-dbdb-4368-b88d-aaeda50a6919', '359fbc36-81ce-4512-8bf7-d219d0ef9e7c');
INSERT INTO "MenuItemCustomizationGroup" ("id", "menu_item_id", "customization_group_id") VALUES ('6db23d66-9720-4dde-9a4a-74355784ec12', '98c630c7-6910-44b1-b9cf-316681b799d4', 'af54e769-9b48-49a4-89ad-67f0fd2ff1cf');
INSERT INTO "MenuItemCustomizationGroup" ("id", "menu_item_id", "customization_group_id") VALUES ('b8cc1183-eba5-451e-8ec0-64ead1bba5a5', '98c630c7-6910-44b1-b9cf-316681b799d4', '359fbc36-81ce-4512-8bf7-d219d0ef9e7c');
INSERT INTO "MenuItemCustomizationGroup" ("id", "menu_item_id", "customization_group_id") VALUES ('c1af4dd5-474a-4532-a2fe-0aad72599fda', 'a88b6bdc-1f1d-4e21-89e2-ca6b63228426', 'af54e769-9b48-49a4-89ad-67f0fd2ff1cf');
INSERT INTO "MenuItemCustomizationGroup" ("id", "menu_item_id", "customization_group_id") VALUES ('74adfdd2-b10f-4999-8dd6-649fe7d1c002', 'a88b6bdc-1f1d-4e21-89e2-ca6b63228426', '359fbc36-81ce-4512-8bf7-d219d0ef9e7c');
INSERT INTO "MenuItemCustomizationGroup" ("id", "menu_item_id", "customization_group_id") VALUES ('0f91af16-696a-42bc-a2d3-0dbc3fa36dff', 'd38fd948-4b9e-41c6-b7c9-d3961cb1c29c', 'af54e769-9b48-49a4-89ad-67f0fd2ff1cf');
INSERT INTO "MenuItemCustomizationGroup" ("id", "menu_item_id", "customization_group_id") VALUES ('f2ae61ea-88fb-41f4-bcc4-3dcd90ce56b4', 'd38fd948-4b9e-41c6-b7c9-d3961cb1c29c', '359fbc36-81ce-4512-8bf7-d219d0ef9e7c');
INSERT INTO "MenuItemCustomizationGroup" ("id", "menu_item_id", "customization_group_id") VALUES ('ac31ac13-35e5-42b8-970d-488032af3d14', '268d530c-89ed-4950-b07b-45be1478bd38', '359fbc36-81ce-4512-8bf7-d219d0ef9e7c');
INSERT INTO "MenuItemCustomizationGroup" ("id", "menu_item_id", "customization_group_id") VALUES ('b2dfba40-d5d9-487f-ad5f-9134d7482ce6', 'b7edd196-35e2-4f10-9d24-0bb5fd52b4fa', '359fbc36-81ce-4512-8bf7-d219d0ef9e7c');
INSERT INTO "MenuItemCustomizationGroup" ("id", "menu_item_id", "customization_group_id") VALUES ('441f5e3e-76e8-4388-8462-56f36bc003a5', '2c488e89-70c0-4f86-bd99-9bc5107fae70', 'af54e769-9b48-49a4-89ad-67f0fd2ff1cf');
INSERT INTO "MenuItemCustomizationGroup" ("id", "menu_item_id", "customization_group_id") VALUES ('0f74681d-292a-4757-a07f-f9e9765aba76', '2c488e89-70c0-4f86-bd99-9bc5107fae70', '359fbc36-81ce-4512-8bf7-d219d0ef9e7c');
INSERT INTO "MenuItemCustomizationGroup" ("id", "menu_item_id", "customization_group_id") VALUES ('e6e4d11f-c3fd-43a3-bbae-d75e2aab1b5d', '267fd07d-793c-48c2-9bc8-090031bdbb82', 'af54e769-9b48-49a4-89ad-67f0fd2ff1cf');
INSERT INTO "MenuItemCustomizationGroup" ("id", "menu_item_id", "customization_group_id") VALUES ('6ef87819-b18a-479b-97a9-9a28362b7afd', '267fd07d-793c-48c2-9bc8-090031bdbb82', '359fbc36-81ce-4512-8bf7-d219d0ef9e7c');
INSERT INTO "MenuItemCustomizationGroup" ("id", "menu_item_id", "customization_group_id") VALUES ('e7eda362-0a43-4a82-8a35-0f3cd965894a', '5b7658d0-0aca-4405-ac86-842a28828e38', 'af54e769-9b48-49a4-89ad-67f0fd2ff1cf');
INSERT INTO "MenuItemCustomizationGroup" ("id", "menu_item_id", "customization_group_id") VALUES ('e2ef13ef-4a73-44b2-b812-5e3fa8390542', '5b7658d0-0aca-4405-ac86-842a28828e38', '359fbc36-81ce-4512-8bf7-d219d0ef9e7c');
INSERT INTO "MenuItemCustomizationGroup" ("id", "menu_item_id", "customization_group_id") VALUES ('c9323b67-f4e5-4d19-9af5-661fb23dab6b', '8e91caca-452c-4ff0-b70b-af84dc9d9bc8', 'af54e769-9b48-49a4-89ad-67f0fd2ff1cf');
INSERT INTO "MenuItemCustomizationGroup" ("id", "menu_item_id", "customization_group_id") VALUES ('325651ba-54b1-4b8e-b395-e8fe801d24a2', '8e91caca-452c-4ff0-b70b-af84dc9d9bc8', '359fbc36-81ce-4512-8bf7-d219d0ef9e7c');
INSERT INTO "MenuItemCustomizationGroup" ("id", "menu_item_id", "customization_group_id") VALUES ('b06bf3da-92fd-42eb-a8eb-989024463c83', 'e6a53781-f58d-4776-bb09-e437b437ddee', 'af54e769-9b48-49a4-89ad-67f0fd2ff1cf');
INSERT INTO "MenuItemCustomizationGroup" ("id", "menu_item_id", "customization_group_id") VALUES ('4b35bd3a-4990-4e59-a681-ad2f48139378', 'e6a53781-f58d-4776-bb09-e437b437ddee', '359fbc36-81ce-4512-8bf7-d219d0ef9e7c');
INSERT INTO "MenuItemCustomizationGroup" ("id", "menu_item_id", "customization_group_id") VALUES ('11e27445-ba1a-48c8-8ae2-0469abd08eb7', 'a719dc7e-c97a-4670-8a28-0d399242cfc1', 'af54e769-9b48-49a4-89ad-67f0fd2ff1cf');
INSERT INTO "MenuItemCustomizationGroup" ("id", "menu_item_id", "customization_group_id") VALUES ('08dd00e0-5cf3-4aa7-b9d0-225869d39909', 'a719dc7e-c97a-4670-8a28-0d399242cfc1', '359fbc36-81ce-4512-8bf7-d219d0ef9e7c');
INSERT INTO "MenuItemCustomizationGroup" ("id", "menu_item_id", "customization_group_id") VALUES ('75281313-89c9-4081-9f5a-1bb11b6d18e5', 'ecbb4a92-66bf-473b-9957-38702b5a3899', 'af54e769-9b48-49a4-89ad-67f0fd2ff1cf');
INSERT INTO "MenuItemCustomizationGroup" ("id", "menu_item_id", "customization_group_id") VALUES ('f453465c-1994-40e6-b8e9-52aaadecf707', 'ecbb4a92-66bf-473b-9957-38702b5a3899', '359fbc36-81ce-4512-8bf7-d219d0ef9e7c');
INSERT INTO "MenuItemCustomizationGroup" ("id", "menu_item_id", "customization_group_id") VALUES ('7bf262c3-7517-4a37-966a-5db64be687a5', 'cc4b5816-f988-4829-848a-6e15e6fd0b21', 'af54e769-9b48-49a4-89ad-67f0fd2ff1cf');
INSERT INTO "MenuItemCustomizationGroup" ("id", "menu_item_id", "customization_group_id") VALUES ('dd2a0706-baf0-49cd-836f-c7b177d8da7c', 'cc4b5816-f988-4829-848a-6e15e6fd0b21', '359fbc36-81ce-4512-8bf7-d219d0ef9e7c');
INSERT INTO "MenuItemCustomizationGroup" ("id", "menu_item_id", "customization_group_id") VALUES ('92425da9-daea-46b3-b9d6-28150f57e096', 'aeaebb6d-054f-45b8-a45c-4af4708156a6', 'af54e769-9b48-49a4-89ad-67f0fd2ff1cf');
INSERT INTO "MenuItemCustomizationGroup" ("id", "menu_item_id", "customization_group_id") VALUES ('97909b3d-15cb-48fe-9490-e26f5da78c45', 'aeaebb6d-054f-45b8-a45c-4af4708156a6', '359fbc36-81ce-4512-8bf7-d219d0ef9e7c');
INSERT INTO "MenuItemCustomizationGroup" ("id", "menu_item_id", "customization_group_id") VALUES ('1f05041f-6f3e-4f44-9fc5-f99382ee2434', 'c7f49cbb-2339-44f0-853d-904c7d019450', '359fbc36-81ce-4512-8bf7-d219d0ef9e7c');
INSERT INTO "MenuItemCustomizationGroup" ("id", "menu_item_id", "customization_group_id") VALUES ('3b07c42e-6a60-4107-a078-18925253096a', '2dda51cb-3259-4c9a-a3a4-5243824e8374', '359fbc36-81ce-4512-8bf7-d219d0ef9e7c');
INSERT INTO "MenuItemCustomizationGroup" ("id", "menu_item_id", "customization_group_id") VALUES ('338ff216-0bae-40bc-9e9a-871e72b135a1', 'e528cc14-19e8-4ecc-8a3a-a905eaad199a', '359fbc36-81ce-4512-8bf7-d219d0ef9e7c');
INSERT INTO "MenuItemCustomizationGroup" ("id", "menu_item_id", "customization_group_id") VALUES ('c90513b6-8074-49c2-ab3e-885cbf711a56', '83c0bf4d-95f4-4a03-b2fa-9b5216ed7799', '359fbc36-81ce-4512-8bf7-d219d0ef9e7c');
INSERT INTO "MenuItemCustomizationGroup" ("id", "menu_item_id", "customization_group_id") VALUES ('744c2201-b91f-4b9c-99ca-4d7bd6660adc', '0a8a8ef4-b835-4fee-ad3f-fcbf5f6dc99e', '359fbc36-81ce-4512-8bf7-d219d0ef9e7c');
INSERT INTO "MenuItemCustomizationGroup" ("id", "menu_item_id", "customization_group_id") VALUES ('56925eb5-ca2a-4780-ab7b-994d4059701d', 'f2e62d9c-e3d6-4b70-b0b8-55c17ca66dbf', '359fbc36-81ce-4512-8bf7-d219d0ef9e7c');
INSERT INTO "MenuItemCustomizationGroup" ("id", "menu_item_id", "customization_group_id") VALUES ('b23c36a0-0281-45ed-8075-6bf12e00bc39', '2d33a0b4-bd1e-4fa6-bab6-10f39b0e462c', '359fbc36-81ce-4512-8bf7-d219d0ef9e7c');
INSERT INTO "MenuItemCustomizationGroup" ("id", "menu_item_id", "customization_group_id") VALUES ('0d86d721-e2e7-4f84-8cc0-017614dac1f5', '8a002719-ca75-4f8b-9721-658956ccf94d', '359fbc36-81ce-4512-8bf7-d219d0ef9e7c');
INSERT INTO "MenuItemCustomizationGroup" ("id", "menu_item_id", "customization_group_id") VALUES ('8865ff36-c576-4d5f-868a-ba9c123d7cb4', 'beaa54e8-6fa0-4247-9298-172d4af59e12', '359fbc36-81ce-4512-8bf7-d219d0ef9e7c');
INSERT INTO "MenuItemCustomizationGroup" ("id", "menu_item_id", "customization_group_id") VALUES ('0f010d4a-3016-4f94-a133-be3f7d6d825d', '819ee34e-a8e9-497b-96da-d1e3b07394de', '359fbc36-81ce-4512-8bf7-d219d0ef9e7c');
INSERT INTO "MenuItemCustomizationGroup" ("id", "menu_item_id", "customization_group_id") VALUES ('8d05c13c-fc6d-4499-a713-59ad9326a9a5', 'dc797998-b47a-4ac8-9a86-dd23717676b2', '359fbc36-81ce-4512-8bf7-d219d0ef9e7c');
INSERT INTO "MenuItemCustomizationGroup" ("id", "menu_item_id", "customization_group_id") VALUES ('1c42d48f-c8d2-4821-97a4-858d36b58b41', '9a3de1e3-3314-44d6-8a6a-5ba3a0a42bd1', '359fbc36-81ce-4512-8bf7-d219d0ef9e7c');
INSERT INTO "MenuItemCustomizationGroup" ("id", "menu_item_id", "customization_group_id") VALUES ('aa5dbb0d-aa54-47d9-955d-aae38d9d2d1a', '6085161c-7315-4c17-8db0-083f8eb29427', '359fbc36-81ce-4512-8bf7-d219d0ef9e7c');
INSERT INTO "MenuItemCustomizationGroup" ("id", "menu_item_id", "customization_group_id") VALUES ('fd7e03a2-a006-4795-bc21-e8667f897c0e', '3dd49ad3-60c1-4fba-9abe-f272d4dd92c8', '359fbc36-81ce-4512-8bf7-d219d0ef9e7c');
INSERT INTO "MenuItemCustomizationGroup" ("id", "menu_item_id", "customization_group_id") VALUES ('4955f69f-ec42-4087-8a0d-2219e60c52a5', '4f150684-2d4c-4d72-b49b-0725f44ff2cd', '359fbc36-81ce-4512-8bf7-d219d0ef9e7c');
INSERT INTO "MenuItemCustomizationGroup" ("id", "menu_item_id", "customization_group_id") VALUES ('e80f182f-c137-4ee8-b618-268d2859b3a8', '09536f59-6a77-409b-a17a-3250465cca09', '359fbc36-81ce-4512-8bf7-d219d0ef9e7c');
INSERT INTO "MenuItemCustomizationGroup" ("id", "menu_item_id", "customization_group_id") VALUES ('ff65ddc6-375c-4e2e-abaa-adb968329b82', '1e620281-f310-45c1-870c-c200beacba35', '359fbc36-81ce-4512-8bf7-d219d0ef9e7c');
INSERT INTO "MenuItemCustomizationGroup" ("id", "menu_item_id", "customization_group_id") VALUES ('e35f3669-3a66-473a-896a-843042e4f257', '9bb855b3-f6d1-4945-ba86-2ab81342d88b', '359fbc36-81ce-4512-8bf7-d219d0ef9e7c');
INSERT INTO "MenuItemCustomizationGroup" ("id", "menu_item_id", "customization_group_id") VALUES ('5a29ddd6-a5ac-4a8a-a726-d02f6aca76e9', '126acab8-a3a8-4abe-b2fa-80de5a7961f7', '359fbc36-81ce-4512-8bf7-d219d0ef9e7c');
INSERT INTO "MenuItemCustomizationGroup" ("id", "menu_item_id", "customization_group_id") VALUES ('325dc461-962b-4f8e-a418-67c7073c1b94', '9dcd9e58-f438-42c6-9009-1209fe7d6e01', '359fbc36-81ce-4512-8bf7-d219d0ef9e7c');
INSERT INTO "MenuItemCustomizationGroup" ("id", "menu_item_id", "customization_group_id") VALUES ('caed8618-9aac-422f-8428-77b0cf17affe', 'ac2483c0-1a3f-4862-bbdf-f41aa27cce93', '359fbc36-81ce-4512-8bf7-d219d0ef9e7c');
INSERT INTO "MenuItemCustomizationGroup" ("id", "menu_item_id", "customization_group_id") VALUES ('70fff2d6-100d-4466-afca-65b805cdfba9', '7f66a7b6-0f0d-4c50-afed-370d16b639b2', '359fbc36-81ce-4512-8bf7-d219d0ef9e7c');
INSERT INTO "MenuItemCustomizationGroup" ("id", "menu_item_id", "customization_group_id") VALUES ('6e1d3d3f-2e1b-4b9a-9793-b9baf8185e14', '6857969a-c64f-4710-a478-a16695034b15', '359fbc36-81ce-4512-8bf7-d219d0ef9e7c');
INSERT INTO "MenuItemCustomizationGroup" ("id", "menu_item_id", "customization_group_id") VALUES ('0b4a5d0a-a421-4ef3-9912-8aab455d5060', '209a86c3-6553-409a-b958-0b39094eb7ae', '359fbc36-81ce-4512-8bf7-d219d0ef9e7c');
INSERT INTO "MenuItemCustomizationGroup" ("id", "menu_item_id", "customization_group_id") VALUES ('1889b6bf-e4c2-419e-9b10-40f64bb54551', '4f875fb8-3fbb-4b4d-b6d6-c0f1c904d4d1', '359fbc36-81ce-4512-8bf7-d219d0ef9e7c');
INSERT INTO "MenuItemCustomizationGroup" ("id", "menu_item_id", "customization_group_id") VALUES ('9167f140-cf01-4e3c-8e84-2ef5d49c50f9', 'b31cf11f-519d-4f6c-a7fb-075808a16ef8', '359fbc36-81ce-4512-8bf7-d219d0ef9e7c');
INSERT INTO "MenuItemCustomizationGroup" ("id", "menu_item_id", "customization_group_id") VALUES ('bd97c424-b5fc-4ce8-a121-382724909ad1', 'a6014894-79c3-496d-a39c-8fffcd93b3d5', '359fbc36-81ce-4512-8bf7-d219d0ef9e7c');
INSERT INTO "MenuItemCustomizationGroup" ("id", "menu_item_id", "customization_group_id") VALUES ('bb68896f-52c7-4ef5-bd63-e1d0939bd29a', 'c0acb9a0-ed2d-4fa7-b0c2-c4d078333ff6', '359fbc36-81ce-4512-8bf7-d219d0ef9e7c');
INSERT INTO "MenuItemCustomizationGroup" ("id", "menu_item_id", "customization_group_id") VALUES ('33945b83-a815-4d94-92fa-51470f3fea78', 'd6a48c95-117c-49b0-943a-91b65315f057', '359fbc36-81ce-4512-8bf7-d219d0ef9e7c');
INSERT INTO "MenuItemCustomizationGroup" ("id", "menu_item_id", "customization_group_id") VALUES ('664ab420-80c3-47de-a271-9e8cf7fbd9a0', 'f4050374-7054-4c2c-8318-0ef402d69fea', '359fbc36-81ce-4512-8bf7-d219d0ef9e7c');
INSERT INTO "MenuItemCustomizationGroup" ("id", "menu_item_id", "customization_group_id") VALUES ('3709e218-c981-4463-943d-872a4a67f01d', '7a7ef6aa-6ede-4e0b-9422-b45c7f477ccf', '359fbc36-81ce-4512-8bf7-d219d0ef9e7c');
INSERT INTO "MenuItemCustomizationGroup" ("id", "menu_item_id", "customization_group_id") VALUES ('5371f741-8017-440c-a006-602aaa1f70ca', 'e24d61bf-4839-41b3-8ec9-232742c67637', '359fbc36-81ce-4512-8bf7-d219d0ef9e7c');
INSERT INTO "MenuItemCustomizationGroup" ("id", "menu_item_id", "customization_group_id") VALUES ('603d7bd5-8354-4649-9917-339ff79d7c34', '2aa12dda-f410-4beb-96c8-bf7574531373', '359fbc36-81ce-4512-8bf7-d219d0ef9e7c');
INSERT INTO "MenuItemCustomizationGroup" ("id", "menu_item_id", "customization_group_id") VALUES ('ebc35bbe-18ae-4344-bf14-acaa514ee5f7', '9c7b9c3e-f39c-430e-9fa1-0839cad43444', '359fbc36-81ce-4512-8bf7-d219d0ef9e7c');
INSERT INTO "MenuItemCustomizationGroup" ("id", "menu_item_id", "customization_group_id") VALUES ('7d889eeb-6ac8-48db-98df-c72aa6dc8004', '74252e35-bad7-4f15-b6b4-8ccafbcbcd5c', '359fbc36-81ce-4512-8bf7-d219d0ef9e7c');
INSERT INTO "MenuItemCustomizationGroup" ("id", "menu_item_id", "customization_group_id") VALUES ('8b6638bd-6d2f-4788-85c0-cc588e7f026a', '62297b1d-a907-466c-a723-5ec913ea5913', '359fbc36-81ce-4512-8bf7-d219d0ef9e7c');
INSERT INTO "MenuItemCustomizationGroup" ("id", "menu_item_id", "customization_group_id") VALUES ('413651eb-da22-4fc9-85bf-64afd4ba8eb7', '51c8d30b-a55d-42d0-969c-a0457d88930d', '359fbc36-81ce-4512-8bf7-d219d0ef9e7c');
INSERT INTO "MenuItemCustomizationGroup" ("id", "menu_item_id", "customization_group_id") VALUES ('9dbc1e80-0687-451a-b919-d2e2af09d388', '1d681383-6b92-4389-8c89-82db290a99c8', '359fbc36-81ce-4512-8bf7-d219d0ef9e7c');
INSERT INTO "MenuItemCustomizationGroup" ("id", "menu_item_id", "customization_group_id") VALUES ('302ecd7a-239e-4b86-bac3-aa9c6735294a', '039acc72-000f-4f8d-b29a-506cf6812fb0', '359fbc36-81ce-4512-8bf7-d219d0ef9e7c');
INSERT INTO "MenuItemCustomizationGroup" ("id", "menu_item_id", "customization_group_id") VALUES ('a5461b13-383e-4792-bbc9-b1c249951bd8', 'a85b0098-4ae8-45a8-949d-1c56dbaf6467', '359fbc36-81ce-4512-8bf7-d219d0ef9e7c');
INSERT INTO "MenuItemCustomizationGroup" ("id", "menu_item_id", "customization_group_id") VALUES ('a8d357cf-d890-4837-9ea6-cef91551a6f3', '4b947467-bcd9-47a9-8762-02eb87430aee', '359fbc36-81ce-4512-8bf7-d219d0ef9e7c');
INSERT INTO "MenuItemCustomizationGroup" ("id", "menu_item_id", "customization_group_id") VALUES ('77b4334f-9e04-4522-b2b7-42383b041c5b', 'be95e41f-1a14-488d-a85c-e4b3c1c5b4d7', '359fbc36-81ce-4512-8bf7-d219d0ef9e7c');
INSERT INTO "MenuItemCustomizationGroup" ("id", "menu_item_id", "customization_group_id") VALUES ('e43ae2f7-a22b-4b9c-976a-ebbc151c9429', '5cfbb96f-7a6a-4fbf-afed-f7dcac27d461', '359fbc36-81ce-4512-8bf7-d219d0ef9e7c');
INSERT INTO "MenuItemCustomizationGroup" ("id", "menu_item_id", "customization_group_id") VALUES ('9bb744df-dfbf-4e61-ae6b-b087f2b3632d', 'e6f225cf-6e31-496e-b0e8-6082db469766', '359fbc36-81ce-4512-8bf7-d219d0ef9e7c');
INSERT INTO "MenuItemCustomizationGroup" ("id", "menu_item_id", "customization_group_id") VALUES ('e92b717f-bbcc-4d0e-9871-93c0b29c8151', '8afacb19-6f69-4636-8f46-744c7123b061', '359fbc36-81ce-4512-8bf7-d219d0ef9e7c');
INSERT INTO "MenuItemCustomizationGroup" ("id", "menu_item_id", "customization_group_id") VALUES ('3e384687-c55d-4654-b833-2d880053b388', 'bc3cddb6-e21d-4bbc-bbc9-e7f4a4e84695', '359fbc36-81ce-4512-8bf7-d219d0ef9e7c');
INSERT INTO "MenuItemCustomizationGroup" ("id", "menu_item_id", "customization_group_id") VALUES ('2acc4dc6-d1f3-412b-a49d-4d322e0ffd64', '097fed1c-43e0-4162-8fea-ec85de691ee6', '359fbc36-81ce-4512-8bf7-d219d0ef9e7c');
INSERT INTO "MenuItemCustomizationGroup" ("id", "menu_item_id", "customization_group_id") VALUES ('6d6b4387-1d5d-4afd-89c7-c3206055d9f3', 'b0fdfa91-c448-4a20-824a-55acd9143f74', '359fbc36-81ce-4512-8bf7-d219d0ef9e7c');
INSERT INTO "MenuItemCustomizationGroup" ("id", "menu_item_id", "customization_group_id") VALUES ('889ab6e2-c473-40fd-b6a3-4352fbfda9ca', 'e7dfdb64-91c7-49c5-8b89-2c8715388af6', '359fbc36-81ce-4512-8bf7-d219d0ef9e7c');
INSERT INTO "MenuItemCustomizationGroup" ("id", "menu_item_id", "customization_group_id") VALUES ('94c29ca0-01f6-457f-a825-11ee7248e8a1', '8eedcbc2-c902-42f6-be6d-2acac683f050', '359fbc36-81ce-4512-8bf7-d219d0ef9e7c');
INSERT INTO "MenuItemCustomizationGroup" ("id", "menu_item_id", "customization_group_id") VALUES ('a208b7a5-9be9-4c7e-a36a-ea6e79ddfde4', '9487c4d3-da4e-4a16-a6fb-7f701f6f1ff0', '359fbc36-81ce-4512-8bf7-d219d0ef9e7c');
INSERT INTO "MenuItemCustomizationGroup" ("id", "menu_item_id", "customization_group_id") VALUES ('c67a808a-9d48-424a-88b1-89d92460ccff', 'f70d3434-fd3d-4ee8-b9f5-fece935a0f95', '359fbc36-81ce-4512-8bf7-d219d0ef9e7c');
INSERT INTO "MenuItemCustomizationGroup" ("id", "menu_item_id", "customization_group_id") VALUES ('9ab413d7-ad4b-424b-9a46-4eaaedc24456', 'ae9fcaf6-525d-4c46-a4b0-fa65e14e243b', '359fbc36-81ce-4512-8bf7-d219d0ef9e7c');
INSERT INTO "MenuItemCustomizationGroup" ("id", "menu_item_id", "customization_group_id") VALUES ('61495586-5532-469a-a99d-a2dcf7463631', '9b9a2aeb-7abe-4c8c-b83f-f1d9e59494cc', '359fbc36-81ce-4512-8bf7-d219d0ef9e7c');
INSERT INTO "MenuItemCustomizationGroup" ("id", "menu_item_id", "customization_group_id") VALUES ('c60d452d-ffc7-4dc7-92fd-d7746b3db814', '0d55d58a-a107-4285-a157-a20fd3896e4b', '359fbc36-81ce-4512-8bf7-d219d0ef9e7c');
INSERT INTO "MenuItemCustomizationGroup" ("id", "menu_item_id", "customization_group_id") VALUES ('760f9ee1-0c27-47c8-a305-90ecc5ec8fe3', '168b06f4-b6e1-4e5a-b8b6-9891e7bc83ed', '359fbc36-81ce-4512-8bf7-d219d0ef9e7c');
INSERT INTO "MenuItemCustomizationGroup" ("id", "menu_item_id", "customization_group_id") VALUES ('667981f5-1ca0-4fd8-915e-54855690e89e', '687f649b-b002-4832-ae21-cd547abf7412', '359fbc36-81ce-4512-8bf7-d219d0ef9e7c');
INSERT INTO "MenuItemCustomizationGroup" ("id", "menu_item_id", "customization_group_id") VALUES ('d7dee6d8-81c9-40ff-b327-55f6a43f1030', '4a7a69fe-3a7d-4f68-826d-14f81dc0b558', '359fbc36-81ce-4512-8bf7-d219d0ef9e7c');
INSERT INTO "Settings" ("id", "key", "value", "value_type", "category", "description", "created_at", "updated_at") VALUES ('6fe1d676-33f7-49e2-9875-c9a6584617bb', 'system.initialized', 'true', 'boolean', 'system', 'Indicates if the initial setup has been completed.', 1768818536240, NULL);
INSERT INTO "stores" ("id", "name", "language", "currency", "timezone", "brand_name", "logo_url", "address", "created_at", "updated_at") VALUES ('9c7362f4-604f-48bb-8b9a-4500b8aa1632', 'ក្អមកាហ្វេកាហ្វេតាខ្មៅ', 'km', 'KHR', 'Asia/Phnom_Penh', NULL, NULL, NULL, 1768818536183, NULL);
